uf,codigo_municipio,municipio,CÓDIGO DO MUNICÍPIO - IBGE,populacao,estabelecimentos_food_service,food_service_por_100mil,estabelecimentos_recentes,taxa_recencia,porte_dominante,porte_maior,taxa_porte_maior,Microempresa,Empresa de Pequeno Porte,Demais,Não informado,Não encontrado,segmento_dominante,total_segmentos,Alimentação preparada,Cantinas,Catering empresarial,Eventos e buffet,Lanchonetes,Outros Food Service,Padarias e confeitaria,Restaurantes
SP,7107,SAO PAULO,3550308.0,11911337.0,151492,1271.8303579186788,74560,49.21712037599345,Microempresa,16330,10.779447099516807,135162,10849,5481,0,0,Alimentação preparada,151492,35840,1118,5548,4721,33003,22268,16575,32419
RJ,6001,RIO DE JANEIRO,3304557.0,6731133.0,87227,1295.8739635660147,41061,47.07372717163263,Microempresa,7465,8.558129936831484,79762,4510,2955,0,0,Alimentação preparada,87227,22646,1111,3431,2999,18813,12466,9505,16256
DF,9701,BRASILIA,5300108.0,3009996.0,32031,1064.1542380787216,15235,47.56329805500921,Microempresa,3033,9.468951952795729,28998,2098,935,0,0,Lanchonetes,32031,4855,136,933,1117,8255,5524,3131,8080
MG,4123,BELO HORIZONTE,3106200.0,2415451.0,29783,1233.020251704547,14167,47.567404223886115,Microempresa,2404,8.071718765738844,27379,1678,726,0,0,Restaurantes,29783,6451,135,889,968,6865,3661,3599,7215
BA,3849,SALVADOR,2927408.0,2559945.0,27352,1068.4604552050923,13123,47.97821000292483,Microempresa,1116,4.080140391927464,26236,647,469,0,0,Alimentação preparada,27352,6516,99,1180,938,4448,5062,3293,5816
CE,1389,FORTALEZA,2304400.0,2582360.0,25888,1002.4938428414318,13373,51.657138442521635,Microempresa,1163,4.492428924598269,24725,697,466,0,0,Lanchonetes,25888,4730,166,681,804,6328,4265,2660,6254
PR,7535,CURITIBA,4106902.0,1832183.0,23365,1275.2547098188336,10865,46.50117697410657,Microempresa,1684,7.207361438048363,21681,978,706,0,0,Lanchonetes,23365,4853,166,796,578,5733,2866,2737,5636
GO,9373,GOIANIA,5208707.0,1511709.0,19397,1283.1173195370272,10920,56.29736557199567,Microempresa,893,4.603804712068876,18504,591,302,0,0,Restaurantes,19397,3527,89,655,644,4901,2286,1996,5299
AM,255,MANAUS,1302603.0,2327101.0,18080,776.9323291081909,10528,58.23008849557522,Microempresa,1753,9.695796460176991,16327,1275,478,0,0,Restaurantes,18080,3206,122,1196,562,4352,2428,1495,4719
RS,8801,PORTO ALEGRE,4314902.0,1388791.0,15520,1117.5187627223968,7217,46.501288659793815,Microempresa,1875,12.081185567010309,13645,1317,558,0,0,Restaurantes,15520,3289,88,600,367,3683,1789,1630,4074
PE,2531,RECIFE,2611606.0,1588983.0,15482,974.3338978453513,7539,48.695259010463765,Microempresa,1368,8.836067691512724,14114,902,466,0,0,Lanchonetes,15482,2958,71,641,341,4423,2335,1557,3156
SP,6477,GUARULHOS,3518800.0,1351284.0,15193,1124.3380370077646,7974,52.48469689988811,Microempresa,1021,6.720200092147699,14172,557,464,0,0,Alimentação preparada,15193,3424,138,593,396,3145,2395,1958,3144
SP,6291,CAMPINAS,3509502.0,1189761.0,14329,1204.3595310318628,6733,46.98862446786238,Microempresa,1386,9.672691744015632,12943,854,532,0,0,Lanchonetes,14329,3113,131,526,430,3820,1807,1657,2845
PA,427,BELEM,1501402.0,1396157.0,11161,799.4086624928285,5816,52.11002598333483,Microempresa,807,7.230534898306604,10354,608,199,0,0,Restaurantes,11161,2359,27,540,379,2170,1623,840,3223
MS,9051,CAMPO GRANDE,5002704.0,970843.0,10911,1123.868637874507,5921,54.266336724406564,Microempresa,643,5.893135367977271,10268,523,120,0,0,Lanchonetes,10911,2509,80,329,405,2584,1355,1162,2487
RJ,5897,SAO GONCALO,3304904.0,959977.0,10897,1135.1313625222272,6053,55.54739836652289,Microempresa,229,2.101495824538864,10668,148,81,0,0,Alimentação preparada,10897,3150,53,385,277,2433,1470,1479,1650
SC,8105,FLORIANOPOLIS,4205407.0,598370.0,10875,1817.437371525979,5595,51.44827586206897,Microempresa,991,9.11264367816092,9884,842,149,0,0,Restaurantes,10875,2423,53,287,272,2661,1486,880,2813
RJ,5833,DUQUE DE CAXIAS,3301702.0,866167.0,10585,1222.0507130841975,5740,54.22768068020785,Microempresa,388,3.665564478034955,10197,233,155,0,0,Alimentação preparada,10585,2674,47,364,229,2350,1779,1423,1719
RJ,5869,NOVA IGUACU,3303500.0,843367.0,10293,1220.4651118670756,5940,57.709122704750804,Microempresa,297,2.88545613523754,9996,200,97,0,0,Alimentação preparada,10293,2650,48,290,303,2264,1725,1280,1733
AL,2785,MACEIO,2704302.0,995134.0,10202,1025.1885675697947,5076,49.754950009802,Microempresa,538,5.273475789060968,9664,419,119,0,0,Lanchonetes,10202,1666,35,374,284,2732,1600,1224,2287
SP,6969,RIBEIRAO PRETO,3543402.0,734538.0,9755,1328.0456559088843,4789,49.092772936955406,Microempresa,581,5.955920041004613,9174,339,242,0,0,Alimentação preparada,9755,2164,68,290,313,2031,1950,900,2039
MT,9067,CUIABA,5103403.0,698917.0,9154,1309.7406415926355,4968,54.2713567839196,Microempresa,748,8.17129123880271,8406,580,168,0,0,Restaurantes,9154,1815,59,360,298,2060,1561,821,2180
SP,7145,SOROCABA,3552205.0,766390.0,9118,1189.7336865042603,4582,50.2522483000658,Microempresa,575,6.306207501645098,8543,362,213,0,0,Alimentação preparada,9118,2433,84,363,308,2112,1270,1027,1521
SP,6789,OSASCO,3534401.0,761441.0,8961,1176.8475824128197,4633,51.70181899341591,Microempresa,545,6.0819105010601495,8416,348,197,0,0,Alimentação preparada,8961,2038,48,356,329,1947,1432,1040,1771
PB,2051,JOAO PESSOA,2507507.0,906093.0,8890,981.135490507045,4702,52.89088863892013,Microempresa,393,4.4206974128233965,8497,277,116,0,0,Lanchonetes,8890,1733,33,318,210,2407,1179,1056,1954
RN,1761,NATAL,2408102.0,783196.0,8455,1079.5509680846174,4052,47.924305144884684,Microempresa,487,5.759905381431106,7968,332,155,0,0,Lanchonetes,8455,1682,104,252,238,2147,1315,791,1926
MA,921,SAO LUIS,2111300.0,1090229.0,8270,758.5562299296753,4181,50.55622732769045,Microempresa,501,6.058041112454656,7769,334,167,0,0,Restaurantes,8270,1279,34,358,265,2113,1117,793,2311
MG,5403,UBERLANDIA,3170206.0,768339.0,8112,1055.7839703568347,4504,55.522682445759365,Microempresa,502,6.18836291913215,7610,350,152,0,0,Restaurantes,8112,1602,48,297,214,1892,1170,973,1916
SP,7075,SAO BERNARDO DO CAMPO,3548708.0,842558.0,7733,917.800317604248,3492,45.15711884132937,Microempresa,705,9.116772274667012,7028,429,276,0,0,Alimentação preparada,7733,1832,80,367,225,1666,964,1049,1550
SP,7099,SAO JOSE DOS CAMPOS,3549904.0,729153.0,7707,1056.979810821597,3716,48.215907616452576,Microempresa,541,7.0195925781756845,7166,378,163,0,0,Lanchonetes,7707,1948,53,291,297,1959,912,878,1369
RJ,5865,NITEROI,3303302.0,516820.0,7642,1478.6579466738904,3371,44.11148913896886,Microempresa,675,8.832766291546717,6967,455,220,0,0,Alimentação preparada,7642,2059,83,328,253,1717,882,820,1500
SP,7057,SANTO ANDRE,3547809.0,784290.0,7588,967.4992668528223,3481,45.87506589351607,Microempresa,631,8.315761729045862,6957,407,224,0,0,Alimentação preparada,7588,1932,68,264,232,1687,893,1009,1503
MG,4371,CONTAGEM,3118601.0,652973.0,7547,1155.790515074896,3812,50.510136478070756,Microempresa,423,5.604876109712468,7124,241,182,0,0,Alimentação preparada,7547,1699,35,291,223,1662,1097,935,1605
ES,5703,VILA VELHA,3205200.0,510512.0,7231,1416.421161500611,3684,50.94731019222791,Microempresa,303,4.190291799197897,6928,215,88,0,0,Lanchonetes,7231,1572,35,241,216,1651,1310,847,1359
ES,5699,SERRA,3205002.0,586901.0,7132,1215.1964300623104,3876,54.34660684240045,Microempresa,245,3.4352215367358383,6887,145,100,0,0,Outros Food Service,7132,1521,25,265,220,1520,1579,882,1120
MG,4733,JUIZ DE FORA,3136702.0,569588.0,7047,1237.2100535825894,3339,47.381864623243935,Microempresa,284,4.030083723570313,6763,223,61,0,0,Lanchonetes,7047,1583,61,157,182,1751,1122,802,1389
PI,1219,TERESINA,2211001.0,908012.0,6934,763.6462954234086,3395,48.96163830400923,Microempresa,415,5.985001442169023,6519,325,90,0,0,Restaurantes,6934,1158,23,244,216,1621,759,905,2008
SP,7121,SAO VICENTE,3551009.0,338253.0,6822,2016.8335535826732,4994,73.20433890354735,Microempresa,96,1.4072119613016711,6726,67,29,0,0,Restaurantes,6822,1363,35,116,104,922,809,484,2989
SP,6921,PRAIA GRANDE,3541000.0,371190.0,6787,1828.44365419327,4186,61.676734934433476,Microempresa,205,3.0204803300427288,6582,140,65,0,0,Restaurantes,6787,1493,34,137,134,1272,1172,650,1895
PR,7667,LONDRINA,4113700.0,584465.0,6624,1133.3441694541161,3289,49.65277777777778,Microempresa,465,7.019927536231885,6159,295,170,0,0,Lanchonetes,6624,1259,72,184,223,1734,967,742,1443
SP,7071,SANTOS,3548500.0,429528.0,6540,1522.601553332961,3399,51.97247706422018,Microempresa,512,7.82874617737003,6028,346,166,0,0,Restaurantes,6540,1569,96,221,174,1168,796,568,1948
SC,8179,JOINVILLE,4209102.0,673980.0,6401,949.7314460369744,3451,53.91345102327762,Microempresa,457,7.13950945164818,5944,312,145,0,0,Lanchonetes,6401,1497,24,291,152,1571,823,765,1278
SE,3105,ARACAJU,2800308.0,623328.0,6233,999.9550798295601,2983,47.85817423391625,Microempresa,316,5.069789828333066,5917,213,103,0,0,Restaurantes,6233,1253,24,198,197,1477,843,750,1491
GO,9227,APARECIDA DE GOIANIA,5201405.0,560996.0,6164,1098.7600624603385,3991,64.74691758598313,Microempresa,125,2.0279039584685266,6039,83,42,0,0,Lanchonetes,6164,1190,14,240,241,1522,981,616,1360
SP,7097,SAO JOSE DO RIO PRETO,3549805.0,506466.0,5704,1126.235522226566,2850,49.96493688639551,Microempresa,245,4.29523141654979,5459,139,106,0,0,Lanchonetes,5704,1268,73,140,170,1527,730,682,1114
SP,6619,JUNDIAI,3525904.0,465277.0,5380,1156.3004403828256,2518,46.80297397769517,Microempresa,546,10.148698884758364,4834,298,248,0,0,Lanchonetes,5380,1137,61,267,192,1263,854,645,961
BA,3515,FEIRA DE SANTANA,2910800.0,663408.0,5312,800.7138894918361,2367,44.55948795180723,Microempresa,217,4.085090361445784,5095,153,64,0,0,Restaurantes,5312,994,29,192,133,1048,974,657,1285
SP,6713,MOGI DAS CRUZES,3530607.0,472255.0,5296,1121.4280420535515,2750,51.92598187311178,Microempresa,271,5.117069486404834,5025,199,72,0,0,Alimentação preparada,5296,1261,50,184,167,1219,717,665,1033
PR,7691,MARINGA,4115200.0,432635.0,5072,1172.3508269095196,2201,43.39511041009464,Microempresa,403,7.945583596214512,4669,283,120,0,0,Lanchonetes,5072,964,43,136,203,1443,611,616,1056
PE,2457,JABOATAO DOS GUARARAPES,2607901.0,685222.0,4941,721.0801754759772,2592,52.459016393442624,Microempresa,169,3.420360250961344,4772,105,64,0,0,Lanchonetes,4941,996,17,205,131,1249,800,607,936
SP,6475,GUARUJA,3518701.0,294780.0,4853,1646.3125042404506,2786,57.40778899649701,Microempresa,147,3.029054193282506,4706,92,55,0,0,Restaurantes,4853,1035,26,115,103,1046,764,414,1350
RJ,5901,SAO JOAO DE MERITI,3305109.0,466487.0,4841,1037.7566791786267,2530,52.26192935343937,Microempresa,119,2.458169799628176,4722,55,64,0,0,Alimentação preparada,4841,1315,12,165,143,1025,924,576,681
SP,6219,BAURU,3506003.0,394028.0,4802,1218.6951181134336,2203,45.87671803415244,Microempresa,233,4.852144939608497,4569,132,101,0,0,Alimentação preparada,4802,1213,50,186,171,1159,784,545,694
ES,5705,VITORIA,3205309.0,343935.0,4783,1390.6697486443659,2251,47.0625130671127,Microempresa,420,8.781099728204056,4363,283,137,0,0,Lanchonetes,4783,890,46,158,137,1139,896,461,1056
RJ,5853,MARICA,3302700.0,212703.0,4665,2193.1989675745053,2670,57.234726688102896,Microempresa,69,1.4790996784565917,4596,56,13,0,0,Alimentação preparada,4665,1552,13,136,149,761,861,545,648
SP,6875,PIRACICABA,3538709.0,442635.0,4536,1024.7721034260735,2161,47.64109347442681,Microempresa,298,6.569664902998236,4238,172,126,0,0,Alimentação preparada,4536,1050,48,181,168,996,786,525,782
MG,4133,BETIM,3106705.0,433902.0,4507,1038.7138109527036,2407,53.405813179498566,Microempresa,192,4.260039937874418,4315,104,88,0,0,Lanchonetes,4507,932,17,186,138,1069,590,559,1016
RJ,5819,CAMPOS DOS GOYTACAZES,3301009.0,519378.0,4478,862.1851522397945,2002,44.7074586869138,Microempresa,131,2.925413130861992,4347,88,43,0,0,Lanchonetes,4478,817,18,128,101,1370,871,358,815
RS,8599,CAXIAS DO SUL,4305108.0,479604.0,4441,925.972260448203,2238,50.394055392929516,Microempresa,424,9.547399234406665,4017,298,126,0,0,Restaurantes,4441,825,22,205,94,976,604,713,1002
GO,9221,ANAPOLIS,5201108.0,424647.0,4376,1030.5029824772105,2397,54.77605118829981,Microempresa,156,3.5648994515539303,4220,105,51,0,0,Lanchonetes,4376,722,20,127,146,1199,643,462,1057
RO,3,PORTO VELHO,1100205.0,520379.0,4293,824.975642752686,2472,57.582110412299095,Microempresa,221,5.147915210808293,4072,160,61,0,0,Restaurantes,4293,708,17,142,108,972,746,382,1218
SP,6213,BARUERI,3505708.0,336015.0,4285,1275.2406886597323,2180,50.87514585764295,Microempresa,620,14.469078179696615,3665,368,252,0,0,Restaurantes,4285,980,26,228,116,935,434,491,1075
RJ,2909,BELFORD ROXO,3300456.0,518442.0,4242,818.2207460043746,2421,57.07213578500707,Microempresa,77,1.8151815181518154,4165,53,24,0,0,Alimentação preparada,4242,1062,12,120,119,898,918,506,607
SP,6377,DIADEMA,3513801.0,403802.0,4201,1040.3613652235501,2091,49.773863365865274,Microempresa,246,5.855748631278267,3955,145,101,0,0,Alimentação preparada,4201,966,48,197,99,797,588,565,941
RJ,5813,CABO FRIO,3300704.0,236772.0,4106,1734.157755139966,2123,51.704822211397946,Microempresa,114,2.7764247442766683,3992,79,35,0,0,Lanchonetes,4106,806,18,96,89,1118,620,370,989
ES,5625,CARIACICA,3201308.0,376914.0,3992,1059.1275463368302,1938,48.547094188376754,Microempresa,98,2.4549098196392785,3894,59,39,0,0,Outros Food Service,3992,823,15,143,110,876,982,426,617
SC,8327,SAO JOSE,4216602.0,301218.0,3985,1322.9621071781899,2252,56.51191969887076,Microempresa,277,6.951066499372647,3708,224,53,0,0,Lanchonetes,3985,1005,15,118,96,1033,514,419,785
RS,8589,CANOAS,4304606.0,359845.0,3950,1097.6948408342482,2011,50.911392405063296,Microempresa,287,7.265822784810126,3663,165,122,0,0,Alimentação preparada,3950,944,30,220,77,840,647,462,730
MG,4865,MONTES CLAROS,3143302.0,440700.0,3937,893.3514862718401,2048,52.01930403860807,Microempresa,115,2.921005842011684,3822,73,42,0,0,Lanchonetes,3937,731,7,107,132,1184,544,470,762
SP,6313,CARAPICUIBA,3510609.0,398772.0,3924,984.0209442989978,2009,51.19775739041794,Microempresa,104,2.650356778797146,3820,69,35,0,0,Alimentação preparada,3924,993,46,106,125,830,545,486,793
SC,8161,ITAJAI,4208203.0,302247.0,3908,1292.9822297657213,2159,55.24564994882293,Microempresa,284,7.267144319344933,3624,177,107,0,0,Alimentação preparada,3908,889,19,192,83,755,835,362,773
PR,7885,SAO JOSE DOS PINHAIS,4125506.0,353874.0,3885,1097.848386713915,1989,51.1969111969112,Microempresa,248,6.383526383526384,3637,115,133,0,0,Lanchonetes,3885,800,10,164,83,809,790,477,752
RJ,5877,PETROPOLIS,3303906.0,294954.0,3883,1316.4764675169688,1642,42.28689157867628,Microempresa,165,4.2492917847025495,3718,122,43,0,0,Alimentação preparada,3883,977,34,113,110,771,630,452,796
TO,9733,PALMAS,1721000.0,333154.0,3802,1141.2139731175373,1858,48.86901630720673,Microempresa,226,5.944239873750658,3576,183,43,0,0,Outros Food Service,3802,456,22,124,161,891,959,249,940
PR,7563,FOZ DO IGUACU,4108304.0,299112.0,3770,1260.3974430982375,1950,51.724137931034484,Microempresa,224,5.941644562334218,3546,146,78,0,0,Lanchonetes,3770,807,31,76,96,1026,597,330,807
PA,415,ANANINDEUA,1500800.0,510563.0,3728,730.1743369574372,2095,56.19635193133047,Microempresa,162,4.345493562231759,3566,137,25,0,0,Restaurantes,3728,847,10,161,168,718,587,365,872
SP,7183,TAUBATE,3554102.0,323380.0,3722,1150.967901539984,1806,48.52229983879634,Microempresa,137,3.680816765180011,3585,79,58,0,0,Alimentação preparada,3722,908,43,113,117,894,538,425,684
BA,3965,VITORIA DA CONQUISTA,2933307.0,398970.0,3596,901.3209013209013,1769,49.193548387096776,Microempresa,117,3.2536151279199106,3479,88,29,0,0,Restaurantes,3596,737,16,109,110,776,710,348,790
PB,1981,CAMPINA GRANDE,2504009.0,446720.0,3584,802.2922636103151,1857,51.81361607142857,Microempresa,127,3.5435267857142856,3457,92,35,0,0,Lanchonetes,3584,778,17,112,90,990,547,420,630
PR,7777,PONTA GROSSA,4119905.0,378527.0,3509,927.0144533943418,1735,49.44428612140211,Microempresa,168,4.7876888002279845,3341,94,74,0,0,Lanchonetes,3509,765,32,105,85,938,538,341,705
RS,8791,PELOTAS,4314407.0,336150.0,3497,1040.3093856909118,1691,48.35573348584501,Microempresa,163,4.661138118387189,3334,125,38,0,0,Alimentação preparada,3497,836,22,101,76,774,598,460,630
MG,5401,UBERABA,3170107.0,359275.0,3451,960.5455431076474,1812,52.506519849319034,Microempresa,220,6.374963778614894,3231,144,76,0,0,Lanchonetes,3451,720,25,104,109,908,417,411,757
SP,6689,MAUA,3529401.0,429064.0,3416,796.1516230678874,1704,49.88290398126464,Microempresa,192,5.620608899297424,3224,98,94,0,0,Alimentação preparada,3416,874,27,155,78,680,491,484,627
RJ,5847,MACAE,3302403.0,264583.0,3402,1285.7968954921519,1781,52.35155790711347,Microempresa,158,4.644326866549089,3244,100,58,0,0,Lanchonetes,3402,717,12,166,78,827,441,364,797
SP,6425,FRANCA,3516200.0,366534.0,3368,918.8779212842466,1605,47.65439429928741,Microempresa,98,2.9097387173396676,3270,72,26,0,0,Lanchonetes,3368,731,19,96,117,893,457,391,664
SP,6639,LIMEIRA,3526902.0,301780.0,3352,1110.7429253098285,1602,47.792362768496425,Microempresa,224,6.682577565632458,3128,136,88,0,0,Lanchonetes,3352,679,33,150,86,790,640,424,550
SP,7151,SUZANO,3552502.0,321600.0,3325,1033.8930348258707,1692,50.88721804511278,Microempresa,119,3.578947368421052,3206,71,48,0,0,Lanchonetes,3325,684,23,116,87,814,515,394,692
SP,6361,COTIA,3513009.0,291704.0,3288,1127.1700079532677,1708,51.94647201946472,Microempresa,267,8.120437956204379,3021,161,106,0,0,Restaurantes,3288,736,15,174,101,679,362,409,812
RR,301,BOA VISTA,1400100.0,500965.0,3270,652.7402113920134,1788,54.67889908256881,Microempresa,169,5.1681957186544345,3101,149,20,0,0,Restaurantes,3270,480,12,105,134,940,383,237,979
RJ,5925,VOLTA REDONDA,3306305.0,280006.0,3255,1162.4750898195039,1571,48.2642089093702,Microempresa,126,3.870967741935484,3129,87,39,0,0,Lanchonetes,3255,676,24,94,74,862,546,339,640
SC,8233,PALHOCA,4211900.0,261287.0,3235,1238.1021635213385,1866,57.68160741885626,Microempresa,159,4.91499227202473,3076,116,43,0,0,Lanchonetes,3235,763,24,105,69,929,439,326,580
PE,2491,OLINDA,2609600.0,364087.0,3217,883.5800234559323,1663,51.69412496114393,Microempresa,112,3.481504507304942,3105,85,27,0,0,Lanchonetes,3217,705,13,129,100,832,517,350,571
AP,605,MACAPA,1600303.0,491987.0,3189,648.1878586222806,1839,57.66698024459078,Microempresa,190,5.957980558168705,2999,174,16,0,0,Restaurantes,3189,471,12,115,96,744,447,267,1037
SC,8047,BLUMENAU,4202404.0,390371.0,3152,807.4370278529912,1669,52.950507614213194,Microempresa,346,10.97715736040609,2806,217,129,0,0,Alimentação preparada,3152,878,14,138,89,711,269,346,707
PR,7493,CASCAVEL,4104808.0,372026.0,3149,846.4462161246795,1673,53.127977135598606,Microempresa,250,7.9390282629406155,2899,199,51,0,0,Lanchonetes,3149,617,19,90,119,785,418,347,754
MG,4553,GOVERNADOR VALADARES,3127701.0,266478.0,3134,1176.0820780702347,1509,48.14932992980217,Microempresa,84,2.6802807913209956,3050,69,15,0,0,Lanchonetes,3134,631,26,69,71,904,402,383,648
MG,5091,RIBEIRAO DAS NEVES,3154606.0,348996.0,3110,891.1276920079314,1793,57.65273311897106,Microempresa,64,2.057877813504823,3046,41,23,0,0,Alimentação preparada,3110,735,6,93,104,669,539,420,544
SP,6563,ITAQUAQUECETUBA,3523107.0,384436.0,3061,796.2313623073801,1726,56.386801698791245,Microempresa,119,3.8876184253511923,2942,78,41,0,0,Alimentação preparada,3061,688,24,89,76,637,506,424,617
PE,2513,PAULISTA,2610707.0,367155.0,3025,823.902711388923,1746,57.719008264462815,Microempresa,73,2.4132231404958677,2952,55,18,0,0,Lanchonetes,3025,576,17,106,99,787,502,389,549
PE,2521,PETROLINA,2611101.0,422461.0,3002,710.5981380529801,1493,49.733510992671555,Microempresa,162,5.396402398401066,2840,134,28,0,0,Lanchonetes,3002,447,16,97,51,846,441,313,791
BA,3685,LAURO DE FREITAS,2919207.0,221023.0,2971,1344.2039968691042,1564,52.64220801077079,Microempresa,109,3.668798384382363,2862,66,43,0,0,Alimentação preparada,2971,702,14,153,88,556,430,362,666
MT,9167,VARZEA GRANDE,5108402.0,323172.0,2948,912.2077407696211,1652,56.03799185888738,Microempresa,145,4.918588873812754,2803,102,43,0,0,Lanchonetes,2948,633,14,115,86,654,487,330,629
SP,7079,SAO CARLOS,3548906.0,267441.0,2937,1098.186141990196,1293,44.024514811031665,Microempresa,162,5.515832482124617,2775,82,80,0,0,Lanchonetes,2937,580,17,88,85,698,583,329,557
SP,7149,SUMARE,3552403.0,292307.0,2925,1000.6602647216796,1489,50.9059829059829,Microempresa,120,4.102564102564102,2805,81,39,0,0,Lanchonetes,2925,618,28,137,83,730,472,400,457
SP,2951,HORTOLANDIA,3519071.0,250195.0,2921,1167.4893583005255,1601,54.8099965765149,Microempresa,95,3.252310852447792,2826,60,35,0,0,Alimentação preparada,2921,715,11,97,61,659,494,396,488
PE,2381,CARUARU,2604106.0,408281.0,2919,714.9487730264206,1533,52.51798561151079,Microempresa,129,4.419321685508735,2790,97,32,0,0,Lanchonetes,2919,477,11,90,71,819,365,376,710
SC,8039,BALNEARIO CAMBORIU,4202008.0,154525.0,2905,1879.9546998867495,1455,50.08605851979346,Microempresa,361,12.426850258175559,2544,273,88,0,0,Restaurantes,2905,462,9,78,52,899,278,183,944
SP,7157,TABOAO DA SERRA,3552809.0,286201.0,2902,1013.972697509792,1485,51.17160578911096,Microempresa,150,5.168849069607168,2752,91,59,0,0,Alimentação preparada,2902,709,20,104,96,607,413,410,543
SP,6163,ARARAQUARA,3503208.0,254508.0,2850,1119.8076288368145,1421,49.859649122807014,Microempresa,165,5.7894736842105265,2685,113,52,0,0,Alimentação preparada,2850,736,36,104,91,597,562,340,384
BA,3413,CAMACARI,2905701.0,323676.0,2825,872.7863666135271,1408,49.84070796460177,Microempresa,123,4.353982300884955,2702,45,78,0,0,Restaurantes,2825,532,14,174,64,528,469,310,734
SP,6511,INDAIATUBA,3520509.0,271322.0,2807,1034.5640972718763,1489,53.045956537228356,Microempresa,261,9.29818311364446,2546,158,103,0,0,Alimentação preparada,2807,769,22,145,99,664,379,316,413
SP,6681,MARILIA,3529005.0,247992.0,2803,1130.2783960772929,1316,46.94969675347841,Microempresa,128,4.566535854441669,2675,87,41,0,0,Lanchonetes,2803,651,29,76,78,710,514,315,430
RS,8841,SANTA MARIA,4316907.0,282397.0,2747,972.7440447313534,1275,46.41427011285038,Microempresa,248,9.02803057881325,2499,192,56,0,0,Lanchonetes,2747,620,31,67,50,641,514,330,494
SP,6131,AMERICANA,3501608.0,248392.0,2739,1102.6925182775612,1266,46.22124863088718,Microempresa,205,7.484483388097845,2534,144,61,0,0,Lanchonetes,2739,561,32,86,101,729,439,269,522
MG,4445,DIVINOPOLIS,3122306.0,244769.0,2718,1110.4347364249559,1300,47.829286239882265,Microempresa,114,4.194260485651214,2604,92,22,0,0,Lanchonetes,2718,557,21,66,75,758,353,395,493
SP,6929,PRESIDENTE PRUDENTE,3541406.0,235264.0,2711,1152.3224972796518,1364,50.31353744005902,Microempresa,113,4.16820361490225,2598,88,25,0,0,Lanchonetes,2711,559,23,63,74,683,473,348,488
BA,3807,PORTO SEGURO,2925303.0,184087.0,2589,1406.4002346716497,1302,50.28968713789108,Microempresa,126,4.866743916570105,2463,88,38,0,0,Restaurantes,2589,330,9,65,77,575,352,164,1017
RN,1779,PARNAMIRIM,2403251.0,273952.0,2580,941.7708211657516,1341,51.97674418604651,Microempresa,99,3.8372093023255816,2481,72,27,0,0,Lanchonetes,2580,582,23,96,54,595,391,321,518
SP,6401,EMBU DAS ARTES,3515004.0,260113.0,2579,991.492159176973,1391,53.93563396665374,Microempresa,124,4.808065141527724,2455,75,49,0,0,Alimentação preparada,2579,598,27,101,71,518,445,292,527
AC,139,RIO BRANCO,1200401.0,390058.0,2548,653.2361853878141,1328,52.119309262166404,Microempresa,135,5.2982731554160125,2413,111,24,0,0,Lanchonetes,2548,502,5,88,88,758,290,179,638
RS,8683,GRAVATAI,4309209.0,275432.0,2530,918.5570304104099,1301,51.42292490118577,Microempresa,104,4.1106719367588935,2426,47,57,0,0,Alimentação preparada,2530,601,7,100,52,566,525,278,401
PR,7513,COLOMBO,4105805.0,242698.0,2520,1038.3274687059638,1432,56.82539682539682,Microempresa,81,3.214285714285714,2439,52,29,0,0,Lanchonetes,2520,542,11,107,55,581,416,279,529
RJ,5801,ANGRA DOS REIS,3300100.0,179152.0,2479,1383.7411806733946,1158,46.71238402581686,Microempresa,71,2.864058087938685,2408,43,28,0,0,Lanchonetes,2479,470,8,68,61,654,370,208,640
RJ,5849,MAGE,3302502.0,244166.0,2468,1010.7877427651679,1265,51.25607779578606,Microempresa,48,1.9448946515397085,2420,36,12,0,0,Lanchonetes,2468,544,6,52,58,635,469,310,394
ES,5647,GUARAPARI,3202405.0,137659.0,2403,1745.6177946955886,1154,48.02330420307948,Microempresa,90,3.7453183520599254,2313,81,9,0,0,Lanchonetes,2403,432,8,50,63,633,456,202,559
RJ,2921,RIO DAS OSTRAS,3304524.0,168626.0,2401,1423.8610890372777,1304,54.31070387338609,Microempresa,95,3.9566847147022077,2306,73,22,0,0,Lanchonetes,2401,537,12,59,57,592,335,235,574
SP,6251,BRAGANCA PAULISTA,3507605.0,186631.0,2376,1273.1003959685154,1090,45.87542087542087,Microempresa,61,2.5673400673400675,2315,38,23,0,0,Lanchonetes,2376,450,22,69,73,630,448,256,428
MG,4625,IPATINGA,3131307.0,234930.0,2368,1007.9598178180735,1115,47.08614864864865,Microempresa,115,4.856418918918918,2253,84,31,0,0,Lanchonetes,2368,493,7,48,60,711,339,294,416
RS,8771,NOVO HAMBURGO,4313409.0,235801.0,2367,1003.812536842507,1124,47.48626953950148,Microempresa,193,8.15378115758344,2174,139,54,0,0,Restaurantes,2367,505,10,99,69,459,442,250,533
MT,9151,RONDONOPOLIS,5107602.0,268202.0,2356,878.4423680658609,1278,54.244482173174866,Microempresa,264,11.205432937181664,2092,227,37,0,0,Lanchonetes,2356,457,11,115,84,562,377,246,504
RS,8815,RIO GRANDE,4315602.0,198935.0,2313,1162.6913313393823,1161,50.19455252918288,Microempresa,102,4.409857328145266,2211,63,39,0,0,Lanchonetes,2313,537,12,79,39,542,434,241,429
MG,5343,SETE LAGOAS,3167202.0,239833.0,2298,958.1667243456906,1206,52.48041775456919,Microempresa,98,4.2645778938207135,2200,63,35,0,0,Lanchonetes,2298,499,32,75,78,564,339,269,442
SP,6589,JACAREI,3524402.0,251848.0,2281,905.7050284298465,1137,49.84655852696186,Microempresa,129,5.655414291977203,2152,73,56,0,0,Alimentação preparada,2281,635,19,88,73,533,358,256,319
MS,9073,DOURADOS,5003702.0,266950.0,2280,854.0925266903915,1105,48.46491228070175,Microempresa,97,4.254385964912281,2183,74,23,0,0,Lanchonetes,2280,521,13,75,92,550,344,238,447
MA,803,IMPERATRIZ,2105302.0,286383.0,2274,794.0415457621436,1260,55.4089709762533,Microempresa,105,4.617414248021108,2169,91,14,0,0,Restaurantes,2274,258,7,66,56,588,308,187,804
CE,1373,CAUCAIA,2303709.0,380944.0,2263,594.0505691125204,1225,54.13168360583297,Microempresa,51,2.2536456031816177,2212,25,26,0,0,Restaurantes,2263,391,7,71,100,548,354,226,566
RN,1759,MOSSORO,2408003.0,279100.0,2257,808.6707273378718,1096,48.56003544528134,Microempresa,78,3.4559149313247675,2179,41,37,0,0,Lanchonetes,2257,382,21,59,51,682,266,204,592
MG,5155,SANTA LUZIA,3157807.0,231473.0,2249,971.6035995558879,1234,54.86883059137394,Microempresa,53,2.3566029346376167,2196,37,16,0,0,Alimentação preparada,2249,596,18,60,87,451,352,249,436
SP,6155,ARACATUBA,3502804.0,208987.0,2230,1067.0520175896108,966,43.318385650224215,Microempresa,66,2.9596412556053813,2164,33,33,0,0,Lanchonetes,2230,382,25,41,68,596,503,174,441
RJ,5867,NOVA FRIBURGO,3303401.0,203460.0,2215,1088.6660768701465,982,44.33408577878104,Microempresa,82,3.7020316027088036,2133,61,21,0,0,Restaurantes,2215,383,16,61,36,511,385,288,535
SP,6551,ITAPEVI,3522505.0,243967.0,2208,905.0404357966446,1186,53.71376811594203,Microempresa,78,3.532608695652174,2130,45,33,0,0,Alimentação preparada,2208,539,13,76,81,482,257,306,454
SP,7209,UBATUBA,3555406.0,97541.0,2191,2246.2349165991736,1013,46.234596074851666,Microempresa,112,5.111821086261981,2079,102,10,0,0,Lanchonetes,2191,351,12,60,50,695,399,127,497
SP,6181,ATIBAIA,3504107.0,168162.0,2180,1296.3689775335688,1018,46.69724770642202,Microempresa,143,6.559633027522936,2037,101,42,0,0,Lanchonetes,2180,470,22,67,84,545,265,248,479
SP,6311,CARAGUATATUBA,3510500.0,143291.0,2169,1513.7028843402586,1062,48.96265560165975,Microempresa,57,2.627939142461964,2112,43,14,0,0,Lanchonetes,2169,404,18,57,60,658,373,152,447
RS,8785,PASSO FUNDO,4314100.0,214815.0,2147,999.4646556339176,931,43.36283185840708,Microempresa,171,7.964601769911504,1976,125,46,0,0,Lanchonetes,2147,411,13,73,48,579,266,270,487
SP,7077,SAO CAETANO DO SUL,3548807.0,173216.0,2132,1230.8331793829668,835,39.165103189493436,Microempresa,312,14.634146341463413,1820,199,113,0,0,Restaurantes,2132,454,33,75,76,531,188,227,548
MT,8985,SINOP,5107909.0,231452.0,2124,917.6848763458514,1225,57.674199623352166,Microempresa,136,6.4030131826742,1988,116,20,0,0,Lanchonetes,2124,437,4,66,79,555,348,211,424
SC,8081,CHAPECO,4204202.0,289170.0,2117,732.0953072587059,1096,51.771374586679265,Microempresa,188,8.880491261218705,1929,145,43,0,0,Alimentação preparada,2117,577,13,76,58,477,323,226,367
PA,535,SANTAREM,1506807.0,364298.0,2116,580.8431558778802,1047,49.48015122873346,Microempresa,63,2.977315689981096,2053,56,7,0,0,Restaurantes,2116,314,7,74,63,468,278,154,758
MG,5035,POCOS DE CALDAS,3151800.0,173100.0,2092,1208.5499711149625,1105,52.82026768642447,Microempresa,126,6.022944550669216,1966,83,43,0,0,Lanchonetes,2092,436,14,73,68,552,235,295,419
PR,7745,PARANAGUA,4118204.0,150436.0,2062,1370.6825493897738,951,46.12027158098933,Microempresa,86,4.1707080504364695,1976,56,30,0,0,Lanchonetes,2062,374,24,77,46,606,301,226,408
RS,8877,SAO LEOPOLDO,4318705.0,225738.0,2057,911.2333767464937,1021,49.63539134662129,Microempresa,123,5.979581915410792,1934,71,52,0,0,Alimentação preparada,2057,477,11,81,56,473,338,183,438
RS,8963,VIAMAO,4323002.0,231994.0,2055,885.7987706578618,1156,56.25304136253041,Microempresa,27,1.313868613138686,2028,14,13,0,0,Alimentação preparada,2055,517,9,59,50,479,385,255,301
BA,3573,ILHEUS,2913606.0,189259.0,2036,1075.774467792813,922,45.284872298624755,Microempresa,42,2.06286836935167,1994,28,14,0,0,Restaurantes,2036,409,11,76,54,448,400,184,454
RJ,5837,ITABORAI,3301900.0,240169.0,2035,847.3200121581052,1149,56.46191646191646,Microempresa,56,2.751842751842752,1979,35,21,0,0,Alimentação preparada,2035,493,7,84,52,426,347,289,337
SP,6579,ITU,3523909.0,175483.0,2021,1151.6785101690762,971,48.04552201880257,Microempresa,156,7.718951014349332,1865,87,69,0,0,Alimentação preparada,2021,463,22,86,84,448,376,227,315
RJ,5915,TERESOPOLIS,3305802.0,176772.0,2016,1140.452107799878,929,46.0813492063492,Microempresa,124,6.15079365079365,1892,110,14,0,0,Lanchonetes,2016,469,13,58,60,519,253,214,430
CE,1447,JUAZEIRO DO NORTE,2307304.0,307928.0,2007,651.775739783326,1039,51.76880916791231,Microempresa,73,3.6372695565520674,1934,52,21,0,0,Lanchonetes,2007,382,6,49,76,580,264,198,452
SC,8089,CRICIUMA,4204608.0,229333.0,1974,860.7570650538736,991,50.20263424518744,Microempresa,131,6.6362715298885515,1843,75,56,0,0,Lanchonetes,1974,412,7,90,79,495,216,252,423
GO,9571,RIO VERDE,5218805.0,244881.0,1956,798.755313805481,1060,54.19222903885481,Microempresa,94,4.805725971370143,1862,55,39,0,0,Lanchonetes,1956,303,4,67,71,544,305,162,500
RS,8511,ALVORADA,4300604.0,194061.0,1955,1007.4151941915171,1162,59.43734015345269,Microempresa,48,2.455242966751918,1907,32,16,0,0,Alimentação preparada,1955,566,2,49,42,436,364,199,297
RJ,5807,BARRA MANSA,3300407.0,181675.0,1951,1073.8956928581258,879,45.053818554587394,Microempresa,66,3.3828805740645826,1885,53,13,0,0,Lanchonetes,1951,357,7,49,64,562,396,201,315
RJ,5883,RESENDE,3304201.0,137739.0,1940,1408.4609297294157,868,44.74226804123712,Microempresa,83,4.278350515463917,1857,53,30,0,0,Lanchonetes,1940,294,21,54,41,512,506,149,363
SP,6979,RIO CLARO,3543907.0,210794.0,1927,914.1626422004421,800,41.51530877010898,Microempresa,131,6.798131811105346,1796,76,55,0,0,Lanchonetes,1927,344,18,70,61,568,351,208,307
ES,5623,CACHOEIRO DE ITAPEMIRIM,3201209.0,198367.0,1922,968.9111596182832,810,42.14360041623309,Microempresa,127,6.607700312174818,1795,99,28,0,0,Lanchonetes,1922,464,7,51,60,468,299,256,317
SP,6371,CUBATAO,3513504.0,114681.0,1921,1675.0813125103548,1385,72.09786569495054,Microempresa,59,3.071317022384175,1862,21,38,0,0,Restaurantes,1921,409,13,73,30,208,282,115,791
SP,6249,BOTUCATU,3507506.0,151600.0,1881,1240.7651715039578,856,45.5077086656034,Microempresa,94,4.9973418394471025,1787,57,37,0,0,Alimentação preparada,1881,484,3,48,53,419,404,166,304
RJ,1116,MESQUITA,3302858.0,178780.0,1873,1047.6563373979193,1035,55.25894287239722,Microempresa,46,2.4559530165509877,1827,33,13,0,0,Alimentação preparada,1873,504,4,56,49,419,344,197,300
SP,7017,SANTA BARBARA D'OESTE,3545803.0,189562.0,1851,976.4615270993131,920,49.702863317125875,Microempresa,105,5.6726094003241485,1746,80,25,0,0,Outros Food Service,1851,409,13,42,60,424,430,262,211
SP,6415,FERRAZ DE VASCONCELOS,3515707.0,186816.0,1851,990.8144912641316,1056,57.05024311183144,Microempresa,33,1.7828200972447326,1818,17,16,0,0,Alimentação preparada,1851,503,12,62,60,383,302,218,311
BA,3597,ITABUNA,2914802.0,196041.0,1821,928.8873245902644,831,45.634266886326195,Microempresa,48,2.6359143327841847,1773,29,19,0,0,Outros Food Service,1821,355,11,34,52,376,401,215,377
RJ,5863,NILOPOLIS,3303203.0,155478.0,1798,1156.4337076628206,889,49.44382647385984,Microempresa,46,2.5583982202447166,1752,32,14,0,0,Alimentação preparada,1798,504,11,72,54,375,272,218,292
ES,5663,LINHARES,3203205.0,185621.0,1752,943.8587228815705,837,47.773972602739725,Microempresa,133,7.591324200913243,1619,119,14,0,0,Lanchonetes,1752,318,9,38,72,436,220,227,432
GO,1066,VALPARAISO DE GOIAS,5221858.0,223210.0,1723,771.9188208413601,994,57.690075449796865,Microempresa,81,4.7011027278003485,1642,42,39,0,0,Lanchonetes,1723,290,6,34,66,451,310,190,376
RJ,5803,ARARUAMA,3300209.0,137922.0,1705,1236.2059714911327,842,49.3841642228739,Microempresa,43,2.5219941348973607,1662,37,6,0,0,Lanchonetes,1705,391,13,50,42,418,248,190,353
SP,6543,ITANHAEM,3522109.0,119274.0,1685,1412.7135838489528,842,49.97032640949555,Microempresa,44,2.6112759643916914,1641,28,16,0,0,Lanchonetes,1685,334,8,37,35,453,329,128,361
MG,5049,POUSO ALEGRE,3152501.0,163439.0,1667,1019.9523981424262,794,47.630473905218956,Microempresa,107,6.418716256748651,1560,68,39,0,0,Lanchonetes,1667,337,12,65,44,560,206,179,264
MG,4595,IBIRITE,3129806.0,180404.0,1664,922.374226735549,1020,61.29807692307693,Microempresa,27,1.622596153846154,1637,19,8,0,0,Alimentação preparada,1664,428,4,51,70,282,260,272,297
PA,595,PARAUAPEBAS,1505536.0,312427.0,1664,532.6044163916691,979,58.83413461538461,Microempresa,155,9.314903846153847,1509,145,10,0,0,Restaurantes,1664,213,2,90,50,394,235,123,557
PR,7435,ARAUCARIA,4101804.0,164291.0,1653,1006.1415415330115,866,52.38959467634604,Microempresa,70,4.2347247428917125,1583,20,50,0,0,Outros Food Service,1653,314,8,81,24,381,402,157,286
SP,6861,PINDAMONHANGABA,3538006.0,173267.0,1651,952.8646539733475,859,52.029073288915804,Microempresa,56,3.391883706844337,1595,40,16,0,0,Lanchonetes,1651,379,15,65,56,400,301,183,252
PR,5453,PINHAIS,4119152.0,131857.0,1644,1246.805251143284,878,53.406326034063255,Microempresa,71,4.318734793187348,1573,43,28,0,0,Alimentação preparada,1644,382,10,75,26,354,225,238,334
SP,7115,SAO SEBASTIAO,3550704.0,84514.0,1643,1944.0566060061055,752,45.76993304930006,Microempresa,74,4.503956177723676,1569,61,13,0,0,Restaurantes,1643,276,4,40,46,442,293,87,455
AL,2705,ARAPIRACA,2700300.0,243998.0,1622,664.7595472094033,805,49.63008631319359,Microempresa,83,5.117139334155364,1539,64,19,0,0,Lanchonetes,1622,249,4,49,42,409,333,166,370
CE,1585,MARACANAU,2307650.0,253442.0,1622,639.9886364533108,837,51.60295930949446,Microempresa,76,4.68557336621455,1546,20,56,0,0,Lanchonetes,1622,265,5,98,47,410,310,171,316
MG,4959,PATOS DE MINAS,3148004.0,170404.0,1590,933.0766883406493,807,50.75471698113208,Microempresa,80,5.031446540880504,1510,59,21,0,0,Lanchonetes,1590,315,5,45,46,372,239,222,346
RS,8561,CACHOEIRINHA,4303103.0,141506.0,1583,1118.6804799796475,837,52.87428932406822,Microempresa,103,6.506632975363234,1480,49,54,0,0,Alimentação preparada,1583,394,8,129,31,360,268,136,257
RJ,5909,SAQUAREMA,3305505.0,95355.0,1570,1646.4789470924438,761,48.47133757961784,Microempresa,30,1.910828025477707,1540,19,11,0,0,Restaurantes,1570,334,12,46,38,373,239,148,380
PA,483,MARABA,1504208.0,293344.0,1556,530.4352568997491,880,56.555269922879184,Microempresa,112,7.197943444730077,1444,102,10,0,0,Restaurantes,1556,195,8,55,48,429,221,108,492
SC,8175,JARAGUA DO SUL,4208906.0,203204.0,1539,757.3669809649416,750,48.732943469785575,Microempresa,135,8.771929824561402,1404,100,35,0,0,Lanchonetes,1539,354,6,65,39,494,166,162,253
PR,7583,GUARAPUAVA,4109401.0,190542.0,1525,800.3484796002981,663,43.47540983606557,Microempresa,87,5.704918032786885,1438,58,29,0,0,Lanchonetes,1525,214,3,66,45,434,240,142,381
GO,9753,SENADOR CANEDO,5220454.0,180111.0,1525,846.7000904997474,982,64.39344262295083,Microempresa,42,2.754098360655738,1483,31,11,0,0,Lanchonetes,1525,262,1,60,47,397,203,184,371
SP,7047,SANTANA DE PARNAIBA,3547304.0,165193.0,1518,918.9251360529805,813,53.55731225296443,Microempresa,123,8.102766798418973,1395,79,44,0,0,Alimentação preparada,1518,356,3,80,48,297,167,225,342
RJ,770,ARMACAO DOS BUZIOS,3300233.0,44365.0,1499,3378.7895863856643,771,51.434289526350895,Microempresa,104,6.937958639092728,1395,84,20,0,0,Restaurantes,1499,233,2,36,36,355,159,92,586
SP,7181,TATUI,3554003.0,129640.0,1496,1153.964825671089,687,45.92245989304813,Microempresa,39,2.606951871657754,1457,20,19,0,0,Outros Food Service,1496,364,7,39,44,362,400,104,176
SP,6545,ITAPECERICA DA SERRA,3522208.0,163187.0,1478,905.7094008713929,754,51.0148849797023,Microempresa,64,4.330175913396482,1414,38,26,0,0,Restaurantes,1478,291,8,56,71,291,230,202,329
SP,6469,GUARATINGUETA,3518404.0,122100.0,1465,1199.8361998361997,680,46.41638225255973,Microempresa,48,3.2764505119453924,1417,35,13,0,0,Lanchonetes,1465,357,18,38,40,394,192,173,253
PR,9983,FAZENDA RIO GRANDE,4107652.0,170123.0,1463,859.9660245822141,866,59.19343814080656,Microempresa,55,3.7593984962406015,1408,37,18,0,0,Lanchonetes,1463,309,4,44,38,371,273,179,245
SP,6209,BARRETOS,3505500.0,127276.0,1439,1130.6137842169771,602,41.83460736622654,Microempresa,57,3.9610840861709518,1382,33,24,0,0,Lanchonetes,1439,253,13,28,45,387,351,109,253
PR,7927,TOLEDO,4127700.0,162658.0,1435,882.2191346260252,661,46.062717770034844,Microempresa,75,5.2264808362369335,1360,57,18,0,0,Lanchonetes,1435,273,11,29,46,412,195,136,333
MS,9165,TRES LAGOAS,5008305.0,145514.0,1435,986.1594073422489,735,51.21951219512195,Microempresa,102,7.10801393728223,1333,74,28,0,0,Lanchonetes,1435,281,13,50,50,354,223,140,324
SP,6547,ITAPETININGA,3522307.0,164687.0,1431,868.9210441625629,695,48.56743535988819,Microempresa,67,4.682040531097135,1364,40,27,0,0,Lanchonetes,1431,276,11,46,30,395,258,151,264
GO,9445,LUZIANIA,5212501.0,223596.0,1429,639.099089429149,764,53.46396081175647,Microempresa,39,2.729181245626312,1390,21,18,0,0,Lanchonetes,1429,252,5,41,59,396,268,124,284
GO,1052,AGUAS LINDAS DE GOIAS,5200258.0,249978.0,1427,570.8502348206642,887,62.1583742116328,Microempresa,45,3.153468815697267,1382,40,5,0,0,Lanchonetes,1427,229,1,33,43,370,281,128,342
GO,9625,TRINDADE,5221403.0,156197.0,1408,901.4257636190196,838,59.51704545454546,Microempresa,38,2.6988636363636362,1370,26,12,0,0,Lanchonetes,1408,218,10,54,39,396,250,119,322
SP,6607,JAU,3525300.0,137486.0,1400,1018.2854981598125,599,42.785714285714285,Microempresa,51,3.642857142857143,1349,36,15,0,0,Lanchonetes,1400,341,11,38,39,437,198,119,217
BA,3669,JUAZEIRO,2918407.0,257616.0,1400,543.444506552388,680,48.57142857142857,Microempresa,76,5.428571428571429,1324,56,20,0,0,Restaurantes,1400,232,3,46,43,346,223,138,369
TO,9241,ARAGUAINA,1702109.0,184495.0,1396,756.6600720886745,722,51.719197707736384,Microempresa,102,7.306590257879657,1294,92,10,0,0,Lanchonetes,1396,215,3,38,41,368,248,115,368
SP,7135,SERTAOZINHO,3551702.0,132692.0,1387,1045.277786151388,630,45.42177361211247,Microempresa,48,3.460706560922855,1339,30,18,0,0,Lanchonetes,1387,313,9,37,36,327,283,156,226
SP,6715,MOGI GUACU,3530706.0,160841.0,1386,861.7205811950932,686,49.494949494949495,Microempresa,73,5.266955266955267,1313,40,33,0,0,Lanchonetes,1386,259,14,42,41,364,303,153,210
RJ,5839,ITAGUAI,3302007.0,124040.0,1385,1116.575298290874,652,47.075812274368225,Microempresa,58,4.187725631768953,1327,33,25,0,0,Alimentação preparada,1385,348,7,78,33,272,220,143,284
CE,1559,SOBRAL,2312908.0,217690.0,1384,635.7664568882356,687,49.638728323699425,Microempresa,41,2.9624277456647397,1343,29,12,0,0,Lanchonetes,1384,206,7,31,45,442,192,138,323
MG,4895,NOVA LIMA,3144805.0,122683.0,1382,1126.4804414629573,639,46.237337192474676,Microempresa,157,11.360347322720694,1225,116,41,0,0,Restaurantes,1382,263,8,47,49,298,140,171,406
SC,8163,ITAPEMA,4208302.0,88842.0,1376,1548.8170009680107,768,55.81395348837209,Microempresa,81,5.886627906976744,1295,63,18,0,0,Lanchonetes,1376,330,3,36,30,387,189,91,310
MG,5413,VARGINHA,3170701.0,144503.0,1373,950.1532840148647,619,45.083758193736344,Microempresa,92,6.700655498907501,1281,64,28,0,0,Lanchonetes,1373,280,10,33,31,442,165,153,259
SP,6427,FRANCISCO MORATO,3516309.0,171806.0,1371,797.9930852240318,793,57.840991976659375,Microempresa,35,2.5528811086797956,1336,22,13,0,0,Lanchonetes,1371,270,14,37,29,343,255,180,243
SP,6179,ASSIS,3504008.0,105051.0,1363,1297.4650407897116,577,42.333088774761556,Microempresa,44,3.2281731474688184,1319,36,8,0,0,Lanchonetes,1363,279,14,29,42,429,170,149,251
RJ,5903,SAO PEDRO DA ALDEIA,3305208.0,110735.0,1358,1226.351198807965,707,52.0618556701031,Microempresa,35,2.5773195876288657,1323,24,11,0,0,Lanchonetes,1358,295,8,28,51,325,219,164,268
SP,6831,PAULINIA,3536505.0,117554.0,1335,1135.6482978035626,654,48.98876404494382,Microempresa,115,8.614232209737828,1220,59,56,0,0,Outros Food Service,1335,229,12,82,37,267,309,166,233
ES,5697,SAO MATEUS,3204906.0,135450.0,1331,982.6504245108897,625,46.95717505634861,Microempresa,65,4.883546205860256,1266,56,9,0,0,Lanchonetes,1331,229,9,36,44,338,212,128,335
BA,3363,BARREIRAS,2903201.0,172521.0,1328,769.7613623848691,669,50.37650602409639,Microempresa,41,3.087349397590361,1287,28,13,0,0,Restaurantes,1328,191,8,52,44,323,189,117,404
SP,7243,VOTORANTIM,3557006.0,134103.0,1326,988.7921970425718,685,51.65912518853696,Microempresa,103,7.7677224736048265,1223,61,42,0,0,Lanchonetes,1326,290,11,37,40,334,259,165,190
SP,6429,FRANCO DA ROCHA,3516408.0,150648.0,1314,872.2319579416918,702,53.42465753424658,Microempresa,40,3.0441400304414,1274,20,20,0,0,Lanchonetes,1314,288,10,42,42,324,195,147,266
SP,7005,SALTO,3545209.0,141994.0,1302,916.9401524008057,626,48.07987711213518,Microempresa,83,6.374807987711213,1219,38,45,0,0,Lanchonetes,1302,292,15,52,27,330,210,171,205
PR,7483,CAMPO MOURAO,4104303.0,104881.0,1298,1237.5930816830503,536,41.294298921417564,Microempresa,30,2.311248073959938,1268,22,8,0,0,Lanchonetes,1298,311,6,25,20,415,179,155,187
SC,8061,CAMBORIU,4203204.0,121040.0,1294,1069.0680766688697,755,58.34621329211747,Microempresa,40,3.091190108191654,1254,39,1,0,0,Alimentação preparada,1294,315,3,46,33,307,241,136,213
BA,3993,TEIXEIRA DE FREITAS,2931350.0,154114.0,1288,835.7449680106934,664,51.5527950310559,Microempresa,33,2.562111801242236,1255,28,5,0,0,Lanchonetes,1288,193,8,35,31,362,256,134,269
PE,2629,CAMARAGIBE,2603454.0,156425.0,1282,819.5620904586863,627,48.90795631825273,Microempresa,37,2.886115444617785,1245,30,7,0,0,Lanchonetes,1282,261,7,42,27,335,235,147,228
ES,5629,COLATINA,3201506.0,130043.0,1280,984.2898118314712,540,42.1875,Microempresa,33,2.578125,1247,21,12,0,0,Lanchonetes,1280,241,1,27,31,364,209,153,254
PE,2357,CABO DE SANTO AGOSTINHO,2602902.0,219044.0,1273,581.1617757162944,628,49.332285938727416,Microempresa,94,7.384131971720345,1179,35,59,0,0,Lanchonetes,1273,196,9,101,27,300,225,135,280
RJ,2911,QUEIMADOS,3304144.0,149155.0,1262,846.0996949482081,665,52.694136291600636,Microempresa,25,1.9809825673534072,1237,13,12,0,0,Alimentação preparada,1262,309,3,38,41,256,225,153,237
SP,7225,VALINHOS,3556206.0,132862.0,1245,937.0625159940389,565,45.38152610441767,Microempresa,101,8.112449799196787,1144,52,49,0,0,Alimentação preparada,1245,308,18,60,41,297,138,198,185
SP,2965,BERTIOGA,3506359.0,67941.0,1241,1826.584830956271,623,50.20145044319098,Microempresa,63,5.07655116841257,1178,54,9,0,0,Lanchonetes,1241,182,10,20,26,348,241,103,311
SC,8221,NAVEGANTES,4211306.0,98421.0,1241,1260.9097651923878,705,56.80902497985496,Microempresa,44,3.5455278001611608,1197,31,13,0,0,Lanchonetes,1241,276,4,65,20,286,242,104,244
SP,6165,ARARAS,3503307.0,136113.0,1238,909.5383982426366,530,42.81098546042003,Microempresa,58,4.68497576736672,1180,27,31,0,0,Outros Food Service,1238,236,8,37,23,295,305,114,220
MT,9907,SORRISO,5107925.0,128727.0,1235,959.3946879830961,694,56.19433198380567,Microempresa,80,6.477732793522267,1155,68,12,0,0,Lanchonetes,1235,276,4,33,30,309,276,94,213
GO,9289,CALDAS NOVAS,5204508.0,108805.0,1231,1131.3818298791416,614,49.87814784727863,Microempresa,65,5.280259951259139,1166,54,11,0,0,Restaurantes,1231,135,8,25,38,392,116,103,414
RO,5,JI-PARANA,1100122.0,140800.0,1231,874.2897727272727,670,54.42729488220959,Microempresa,46,3.736799350121852,1185,39,7,0,0,Lanchonetes,1231,207,6,29,29,332,209,140,279
SC,8183,LAGES,4209300.0,173278.0,1230,709.8419880192523,610,49.59349593495935,Microempresa,133,10.8130081300813,1097,117,16,0,0,Lanchonetes,1230,254,13,32,44,330,140,128,289
MG,4365,CONSELHEIRO LAFAIETE,3118304.0,139858.0,1222,873.7433682735345,570,46.64484451718494,Microempresa,21,1.718494271685761,1201,17,4,0,0,Lanchonetes,1222,278,4,27,31,308,181,175,218
PR,7481,CAMPO LARGO,4104204.0,146002.0,1215,832.18038109067,573,47.160493827160494,Microempresa,44,3.6213991769547325,1171,29,15,0,0,Lanchonetes,1215,254,3,40,32,298,177,161,250
BA,3661,JEQUIE,2918001.0,169623.0,1212,714.5257423816346,538,44.38943894389439,Microempresa,47,3.8778877887788776,1165,38,9,0,0,Lanchonetes,1212,160,8,18,43,362,241,109,271
SP,6601,JANDIRA,3525003.0,121848.0,1210,993.0405094872301,648,53.553719008264466,Microempresa,52,4.297520661157025,1158,25,27,0,0,Alimentação preparada,1210,275,6,70,26,268,169,157,239
RS,8901,SAPUCAIA DO SUL,4320008.0,136573.0,1207,883.7764419028651,641,53.106876553438276,Microempresa,49,4.059652029826015,1158,29,20,0,0,Alimentação preparada,1207,269,15,63,21,262,264,126,187
MG,5425,VESPASIANO,3171204.0,140004.0,1191,850.6899802862774,669,56.17128463476071,Microempresa,31,2.6028547439126783,1160,18,13,0,0,Alimentação preparada,1191,293,3,32,51,241,186,145,240
SP,7233,VARZEA PAULISTA,3556503.0,119923.0,1189,991.4695262793626,554,46.59377628259041,Microempresa,39,3.280067283431455,1150,28,11,0,0,Lanchonetes,1189,275,2,40,24,288,202,165,193
SE,3195,NOSSA SENHORA DO SOCORRO,2804805.0,205611.0,1180,573.8992563627432,639,54.15254237288135,Microempresa,27,2.288135593220339,1153,16,11,0,0,Lanchonetes,1180,248,3,35,33,290,237,118,216
SP,6897,POA,3539806.0,106288.0,1175,1105.48697877465,578,49.19148936170213,Microempresa,33,2.8085106382978724,1142,25,8,0,0,Alimentação preparada,1175,283,9,32,23,259,185,150,234
SP,6795,OURINHOS,3534708.0,106941.0,1164,1088.4506410076585,533,45.79037800687285,Microempresa,53,4.553264604810996,1111,35,18,0,0,Outros Food Service,1164,232,15,24,30,284,342,104,133
MG,4111,BARBACENA,3105608.0,129757.0,1163,896.2907588800605,513,44.11006018916595,Microempresa,45,3.869303525365434,1118,31,14,0,0,Lanchonetes,1163,272,2,23,23,340,202,131,170
SC,8055,BRUSQUE,4202909.0,158593.0,1163,733.3236649789083,585,50.300945829750646,Microempresa,106,9.114359415305245,1057,63,43,0,0,Lanchonetes,1163,242,2,57,36,347,110,133,236
PI,1153,PARNAIBA,2207702.0,171342.0,1161,677.5921840529467,577,49.69853574504737,Microempresa,28,2.4117140396210166,1133,21,7,0,0,Restaurantes,1161,150,5,21,33,337,88,135,392
SP,6323,CATANDUVA,3511102.0,119368.0,1155,967.5960056296494,524,45.36796536796537,Microempresa,60,5.194805194805195,1095,34,26,0,0,Lanchonetes,1155,200,13,25,27,349,197,116,228
MG,5133,SABARA,3156700.0,134850.0,1153,855.0241008527994,624,54.11968777103209,Microempresa,34,2.9488291413703385,1119,15,19,0,0,Alimentação preparada,1153,312,6,50,35,262,153,132,203
SP,6285,CAJAMAR,3509205.0,99249.0,1148,1156.6867172465213,589,51.306620209059226,Microempresa,121,10.54006968641115,1027,59,62,0,0,Restaurantes,1148,178,8,84,23,254,189,135,277
PR,7425,APUCARANA,4101408.0,135481.0,1147,846.613178231634,533,46.469049694856146,Microempresa,43,3.7489102005231034,1104,24,19,0,0,Lanchonetes,1147,245,11,31,18,304,144,134,260
BA,1112,LUIS EDUARDO MAGALHAES,2919553.0,119947.0,1138,948.7523656281525,598,52.54833040421792,Microempresa,60,5.272407732864675,1078,48,12,0,0,Restaurantes,1138,157,7,48,37,279,211,94,305
SP,6853,PERUIBE,3537602.0,70891.0,1127,1589.7645681398203,534,47.38243123336291,Microempresa,36,3.1943212067435667,1091,27,9,0,0,Lanchonetes,1127,189,9,26,20,326,192,79,286
MG,4763,LAVRAS,3138203.0,111437.0,1122,1006.8469179895368,534,47.593582887700535,Microempresa,52,4.634581105169341,1070,41,11,0,0,Lanchonetes,1122,262,7,23,41,354,90,140,205
PR,7427,ARAPONGAS,4101507.0,125767.0,1120,890.5356731097983,533,47.58928571428571,Microempresa,50,4.464285714285714,1070,32,18,0,0,Lanchonetes,1120,176,2,32,24,354,210,119,203
ES,5611,ARACRUZ,3200607.0,104304.0,1114,1068.0319067341618,510,45.78096947935368,Microempresa,47,4.21903052064632,1067,34,13,0,0,Lanchonetes,1114,194,4,40,22,294,243,123,194
PA,447,CASTANHAL,1502400.0,210592.0,1113,528.5101048472876,591,53.09973045822103,Microempresa,47,4.22282120395328,1066,43,4,0,0,Restaurantes,1113,172,6,43,43,270,163,94,322
PE,2443,IPOJUCA,2607208.0,107370.0,1111,1034.7396852007078,567,51.035103510351036,Microempresa,95,8.55085508550855,1016,66,29,0,0,Restaurantes,1111,118,6,61,17,259,171,65,414
RS,8541,BENTO GONCALVES,4302105.0,127980.0,1111,868.1043913111424,482,43.38433843384338,Microempresa,119,10.711071107110712,992,85,34,0,0,Restaurantes,1111,181,5,64,37,296,103,117,308
RS,8951,URUGUAIANA,4322400.0,120818.0,1105,914.5988180569121,550,49.7737556561086,Microempresa,34,3.076923076923077,1071,30,4,0,0,Lanchonetes,1105,223,6,21,24,293,287,128,123
PR,8461,SARANDI,4126256.0,130211.0,1102,846.3186673936917,557,50.544464609800364,Microempresa,21,1.9056261343012704,1081,12,9,0,0,Lanchonetes,1102,301,6,34,21,316,179,134,111
SC,8367,TUBARAO,4218707.0,117924.0,1096,929.4121637664937,538,49.08759124087591,Microempresa,81,7.39051094890511,1015,73,8,0,0,Lanchonetes,1096,198,3,39,22,302,158,134,240
GO,9301,CATALAO,5205109.0,124683.0,1095,878.2271841389764,509,46.48401826484018,Microempresa,61,5.570776255707763,1034,38,23,0,0,Lanchonetes,1095,210,5,50,28,325,111,76,290
MG,5371,TEOFILO OTONI,3168606.0,143115.0,1093,763.7214827236838,495,45.28819762122598,Microempresa,42,3.8426349496797805,1051,38,4,0,0,Lanchonetes,1093,208,4,26,29,318,174,111,223
MA,889,SAO JOSE DE RIBAMAR,2111201.0,260695.0,1090,418.1131206965995,617,56.60550458715596,Microempresa,31,2.8440366972477067,1059,20,11,0,0,Restaurantes,1090,158,4,37,41,245,161,117,327
MG,4079,ARAXA,3104007.0,119834.0,1081,902.0812123437421,538,49.76873265494912,Microempresa,64,5.920444033302498,1017,44,20,0,0,Lanchonetes,1081,231,3,29,44,325,155,114,180
PR,7749,PARANAVAI,4118402.0,96870.0,1079,1113.8639413647156,477,44.20759962928638,Microempresa,25,2.3169601482854496,1054,19,6,0,0,Lanchonetes,1079,201,2,15,40,375,148,114,184
RJ,5875,PARATI,3303807.0,47694.0,1071,2245.565479934583,446,41.643323996265174,Microempresa,68,6.349206349206349,1003,63,5,0,0,Restaurantes,1071,152,3,16,44,222,161,61,412
MT,9871,PRIMAVERA DO LESTE,5107040.0,99053.0,1070,1080.2297759785165,628,58.69158878504673,Microempresa,127,11.869158878504672,943,114,13,0,0,Outros Food Service,1070,182,8,32,37,224,293,61,233
SP,6229,BIRIGUI,3506508.0,123655.0,1070,865.3107436011484,502,46.91588785046729,Microempresa,26,2.4299065420560746,1044,18,8,0,0,Lanchonetes,1070,181,14,9,27,341,171,143,184
RJ,5805,BARRA DO PIRAI,3300308.0,98508.0,1066,1082.1456125390832,498,46.71669793621013,Microempresa,37,3.4709193245778613,1029,15,22,0,0,Alimentação preparada,1066,279,3,35,17,273,178,95,186
RJ,5843,ITAPERUNA,3302205.0,107322.0,1054,982.0912767186596,471,44.686907020872866,Microempresa,28,2.6565464895635675,1026,25,3,0,0,Lanchonetes,1054,176,13,17,16,349,197,124,162
MG,4647,ITAJUBA,3132404.0,97065.0,1040,1071.4469685262454,427,41.05769230769231,Microempresa,41,3.942307692307692,999,31,10,0,0,Lanchonetes,1040,177,3,27,37,392,147,77,180
RS,8531,BAGE,4301602.0,121929.0,1038,851.3151096129716,460,44.3159922928709,Microempresa,21,2.023121387283237,1017,19,2,0,0,Lanchonetes,1038,199,8,18,19,282,217,129,166
SP,6723,MONGAGUA,3531100.0,65321.0,1025,1569.1737725999296,564,55.024390243902445,Microempresa,20,1.951219512195122,1005,14,6,0,0,Lanchonetes,1025,192,7,30,26,298,152,85,235
GO,9425,ITUMBIARA,5211503.0,114331.0,1017,889.5225266987956,501,49.26253687315634,Microempresa,38,3.736479842674533,979,28,10,0,0,Lanchonetes,1017,173,3,31,36,295,161,103,215
RS,8839,SANTA CRUZ DO SUL,4316808.0,138273.0,1012,731.8854729412105,386,38.14229249011858,Microempresa,95,9.387351778656127,917,65,30,0,0,Lanchonetes,1012,179,1,42,31,290,111,121,237
PR,7769,PIRAQUARA,4119509.0,129035.0,1010,782.7333669159531,558,55.24752475247525,Microempresa,22,2.178217821782178,988,12,10,0,0,Lanchonetes,1010,196,3,19,39,265,211,122,155
MG,4633,ITABIRA,3131703.0,118342.0,1008,851.7686028628889,471,46.726190476190474,Microempresa,35,3.4722222222222223,973,26,9,0,0,Lanchonetes,1008,211,4,29,32,310,162,122,138
SP,6281,CAIEIRAS,3509007.0,98810.0,1004,1016.0914887157171,462,46.015936254980076,Microempresa,50,4.9800796812749,954,30,20,0,0,Alimentação preparada,1004,204,11,46,26,204,198,130,185
RS,8915,CAPAO DA CANOA,4304630.0,66237.0,1004,1515.7691320561016,519,51.69322709163347,Microempresa,51,5.079681274900398,953,48,3,0,0,Lanchonetes,1004,148,2,13,22,342,124,72,281
PR,7407,ALMIRANTE TAMANDARE,4100400.0,127031.0,997,784.8477930583873,596,59.779338014042125,Microempresa,10,1.0030090270812437,987,4,6,0,0,Lanchonetes,997,230,3,32,21,242,183,133,153
SP,6645,LORENA,3527207.0,87551.0,995,1136.4804513940446,522,52.462311557788944,Microempresa,42,4.221105527638191,953,26,16,0,0,Lanchonetes,995,244,8,36,17,246,135,119,190
SP,6295,CAMPOS DO JORDAO,3509700.0,47932.0,984,2052.9082867395477,399,40.54878048780488,Microempresa,87,8.841463414634147,897,33,54,0,0,Lanchonetes,984,117,10,24,28,322,93,75,315
PR,7935,UMUARAMA,4128104.0,124077.0,984,793.0559249498295,460,46.7479674796748,Microempresa,65,6.605691056910569,919,52,13,0,0,Lanchonetes,984,175,7,28,26,293,154,100,201
MG,4957,PASSOS,3147907.0,117349.0,981,835.9679247373219,465,47.40061162079511,Microempresa,63,6.422018348623854,918,48,15,0,0,Lanchonetes,981,141,9,15,29,342,141,115,189
SC,8319,SAO FRANCISCO DO SUL,4216206.0,57649.0,981,1701.677392495967,503,51.274209989806316,Microempresa,36,3.669724770642202,945,30,6,0,0,Lanchonetes,981,165,2,19,21,372,116,79,207
SP,6671,MAIRIPORA,3528502.0,98241.0,970,987.3677995948738,463,47.7319587628866,Microempresa,53,5.463917525773196,917,44,9,0,0,Restaurantes,970,217,6,31,48,220,117,89,242
SP,6569,ITATIBA,3523404.0,127729.0,965,755.5057974304974,469,48.601036269430054,Microempresa,71,7.357512953367876,894,44,27,0,0,Lanchonetes,965,203,5,44,52,284,92,115,170
PR,7471,CAMBE,4103701.0,111553.0,952,853.406004320816,509,53.46638655462185,Microempresa,32,3.361344537815126,920,20,12,0,0,Alimentação preparada,952,234,8,33,30,232,147,116,152
SP,6717,MOGI MIRIM,3530805.0,95929.0,948,988.2308790876585,376,39.66244725738397,Microempresa,58,6.118143459915612,890,36,22,0,0,Lanchonetes,948,140,18,33,13,335,204,63,142
RO,13,VILHENA,1100304.0,110708.0,940,849.0804639231131,504,53.61702127659574,Microempresa,44,4.680851063829787,896,39,5,0,0,Lanchonetes,940,164,3,19,26,279,143,77,229
PR,7963,MATINHOS,4115705.0,42671.0,934,2188.840195917602,434,46.466809421841546,Microempresa,12,1.284796573875803,922,7,5,0,0,Lanchonetes,934,139,5,12,25,366,139,38,210
SC,8143,IMBITUBA,4207304.0,58381.0,933,1598.1226768983058,437,46.838156484458736,Microempresa,40,4.287245444801715,893,36,4,0,0,Lanchonetes,933,189,3,19,22,249,140,74,237
ES,5701,VIANA,3205101.0,79611.0,929,1166.9241687706472,441,47.470398277717976,Microempresa,15,1.6146393972012916,914,7,8,0,0,Outros Food Service,929,184,4,39,23,175,305,78,121
MT,9185,TANGARA DA SERRA,5107958.0,116637.0,923,791.3440846386652,463,50.16251354279523,Microempresa,31,3.358613217768147,892,27,4,0,0,Lanchonetes,923,179,7,12,16,278,206,68,157
BA,3913,SIMOES FILHO,2930709.0,120429.0,921,764.7659616869691,429,46.579804560260584,Microempresa,52,5.646036916395222,869,15,37,0,0,Restaurantes,921,169,3,103,31,147,153,84,231
GO,9433,JATAI,5211909.0,112835.0,920,815.3498471219036,472,51.30434782608696,Microempresa,34,3.6956521739130435,886,25,9,0,0,Restaurantes,920,161,3,31,42,212,194,58,219
MG,4069,ARAGUARI,3103504.0,123959.0,920,742.1808823885317,470,51.08695652173913,Microempresa,38,4.130434782608695,882,33,5,0,0,Lanchonetes,920,153,2,21,41,264,148,83,208
SP,6177,ARUJA,3503901.0,90644.0,917,1011.6499713163585,414,45.147219193020725,Microempresa,49,5.343511450381679,868,31,18,0,0,Restaurantes,917,178,9,52,24,182,144,118,210
MG,4877,MURIAE,3143906.0,108716.0,916,842.5622723426173,411,44.86899563318777,Microempresa,18,1.9650655021834063,898,15,3,0,0,Lanchonetes,916,151,2,17,21,290,166,98,171
SP,6967,RIBEIRAO PIRES,3543303.0,119023.0,916,769.5991531048621,382,41.70305676855895,Microempresa,42,4.585152838427948,874,20,22,0,0,Alimentação preparada,916,230,13,29,17,203,127,129,168
MG,4387,CORONEL FABRICIANO,3119401.0,108857.0,909,835.04046593237,387,42.57425742574257,Microempresa,25,2.7502750275027505,884,19,6,0,0,Lanchonetes,909,211,1,17,24,249,162,107,138
GO,9361,FORMOSA,5208004.0,122613.0,905,738.0946555422346,473,52.26519337016574,Microempresa,33,3.6464088397790055,872,29,4,0,0,Lanchonetes,905,137,3,26,34,246,160,68,231
SP,6635,LEME,3526704.0,101734.0,903,887.6088623272456,390,43.18936877076412,Microempresa,39,4.318936877076411,864,20,19,0,0,Lanchonetes,903,185,12,20,28,249,187,80,142
SP,7245,VOTUPORANGA,3557105.0,100935.0,903,894.6351612423837,425,47.06533776301218,Microempresa,35,3.875968992248062,868,25,10,0,0,Outros Food Service,903,148,10,17,31,197,285,68,147
SP,6189,AVARE,3504503.0,96764.0,902,932.1648546980282,391,43.34811529933481,Microempresa,43,4.767184035476718,859,28,15,0,0,Lanchonetes,902,152,3,15,18,241,224,102,147
SP,7083,SAO JOAO DA BOA VISTA,3549102.0,96365.0,893,926.6849997405697,353,39.52967525195968,Microempresa,49,5.487122060470324,844,40,9,0,0,Lanchonetes,893,233,18,19,46,253,75,84,165
RS,8935,TRAMANDAI,4321600.0,56432.0,887,1571.803232208676,439,49.49267192784668,Microempresa,16,1.8038331454340473,871,9,7,0,0,Lanchonetes,887,164,5,21,12,302,111,66,206
RJ,5919,TRES RIOS,3306008.0,82329.0,882,1071.311445541668,345,39.1156462585034,Microempresa,44,4.988662131519274,838,34,10,0,0,Lanchonetes,882,150,6,21,22,281,125,106,171
MG,4921,OURO PRETO,3146107.0,78210.0,881,1126.454417593658,369,41.88422247446084,Microempresa,45,5.10783200908059,836,30,15,0,0,Lanchonetes,881,186,4,22,15,242,116,78,218
BA,3873,SANTO ANTONIO DE JESUS,2928703.0,110268.0,879,797.1487648275112,389,44.254835039817976,Microempresa,27,3.0716723549488054,852,21,6,0,0,Lanchonetes,879,150,1,28,21,218,172,105,184
BA,3313,ALAGOINHAS,2900702.0,161682.0,877,542.4227805197858,416,47.43443557582668,Microempresa,17,1.9384264538198404,860,9,8,0,0,Restaurantes,877,185,7,49,23,161,168,91,193
SP,6271,CACAPAVA,3508504.0,100422.0,870,866.3440282009918,427,49.08045977011494,Microempresa,41,4.712643678160919,829,26,15,0,0,Alimentação preparada,870,233,7,41,45,179,167,75,123
SP,7113,SAO ROQUE,3550605.0,81387.0,869,1067.7380908498899,382,43.958573072497124,Microempresa,106,12.197928653624857,763,72,34,0,0,Restaurantes,869,152,5,46,32,246,48,86,254
MT,9925,LUCAS DO RIO VERDE,5105259.0,99291.0,868,874.1980642757147,484,55.76036866359447,Microempresa,72,8.294930875576037,796,63,9,0,0,Lanchonetes,868,145,2,36,28,227,193,81,156
MG,4903,NOVA SERRANA,3145208.0,116570.0,862,739.4698464441966,431,50.0,Microempresa,25,2.9002320185614847,837,19,6,0,0,Lanchonetes,862,153,4,13,23,283,115,91,180
MS,9063,CORUMBA,5003207.0,96334.0,860,892.7273859696473,450,52.32558139534884,Microempresa,35,4.069767441860465,825,24,11,0,0,Lanchonetes,860,173,3,38,27,243,157,76,143
SC,8045,BIGUACU,4202305.0,85472.0,855,1000.3275926619244,467,54.61988304093567,Microempresa,43,5.029239766081871,812,39,4,0,0,Lanchonetes,855,200,3,28,31,223,165,69,136
SP,6509,ILHABELA,3520400.0,36766.0,845,2298.3190991677093,382,45.20710059171598,Microempresa,41,4.85207100591716,804,35,6,0,0,Lanchonetes,845,155,1,13,26,283,86,64,217
PA,411,ALTAMIRA,1500602.0,140450.0,844,600.9255962976148,465,55.09478672985782,Microempresa,33,3.909952606635071,811,30,3,0,0,Restaurantes,844,130,5,34,17,228,99,66,265
SP,6581,ITUPEVA,3524006.0,75776.0,842,1111.1697635135135,409,48.574821852731596,Microempresa,95,11.282660332541568,747,44,51,0,0,Lanchonetes,842,119,3,60,22,213,194,93,138
MG,5249,SAO JOAO DEL REI,3162500.0,94852.0,838,883.4816345464513,394,47.01670644391408,Microempresa,36,4.295942720763723,802,24,12,0,0,Lanchonetes,838,187,1,14,29,231,97,105,174
RS,8685,GUAIBA,4309308.0,95946.0,836,871.3234527755196,421,50.358851674641144,Microempresa,29,3.4688995215311005,807,13,16,0,0,Lanchonetes,836,181,7,42,8,200,148,108,142
SP,7237,VINHEDO,3556701.0,79477.0,832,1046.843740956503,350,42.06730769230769,Microempresa,87,10.45673076923077,745,36,51,0,0,Lanchonetes,832,147,2,57,34,254,73,125,140
SP,6549,ITAPEVA,3522406.0,92454.0,832,899.9069807688147,397,47.71634615384615,Microempresa,20,2.403846153846154,812,11,9,0,0,Lanchonetes,832,146,13,13,20,261,178,70,131
MG,4751,LAGOA SANTA,3137601.0,82544.0,830,1005.5243264198488,411,49.51807228915663,Microempresa,68,8.19277108433735,762,52,16,0,0,Restaurantes,830,157,12,26,24,185,109,119,198
RJ,5927,ARRAIAL DO CABO,3300258.0,32835.0,828,2521.699406121517,385,46.4975845410628,Microempresa,17,2.0531400966183577,811,11,6,0,0,Restaurantes,828,152,1,18,8,203,146,41,259
PE,2419,GARANHUNS,2606002.0,152484.0,826,541.6961779596547,434,52.54237288135594,Microempresa,24,2.9055690072639226,802,20,4,0,0,Lanchonetes,826,118,0,17,16,243,131,102,199
PR,7565,FRANCISCO BELTRAO,4108403.0,103424.0,815,788.018254950495,360,44.171779141104295,Microempresa,32,3.92638036809816,783,26,6,0,0,Lanchonetes,815,149,4,21,18,198,153,75,197
RS,8845,SANTANA DO LIVRAMENTO,4317103.0,87330.0,808,925.2261536699873,393,48.63861386138614,Microempresa,22,2.722772277227723,786,20,2,0,0,Lanchonetes,808,153,0,25,16,201,188,119,106
MG,4939,PARACATU,3147006.0,99578.0,806,809.4157343991645,395,49.007444168734494,Microempresa,45,5.583126550868486,761,28,17,0,0,Lanchonetes,806,169,16,58,27,175,120,81,160
CE,1247,EUSEBIO,2304285.0,83641.0,805,962.4466469793522,461,57.267080745341616,Microempresa,69,8.571428571428571,736,39,30,0,0,Restaurantes,805,141,5,50,22,184,86,106,211
MS,9131,PONTA PORA,5006606.0,99572.0,799,802.4344193146668,448,56.07008760951189,Microempresa,28,3.504380475594493,771,27,1,0,0,Lanchonetes,799,122,9,27,36,223,110,53,219
RS,8729,LAJEADO,4311403.0,96883.0,797,822.6417431334702,392,49.184441656210794,Microempresa,103,12.923462986198246,694,73,30,0,0,Restaurantes,797,123,6,25,28,181,160,84,190
MG,4031,ALFENAS,3101607.0,82637.0,796,963.2489078741967,383,48.11557788944724,Microempresa,22,2.763819095477387,774,10,12,0,0,Lanchonetes,796,184,11,33,11,193,144,80,140
MT,9047,CACERES,5102504.0,91908.0,795,864.9954302128215,378,47.54716981132076,Microempresa,27,3.3962264150943398,768,20,7,0,0,Lanchonetes,795,153,5,15,30,251,150,76,115
BA,3117,EUNAPOLIS,2910727.0,121577.0,794,653.0840537272675,391,49.24433249370277,Microempresa,18,2.2670025188916876,776,15,3,0,0,Lanchonetes,794,108,2,25,18,206,172,82,181
GO,9595,PLANALTINA,5217609.0,113950.0,793,695.9192628345766,455,57.377049180327866,Microempresa,19,2.3959646910466583,774,16,3,0,0,Lanchonetes,793,100,5,19,19,230,214,57,149
RS,8681,GRAMADO,4309100.0,41706.0,789,1891.8141274636744,371,47.02154626108999,Microempresa,158,20.025348542458808,631,96,62,0,0,Restaurantes,789,112,2,16,13,136,41,76,393
RS,8651,ESTEIO,4307708.0,78143.0,783,1002.0091370948134,389,49.68071519795657,Microempresa,43,5.491698595146871,740,23,20,0,0,Alimentação preparada,783,179,8,36,13,169,166,80,132
MG,5427,VICOSA,3171303.0,79797.0,781,978.7335363484842,361,46.22279129321383,Microempresa,26,3.329065300896287,755,18,8,0,0,Lanchonetes,781,207,2,29,31,208,83,79,142
PR,7587,GUARATUBA,4109609.0,45529.0,776,1704.4081794021392,322,41.49484536082475,Microempresa,19,2.448453608247423,757,18,1,0,0,Lanchonetes,776,93,5,17,11,288,108,52,202
SC,8245,PENHA,4212502.0,37775.0,775,2051.6214427531436,404,52.12903225806451,Microempresa,30,3.870967741935484,745,25,5,0,0,Lanchonetes,775,167,0,19,13,218,137,44,177
SP,6221,BEBEDOURO,3506102.0,78298.0,774,988.5309969603311,356,45.99483204134367,Microempresa,32,4.1343669250646,742,22,10,0,0,Lanchonetes,774,208,9,17,14,222,138,76,90
SP,6369,CRUZEIRO,3513405.0,76381.0,771,1009.4133357772222,343,44.487678339818416,Microempresa,22,2.853437094682231,749,17,5,0,0,Lanchonetes,771,167,6,23,13,232,158,68,104
RO,9,CACOAL,1100049.0,98884.0,771,779.7014683872012,399,51.75097276264592,Microempresa,56,7.263294422827498,715,51,5,0,0,Lanchonetes,771,141,3,21,17,204,167,58,160
SP,6887,PIRASSUNUNGA,3539301.0,75701.0,757,999.9867901348728,328,43.32892998678996,Microempresa,18,2.3778071334214,739,13,5,0,0,Lanchonetes,757,165,3,10,23,211,123,78,144
RJ,5921,VALENCA,3306107.0,71442.0,754,1055.4015845021136,343,45.49071618037136,Microempresa,6,0.7957559681697612,748,6,0,0,0,Lanchonetes,754,120,7,19,23,254,134,62,135
RJ,5851,MANGARATIBA,3302601.0,43677.0,754,1726.3090413718892,338,44.827586206896555,Microempresa,20,2.6525198938992043,734,14,6,0,0,Restaurantes,754,161,5,25,17,182,107,55,202
RO,7,ARIQUEMES,1100023.0,109731.0,751,684.4009441270015,400,53.26231691078562,Microempresa,44,5.858854860186418,707,43,1,0,0,Lanchonetes,751,116,5,21,15,260,147,51,136
CE,1385,CRATO,2304202.0,139781.0,751,537.2690136713859,364,48.46870838881491,Microempresa,16,2.130492676431425,735,12,4,0,0,Lanchonetes,751,121,4,10,18,231,92,86,189
SP,6239,BOITUVA,3507001.0,64240.0,751,1169.0535491905355,365,48.60186418109188,Microempresa,34,4.527296937416778,717,23,11,0,0,Lanchonetes,751,165,4,28,10,197,138,67,142
MG,4675,ITAUNA,3133808.0,104002.0,746,717.2938981942655,363,48.65951742627346,Microempresa,30,4.021447721179625,716,21,9,0,0,Lanchonetes,746,120,4,35,29,192,104,122,140
SP,6137,AMPARO,3501905.0,69859.0,745,1066.4338166879,305,40.939597315436245,Microempresa,31,4.1610738255033555,714,21,10,0,0,Outros Food Service,745,170,5,12,13,187,217,54,87
PR,870,PONTAL DO PARANA,4119954.0,33730.0,745,2208.7162763118886,348,46.71140939597315,Microempresa,19,2.5503355704697985,726,11,8,0,0,Lanchonetes,745,89,5,7,15,267,171,31,160
RS,8705,IJUI,4310207.0,87849.0,744,846.9077621828364,324,43.54838709677419,Microempresa,49,6.586021505376344,695,43,6,0,0,Lanchonetes,744,150,7,18,19,221,97,81,151
SC,8027,ARARANGUA,4201406.0,77625.0,744,958.4541062801932,376,50.53763440860215,Microempresa,24,3.225806451612903,720,15,9,0,0,Lanchonetes,744,140,2,19,13,255,101,74,140
PA,48,CANAA DOS CARAJAS,1502152.0,92311.0,744,805.9711193682227,457,61.424731182795696,Microempresa,98,13.172043010752688,646,88,10,0,0,Restaurantes,744,103,2,41,26,182,109,52,229
MG,5373,TIMOTEO,3168705.0,84253.0,739,877.1201025482771,322,43.5723951285521,Microempresa,34,4.600811907983761,705,27,7,0,0,Lanchonetes,739,163,3,24,20,188,108,81,152
SP,6687,MATAO,3529302.0,81144.0,738,909.4942324755989,319,43.22493224932249,Microempresa,48,6.504065040650407,690,32,16,0,0,Lanchonetes,738,158,4,37,21,227,133,69,89
MG,4787,MANHUACU,3139409.0,98067.0,732,746.4284621738199,322,43.98907103825137,Microempresa,26,3.551912568306011,706,21,5,0,0,Lanchonetes,732,117,1,9,16,228,112,80,169
MG,4723,JOAO MONLEVADE,3136207.0,84198.0,732,869.379320173876,326,44.53551912568306,Microempresa,29,3.9617486338797816,703,23,6,0,0,Lanchonetes,732,151,2,14,27,183,96,96,163
PA,425,BARCARENA,1501303.0,140756.0,730,518.6279803347637,406,55.61643835616439,Microempresa,36,4.931506849315069,694,25,11,0,0,Restaurantes,730,91,0,47,19,158,108,56,251
MG,5397,UBA,3169901.0,107613.0,725,673.7104253203609,322,44.41379310344827,Microempresa,11,1.5172413793103448,714,6,5,0,0,Lanchonetes,725,153,1,18,28,232,86,104,103
MG,4501,EXTREMA,3125101.0,60681.0,724,1193.1247013068341,401,55.386740331491715,Microempresa,81,11.187845303867404,643,26,55,0,0,Lanchonetes,724,118,7,71,12,197,83,86,150
RN,1837,SAO GONCALO DO AMARANTE,2412005.0,125691.0,722,574.4245809166925,381,52.77008310249307,Microempresa,56,7.756232686980609,666,21,35,0,0,Lanchonetes,722,144,8,22,15,198,131,73,131
BA,3781,PAULO AFONSO,2924009.0,119686.0,717,599.067560115636,345,48.11715481171548,Microempresa,25,3.486750348675035,692,18,7,0,0,Restaurantes,717,90,3,20,25,162,112,94,211
PE,2627,VITORIA DE SANTO ANTAO,2616407.0,142419.0,713,500.6354489218433,329,46.14305750350631,Microempresa,25,3.506311360448808,688,18,7,0,0,Restaurantes,713,106,7,28,23,165,149,59,176
GO,77,CIDADE OCIDENTAL,5205497.0,104114.0,712,683.8657625295349,414,58.14606741573034,Microempresa,17,2.387640449438202,695,14,3,0,0,Lanchonetes,712,124,2,10,31,195,139,62,149
MG,4267,CARATINGA,3113404.0,91082.0,708,777.3215344414923,318,44.91525423728814,Microempresa,15,2.11864406779661,693,10,5,0,0,Lanchonetes,708,125,1,15,19,254,94,59,141
GO,9371,GOIANESIA,5208608.0,78980.0,708,896.4294758166625,360,50.847457627118644,Microempresa,31,4.378531073446328,677,19,12,0,0,Lanchonetes,708,108,0,17,17,214,123,91,138
SC,8041,BARRA VELHA,4202107.0,54854.0,707,1288.8759251832137,380,53.74823196605375,Microempresa,34,4.809052333804809,673,26,8,0,0,Lanchonetes,707,162,0,17,15,216,124,56,117
SP,6587,JABOTICABAL,3524303.0,73479.0,703,956.735938159202,317,45.092460881934564,Microempresa,19,2.7027027027027026,684,13,6,0,0,Outros Food Service,703,134,8,24,22,165,176,45,129
MG,4683,ITUIUTABA,3134202.0,107133.0,703,656.1937031540235,360,51.20910384068279,Microempresa,31,4.409672830725462,672,14,17,0,0,Lanchonetes,703,124,3,19,19,209,100,67,162
PR,7751,PATO BRANCO,4118501.0,99041.0,700,706.7780010298766,306,43.714285714285715,Microempresa,48,6.857142857142858,652,40,8,0,0,Lanchonetes,700,153,2,44,25,172,86,61,157
SP,6293,CAMPO LIMPO PAULISTA,3509601.0,79890.0,699,874.95306045813,333,47.63948497854077,Microempresa,15,2.1459227467811157,684,6,9,0,0,Alimentação preparada,699,162,8,20,15,158,119,113,104
SP,6779,OLIMPIA,3533908.0,57028.0,699,1225.713684505857,335,47.92560801144492,Microempresa,50,7.1530758226037205,649,29,21,0,0,Lanchonetes,699,94,2,11,14,267,82,57,172
MA,937,TIMON,2112209.0,183123.0,698,381.1645724458424,397,56.87679083094556,Microempresa,12,1.7191977077363898,686,10,2,0,0,Restaurantes,698,128,1,22,44,131,104,87,181
RS,8637,ERECHIM,4307005.0,109610.0,697,635.8908858680777,296,42.46771879483501,Microempresa,77,11.047345767575322,620,51,26,0,0,Restaurantes,697,120,9,38,0,173,103,72,182
PE,2435,IGARASSU,2606804.0,123666.0,696,562.8062684974043,351,50.43103448275862,Microempresa,26,3.7356321839080464,670,16,10,0,0,Lanchonetes,696,121,1,41,23,177,132,93,108
PR,7495,CASTRO,4104907.0,76015.0,695,914.2932315990265,303,43.597122302158276,Microempresa,15,2.158273381294964,680,5,10,0,0,Lanchonetes,695,113,1,15,21,239,116,65,125
MG,5385,TRES CORACOES,3169307.0,78492.0,694,884.1665392651481,300,43.22766570605187,Microempresa,29,4.178674351585014,665,22,7,0,0,Lanchonetes,694,127,5,13,19,259,103,65,103
RS,8585,CANELA,4304408.0,50717.0,693,1366.4057416645308,342,49.35064935064935,Microempresa,51,7.35930735930736,642,43,8,0,0,Restaurantes,693,106,4,15,15,179,93,85,196
SP,6553,ITAPIRA,3522604.0,74145.0,691,931.9576505495988,276,39.94211287988423,Microempresa,25,3.61794500723589,666,11,14,0,0,Lanchonetes,691,125,11,17,17,200,173,79,69
RS,8933,TORRES,4321501.0,43346.0,690,1591.8423845337516,330,47.82608695652174,Microempresa,40,5.797101449275362,650,34,6,0,0,Lanchonetes,690,105,3,6,10,196,142,46,182
BA,3533,GUANAMBI,2911709.0,93873.0,690,735.0356332491771,338,48.98550724637681,Microempresa,14,2.0289855072463765,676,14,0,0,0,Outros Food Service,690,81,2,13,16,171,183,53,171
PR,7825,ROLANDIA,4122404.0,76671.0,686,894.7320368848717,322,46.93877551020408,Microempresa,17,2.478134110787172,669,7,10,0,0,Lanchonetes,686,119,2,16,35,204,143,64,103
MG,4521,FORMIGA,3126109.0,71113.0,683,960.4432382264846,288,42.16691068814056,Microempresa,31,4.538799414348463,652,27,4,0,0,Lanchonetes,683,117,1,26,28,180,144,83,104
RJ,786,SEROPEDICA,3305554.0,84821.0,680,801.6882611617406,350,51.470588235294116,Microempresa,13,1.911764705882353,667,6,7,0,0,Lanchonetes,680,156,13,21,15,160,119,77,119
SP,6637,LENCOIS PAULISTA,3526803.0,68724.0,679,988.0100110587276,323,47.56995581737849,Microempresa,32,4.712812960235641,647,28,4,0,0,Alimentação preparada,679,163,4,19,26,162,121,68,116
MG,4941,PARA DE MINAS,3147105.0,103611.0,677,653.4055264402429,294,43.42688330871492,Microempresa,32,4.726735598227474,645,28,4,0,0,Lanchonetes,677,135,5,17,29,199,66,85,141
AL,2793,MARECHAL DEODORO,2704708.0,62528.0,675,1079.516376663255,322,47.7037037037037,Microempresa,39,5.777777777777778,636,34,5,0,0,Restaurantes,675,81,0,25,20,173,119,43,214
TO,9385,GURUPI,1709500.0,90818.0,674,742.143627915171,293,43.47181008902077,Microempresa,22,3.2640949554896146,652,13,9,0,0,Restaurantes,674,111,3,20,33,161,123,50,173
SP,6495,IBIUNA,3519709.0,77936.0,673,863.5290494764936,267,39.673105497771175,Microempresa,32,4.75482912332838,641,27,5,0,0,Lanchonetes,673,97,4,26,26,193,117,64,146
SP,6643,LINS,3527108.0,76946.0,671,872.0401320406518,267,39.79135618479881,Microempresa,15,2.235469448584203,656,15,0,0,0,Lanchonetes,671,122,10,15,49,188,141,51,95
SP,6411,FERNANDOPOLIS,3515509.0,73706.0,669,907.6601633516946,282,42.152466367713004,Microempresa,24,3.587443946188341,645,16,8,0,0,Lanchonetes,669,119,7,6,11,266,83,56,121
SC,8311,SAO BENTO DO SUL,4215802.0,88401.0,667,754.5163516249816,308,46.17691154422789,Microempresa,56,8.395802098950526,611,50,6,0,0,Lanchonetes,667,139,2,33,18,156,107,74,138
SP,6403,EMBU-GUACU,3515103.0,69041.0,663,960.2989527961646,358,53.996983408748115,Microempresa,30,4.524886877828054,633,26,4,0,0,Restaurantes,663,125,5,25,17,135,113,83,160
CE,1321,ARACATI,2301109.0,79636.0,662,831.2823346225325,302,45.61933534743202,Microempresa,11,1.6616314199395772,651,6,5,0,0,Restaurantes,662,101,1,9,17,167,75,45,247
PB,2175,SANTA RITA,2513703.0,162488.0,659,405.5684112057506,352,53.414264036418814,Microempresa,12,1.8209408194233687,647,3,9,0,0,Lanchonetes,659,112,1,26,8,163,146,67,136
SC,5537,BOMBINHAS,4202453.0,29722.0,658,2213.8483278379654,326,49.544072948328264,Microempresa,32,4.86322188449848,626,29,3,0,0,Restaurantes,658,134,2,14,15,203,49,32,209
SP,6769,NOVA ODESSA,3533403.0,64924.0,657,1011.9524366952128,301,45.81430745814307,Microempresa,49,7.4581430745814306,608,26,23,0,0,Lanchonetes,657,126,7,26,23,183,139,67,86
MT,9035,BARRA DO GARCAS,5101803.0,75524.0,648,858.0054022562364,309,47.68518518518518,Microempresa,29,4.4753086419753085,619,23,6,0,0,Lanchonetes,648,101,2,19,25,193,112,46,150
SC,8113,GAROPABA,4205704.0,35153.0,648,1843.3704093533981,338,52.160493827160494,Microempresa,57,8.796296296296296,591,54,3,0,0,Lanchonetes,648,125,6,11,13,201,83,35,174
PB,1965,CABEDELO,2503209.0,71364.0,647,906.6195841040301,357,55.17774343122102,Microempresa,22,3.400309119010819,625,13,9,0,0,Lanchonetes,647,112,4,28,10,178,115,55,145
SP,6595,JAGUARIUNA,3524709.0,62764.0,645,1027.6591676757378,307,47.5968992248062,Microempresa,54,8.372093023255815,591,33,21,0,0,Lanchonetes,645,118,10,27,18,180,91,102,99
SP,6707,MIRASSOL,3530300.0,66102.0,638,965.1750325254909,285,44.67084639498432,Microempresa,15,2.3510971786833856,623,5,10,0,0,Lanchonetes,638,131,3,17,13,189,145,52,88
SC,9985,ITAPOA,4208450.0,37488.0,637,1699.2104139991463,304,47.72370486656201,Microempresa,10,1.5698587127158554,627,9,1,0,0,Lanchonetes,637,104,5,13,9,259,79,24,144
CE,1319,AQUIRAZ,2301000.0,85865.0,636,740.6976067082047,334,52.51572327044025,Microempresa,38,5.9748427672955975,598,23,15,0,0,Restaurantes,636,86,0,31,25,132,98,50,214
BA,3957,VALENCA,2932903.0,90075.0,634,703.8578961976131,249,39.27444794952682,Microempresa,17,2.6813880126182967,617,14,3,0,0,Restaurantes,634,101,2,14,14,136,137,54,176
SP,6953,REGISTRO,3542602.0,62101.0,632,1017.6969775043881,282,44.620253164556964,Microempresa,17,2.689873417721519,615,12,5,0,0,Lanchonetes,632,154,2,21,16,190,85,63,101
MG,4417,CURVELO,3120904.0,84709.0,632,746.0836510878419,312,49.36708860759494,Microempresa,45,7.120253164556963,587,41,4,0,0,Lanchonetes,632,121,16,13,8,190,118,65,101
MG,5273,SAO LOURENCO,3163706.0,47071.0,632,1342.6525886426887,288,45.56962025316456,Microempresa,19,3.0063291139240507,613,13,6,0,0,Lanchonetes,632,114,1,11,13,207,94,76,116
RS,8507,ALEGRETE,4300406.0,74285.0,632,850.7774113212628,262,41.45569620253164,Microempresa,14,2.2151898734177213,618,13,1,0,0,Outros Food Service,632,117,0,11,17,169,188,79,51
RS,8853,SANTO ANGELO,4317509.0,79146.0,629,794.7337831349658,224,35.6120826709062,Microempresa,30,4.769475357710652,599,21,9,0,0,Lanchonetes,629,107,6,19,16,148,111,84,138
PE,2573,SAO LOURENCO DA MATA,2613701.0,118719.0,629,529.8225220899772,325,51.669316375198726,Microempresa,18,2.8616852146263914,611,16,2,0,0,Lanchonetes,629,118,1,22,18,164,132,64,110
BA,3651,JACOBINA,2917508.0,87121.0,629,721.9843665706317,229,36.40699523052464,Microempresa,6,0.9538950715421303,623,5,1,0,0,Lanchonetes,629,103,0,18,17,166,116,63,146
MG,5407,UNAI,3170404.0,91884.0,628,683.4704627573898,337,53.66242038216561,Microempresa,18,2.8662420382165608,610,14,4,0,0,Lanchonetes,628,90,6,29,24,189,78,63,149
RJ,2913,JAPERI,3302270.0,102182.0,627,613.6110078095946,322,51.355661881977674,Microempresa,7,1.1164274322169059,620,6,1,0,0,Alimentação preparada,627,139,0,25,16,128,134,87,98
RS,8577,CAMPO BOM,4303905.0,64720.0,619,956.4276885043263,305,49.27302100161551,Microempresa,44,7.1082390953150245,575,33,11,0,0,Lanchonetes,619,133,8,25,13,145,97,59,139
PB,2117,PATOS,2510808.0,108416.0,619,570.9489374262101,293,47.33441033925686,Microempresa,26,4.20032310177706,593,23,3,0,0,Lanchonetes,619,102,1,11,22,173,84,76,150
GO,9459,MINEIROS,5213103.0,76188.0,617,809.8388197616423,313,50.72933549432739,Microempresa,36,5.834683954619125,581,25,11,0,0,Lanchonetes,617,90,0,11,21,256,88,39,112
PR,7915,TELEMACO BORBA,4127106.0,77798.0,616,791.7941335252833,333,54.05844155844156,Microempresa,22,3.571428571428571,594,15,7,0,0,Lanchonetes,616,109,2,24,19,193,102,66,101
PA,567,REDENCAO,1506138.0,93414.0,612,655.1480506133984,348,56.86274509803921,Microempresa,24,3.9215686274509802,588,23,1,0,0,Restaurantes,612,87,7,16,19,148,94,48,193
SP,6913,PORTO FELIZ,3540606.0,58837.0,608,1033.3633597906078,274,45.06578947368421,Microempresa,30,4.934210526315789,578,11,19,0,0,Outros Food Service,608,127,6,13,17,140,175,46,84
MA,849,PACO DO LUMIAR,2107506.0,153903.0,605,393.10474779568943,364,60.16528925619835,Microempresa,12,1.9834710743801653,593,9,3,0,0,Lanchonetes,605,96,1,27,24,142,117,62,136
RS,8899,SAPIRANGA,4319901.0,77935.0,604,775.0048117020594,257,42.549668874172184,Microempresa,37,6.125827814569536,567,22,15,0,0,Lanchonetes,604,107,2,22,16,154,116,50,137
MG,5041,PONTE NOVA,3152105.0,59703.0,604,1011.6744552200057,260,43.04635761589404,Microempresa,17,2.814569536423841,587,13,4,0,0,Lanchonetes,604,160,0,12,20,190,76,48,98
RJ,6003,ITATIAIA,3302254.0,32721.0,603,1842.8532135325938,247,40.96185737976783,Microempresa,54,8.955223880597014,549,33,21,0,0,Lanchonetes,603,77,2,27,27,193,73,30,174
SP,6737,MONTE MOR,3531803.0,68311.0,599,876.871953272533,270,45.07512520868113,Microempresa,25,4.173622704507513,574,10,15,0,0,Lanchonetes,599,108,2,32,20,167,116,63,91
RJ,2907,GUAPIMIRIM,3301850.0,54316.0,598,1100.9647249429265,289,48.32775919732442,Microempresa,25,4.1806020066889635,573,25,0,0,0,Lanchonetes,598,118,2,15,11,173,86,67,126
MT,9937,NOVA MUTUM,5106224.0,65663.0,597,909.1878226703013,339,56.78391959798995,Microempresa,61,10.217755443886096,536,55,6,0,0,Alimentação preparada,597,171,3,11,11,131,87,51,132
MG,4961,PATROCINIO,3148103.0,94834.0,592,624.2486871797036,286,48.310810810810814,Microempresa,28,4.72972972972973,564,21,7,0,0,Lanchonetes,592,92,3,15,17,202,53,69,141
BA,3721,MATA DE SAO JOAO,2921005.0,45073.0,589,1306.7690191467175,256,43.463497453310694,Microempresa,22,3.7351443123938877,567,17,5,0,0,Restaurantes,589,81,1,29,19,94,78,51,236
SC,8117,GASPAR,4205902.0,79645.0,587,737.0205285956432,265,45.144804088586035,Microempresa,46,7.836456558773425,541,36,10,0,0,Lanchonetes,587,122,1,26,14,168,102,54,100
MG,4799,MARIANA,3140001.0,64929.0,585,900.9841519197893,264,45.12820512820513,Microempresa,32,5.47008547008547,553,19,13,0,0,Lanchonetes,585,106,7,18,18,197,75,55,109
PR,7505,CIANORTE,4105508.0,83579.0,584,698.7401141435049,266,45.54794520547945,Microempresa,51,8.732876712328768,533,41,10,0,0,Lanchonetes,584,111,4,6,14,163,124,68,94
PI,1159,PICOS,2208007.0,87129.0,583,669.122794936244,264,45.28301886792453,Microempresa,20,3.430531732418525,563,19,1,0,0,Restaurantes,583,61,0,9,8,159,33,59,254
RS,8559,CACHOEIRA DO SUL,4303004.0,82222.0,582,707.8397509182457,265,45.53264604810997,Microempresa,17,2.9209621993127146,565,16,1,0,0,Lanchonetes,582,116,4,15,16,150,131,59,91
SC,8355,TIJUCAS,4218004.0,60560.0,582,961.0303830911492,306,52.57731958762887,Microempresa,48,8.24742268041237,534,38,10,0,0,Lanchonetes,582,130,2,26,15,180,86,38,105
MG,4305,CATAGUASES,3115300.0,67600.0,574,849.1124260355031,232,40.41811846689895,Microempresa,13,2.264808362369338,561,13,0,0,0,Lanchonetes,574,141,3,15,8,161,86,62,98
ES,760,MARATAIZES,3203320.0,46461.0,574,1235.4447816448203,278,48.43205574912892,Microempresa,21,3.6585365853658534,553,17,4,0,0,Lanchonetes,574,86,1,6,14,192,131,33,111
SC,8147,INDAIAL,4207502.0,79523.0,572,719.2887592268903,283,49.47552447552447,Microempresa,45,7.8671328671328675,527,28,17,0,0,Lanchonetes,572,132,4,32,7,143,94,70,90
SP,6711,MOCOCA,3530508.0,69415.0,572,824.0293884607073,239,41.78321678321678,Microempresa,16,2.797202797202797,556,14,2,0,0,Lanchonetes,572,95,14,9,12,208,85,85,64
PE,2577,SERRA TALHADA,2613909.0,99436.0,565,568.2046743634097,267,47.256637168141594,Microempresa,27,4.778761061946903,538,25,2,0,0,Restaurantes,565,72,0,8,26,135,79,73,172
CE,1411,IGUATU,2305506.0,102907.0,564,548.0676727530682,237,42.02127659574468,Microempresa,8,1.4184397163120568,556,5,3,0,0,Restaurantes,564,79,0,6,19,149,69,79,163
MG,4985,PEDRO LEOPOLDO,3149309.0,65424.0,562,859.0119833700171,243,43.238434163701065,Microempresa,17,3.0249110320284696,545,13,4,0,0,Lanchonetes,562,94,4,14,25,155,80,73,117
AL,2853,RIO LARGO,2707701.0,97742.0,561,573.9600171881075,272,48.484848484848484,Microempresa,31,5.525846702317291,530,9,22,0,0,Lanchonetes,561,67,0,21,16,169,123,61,104
PE,2427,GRAVATA,2606408.0,92929.0,560,602.6105951855718,281,50.17857142857143,Microempresa,22,3.9285714285714284,538,17,5,0,0,Restaurantes,560,71,2,9,19,146,77,75,161
MT,8999,PONTES E LACERDA,5106752.0,56720.0,556,980.2538787023976,286,51.438848920863315,Microempresa,30,5.39568345323741,526,26,4,0,0,Lanchonetes,556,105,2,14,18,156,97,36,128
SP,6149,APARECIDA,3502507.0,33067.0,554,1675.3863368312818,215,38.8086642599278,Microempresa,48,8.664259927797833,506,33,15,0,0,Lanchonetes,554,91,2,5,7,186,84,22,157
SE,3233,SAO CRISTOVAO,2806701.0,111567.0,553,495.66628124803924,290,52.44122965641953,Microempresa,8,1.4466546112115732,545,7,1,0,0,Alimentação preparada,553,132,4,17,19,101,101,78,101
PE,2631,ABREU E LIMA,2600054.0,104527.0,551,527.1365293177839,285,51.724137931034484,Microempresa,19,3.4482758620689653,532,7,12,0,0,Lanchonetes,551,119,1,21,19,126,95,81,89
GO,1058,NOVO GAMA,5215231.0,108219.0,551,509.1527365804526,300,54.44646098003629,Microempresa,11,1.9963702359346642,540,10,1,0,0,Lanchonetes,551,91,0,13,14,172,93,62,106
SP,6915,PORTO FERREIRA,3540705.0,54005.0,551,1020.2759003795945,234,42.46823956442831,Microempresa,15,2.722323049001815,536,8,7,0,0,Alimentação preparada,551,143,1,9,17,140,142,36,63
MG,5293,SAO SEBASTIAO DO PARAISO,3164704.0,75593.0,547,723.6119746537378,221,40.40219378427788,Microempresa,14,2.5594149908592323,533,12,2,0,0,Lanchonetes,547,105,10,8,10,211,82,52,69
SP,6597,JALES,3524808.0,50132.0,546,1089.124710763584,203,37.17948717948718,Microempresa,18,3.296703296703297,528,13,5,0,0,Lanchonetes,546,103,6,20,11,162,104,60,80
RS,8749,MONTENEGRO,4312401.0,66353.0,546,822.8716109294229,237,43.40659340659341,Microempresa,38,6.95970695970696,508,20,18,0,0,Lanchonetes,546,115,4,24,12,131,104,78,78
SP,6357,COSMOPOLIS,3512803.0,61196.0,546,892.2151774625792,238,43.58974358974359,Microempresa,11,2.0146520146520146,535,6,5,0,0,Lanchonetes,546,91,4,19,15,175,75,68,99
MG,4481,ESMERALDAS,3124104.0,94543.0,545,576.4572734099828,289,53.027522935779814,Microempresa,10,1.834862385321101,535,6,4,0,0,Restaurantes,545,109,0,5,18,118,104,68,123
PA,471,ITAITUBA,1503606.0,136990.0,543,396.37929775896055,276,50.82872928176796,Microempresa,33,6.077348066298343,510,29,4,0,0,Restaurantes,543,72,4,23,13,135,89,50,157
MG,4541,FRUTAL,3127107.0,61588.0,543,881.6652594661297,252,46.408839779005525,Microempresa,29,5.3406998158379375,514,23,6,0,0,Lanchonetes,543,89,5,5,16,175,93,35,125
SP,6269,CABREUVA,3508405.0,48815.0,543,1112.3630031752534,264,48.61878453038674,Microempresa,57,10.497237569060774,486,27,30,0,0,Lanchonetes,543,103,2,50,10,140,94,71,73
PA,509,PARAGOMINAS,1505502.0,114128.0,533,467.01948689191084,293,54.971857410881796,Microempresa,41,7.6923076923076925,492,39,2,0,0,Restaurantes,533,69,5,19,18,129,77,48,168
PR,7937,UNIAO DA VITORIA,4128203.0,56701.0,528,931.2005079275498,227,42.99242424242424,Microempresa,34,6.4393939393939394,494,32,2,0,0,Lanchonetes,528,112,8,3,6,158,98,54,89
RS,8953,VACARIA,4322509.0,66147.0,528,798.222141593723,213,40.340909090909086,Microempresa,24,4.545454545454546,504,12,12,0,0,Lanchonetes,528,93,0,29,4,141,93,62,106
SP,6727,MONTE ALTO,3531308.0,48787.0,528,1082.2555188882284,181,34.28030303030303,Microempresa,12,2.272727272727273,516,5,7,0,0,Lanchonetes,528,77,2,10,12,196,120,44,67
GO,9375,GOIANIRA,5208806.0,84170.0,528,627.3018890340976,311,58.90151515151515,Microempresa,5,0.946969696969697,523,4,1,0,0,Lanchonetes,528,102,3,15,17,146,78,44,123
SP,7273,VARGEM GRANDE PAULISTA,3556453.0,52574.0,525,998.5924601514056,256,48.76190476190476,Microempresa,40,7.6190476190476195,485,28,12,0,0,Restaurantes,525,114,2,27,22,108,67,56,129
CE,1429,ITAPIPOCA,2306405.0,137795.0,525,381.000762001524,270,51.42857142857142,Microempresa,11,2.0952380952380953,514,6,5,0,0,Restaurantes,525,57,0,7,15,157,81,41,167
TO,9559,PORTO NACIONAL,1718204.0,70507.0,524,743.1886195696881,273,52.09923664122137,Microempresa,19,3.6259541984732824,505,12,7,0,0,Restaurantes,524,63,2,18,15,137,111,40,138
RJ,5923,VASSOURAS,3306206.0,35908.0,523,1456.4999443021054,215,41.10898661567878,Microempresa,19,3.632887189292543,504,15,4,0,0,Outros Food Service,523,87,2,7,5,126,158,43,95
RJ,5825,CASIMIRO DE ABREU,3301306.0,48672.0,522,1072.4852071005917,228,43.67816091954023,Microempresa,11,2.10727969348659,511,10,1,0,0,Lanchonetes,522,78,2,16,9,174,82,39,122
SP,2969,ILHA COMPRIDA,3520426.0,14237.0,522,3666.502774460912,228,43.67816091954023,Microempresa,3,0.5747126436781609,519,3,0,0,0,Outros Food Service,522,35,2,5,5,92,302,15,66
SC,8265,PORTO BELO,4213500.0,32615.0,521,1597.4244979304,278,53.35892514395394,Microempresa,39,7.485604606525912,482,28,11,0,0,Lanchonetes,521,104,5,16,6,168,72,39,111
RJ,5815,CACHOEIRAS DE MACACU,3300803.0,59873.0,521,870.1752041821857,217,41.65067178502879,Microempresa,17,3.262955854126679,504,11,6,0,0,Lanchonetes,521,83,1,7,18,161,95,49,107
RS,8847,SANTA ROSA,4317202.0,79489.0,521,655.4366012907446,256,49.1362763915547,Microempresa,44,8.445297504798464,477,33,11,0,0,Lanchonetes,521,112,4,28,12,113,88,59,105
AP,615,SANTANA,1600600.0,119224.0,521,436.99255183520097,309,59.309021113243766,Microempresa,45,8.637236084452974,476,40,5,0,0,Restaurantes,521,82,0,15,11,121,105,37,150
PE,2323,ARCOVERDE,2601201.0,82933.0,518,624.6005811920465,249,48.06949806949807,Microempresa,6,1.1583011583011582,512,5,1,0,0,Lanchonetes,518,87,0,13,13,150,83,58,114
RS,8619,CRUZ ALTA,4306106.0,60453.0,517,855.2098324318065,231,44.680851063829785,Microempresa,22,4.25531914893617,495,20,2,0,0,Lanchonetes,517,104,3,14,13,146,99,73,65
SP,6847,PENAPOLIS,3537305.0,63523.0,517,813.8784377312155,194,37.524177949709866,Microempresa,15,2.9013539651837523,502,10,5,0,0,Lanchonetes,517,89,3,16,23,134,130,38,84
SC,8025,ARAQUARI,4201307.0,53939.0,517,958.4901462763493,283,54.73887814313346,Microempresa,25,4.835589941972921,492,9,16,0,0,Lanchonetes,517,119,1,29,10,141,74,55,88
MG,4573,GUAXUPE,3128709.0,52862.0,515,974.2348000454014,217,42.13592233009709,Microempresa,18,3.4951456310679614,497,12,6,0,0,Lanchonetes,515,72,0,6,10,167,137,25,98
SP,7109,SAO PEDRO,3550407.0,40054.0,515,1285.7642183052878,218,42.33009708737864,Microempresa,16,3.1067961165048543,499,10,6,0,0,Lanchonetes,515,116,2,11,17,134,109,36,90
SP,6493,IBITINGA,3519600.0,62353.0,515,825.942617035267,209,40.58252427184466,Microempresa,14,2.7184466019417477,501,13,1,0,0,Lanchonetes,515,84,3,4,11,178,110,41,84
MG,4601,IGARAPE,3130101.0,49729.0,515,1035.6130225823965,275,53.398058252427184,Microempresa,13,2.524271844660194,502,10,3,0,0,Restaurantes,515,100,1,12,12,123,62,53,152
ES,5607,ANCHIETA,3200409.0,33397.0,513,1536.0661137227896,220,42.8849902534113,Microempresa,17,3.313840155945419,496,8,9,0,0,Outros Food Service,513,64,2,8,12,122,142,44,119
SP,6175,ARTUR NOGUEIRA,3503802.0,53686.0,512,953.6937004060649,261,50.9765625,Microempresa,24,4.6875,488,18,6,0,0,Outros Food Service,512,67,6,18,15,117,145,66,78
SP,6141,ANDRADINA,3502101.0,61761.0,509,824.1446867764447,194,38.1139489194499,Microempresa,14,2.75049115913556,495,8,6,0,0,Lanchonetes,509,123,5,10,6,128,94,64,79
MG,4637,ITABIRITO,3131901.0,56818.0,509,895.8428666971733,254,49.90176817288802,Microempresa,21,4.12573673870334,488,13,8,0,0,Lanchonetes,509,128,0,24,10,161,41,68,77
SP,7175,TAQUARITINGA,3553708.0,53212.0,507,952.7926031722168,175,34.51676528599605,Microempresa,9,1.7751479289940828,498,7,2,0,0,Outros Food Service,507,64,0,18,12,127,191,31,64
MT,9777,CAMPO NOVO DO PARECIS,5102637.0,53393.0,504,943.9439626917386,287,56.94444444444444,Microempresa,36,7.142857142857142,468,27,9,0,0,Lanchonetes,504,89,3,19,9,146,93,45,100
SP,6217,BATATAIS,3505906.0,59999.0,502,836.6806113435224,201,40.0398406374502,Microempresa,18,3.5856573705179287,484,16,2,0,0,Lanchonetes,502,93,3,3,11,137,126,65,64
GO,9395,INHUMAS,5210000.0,54133.0,502,927.3456117340625,238,47.410358565737056,Microempresa,17,3.386454183266932,485,17,0,0,0,Lanchonetes,502,61,0,15,8,154,114,52,98
SP,7029,SANTA CRUZ DO RIO PARDO,3546405.0,47833.0,500,1045.3034515919971,217,43.4,Microempresa,16,3.2,484,13,3,0,0,Outros Food Service,500,110,1,12,13,109,149,38,68
PE,2549,SANTA CRUZ DO CAPIBARIBE,2612505.0,105386.0,499,473.4974285009394,243,48.69739478957916,Microempresa,25,5.01002004008016,474,25,0,0,0,Lanchonetes,499,51,0,5,6,174,55,69,139
BA,3593,IRECE,2914604.0,79105.0,498,629.5430124518045,225,45.18072289156627,Microempresa,15,3.0120481927710845,483,12,3,0,0,Restaurantes,498,55,3,17,15,133,88,39,148
MG,4359,CONGONHAS,3118007.0,55542.0,496,893.0178963667134,259,52.21774193548387,Microempresa,11,2.217741935483871,485,8,3,0,0,Lanchonetes,496,100,4,13,9,126,72,67,105
MA,727,BALSAS,2101400.0,106332.0,495,465.52307865929356,243,49.09090909090909,Microempresa,53,10.707070707070706,442,46,7,0,0,Restaurantes,495,49,3,30,18,133,76,34,152
MA,757,CAXIAS,2103000.0,163650.0,492,300.6416131989001,245,49.796747967479675,Microempresa,28,5.691056910569105,464,23,5,0,0,Lanchonetes,492,69,0,18,19,127,94,41,124
PR,7607,IRATI,4110706.0,61192.0,491,802.3924696038697,220,44.806517311608964,Microempresa,17,3.462321792260693,474,9,8,0,0,Lanchonetes,491,67,1,14,3,152,128,59,67
PR,7701,MEDIANEIRA,4115804.0,58681.0,491,836.7273904671018,248,50.509164969450104,Microempresa,19,3.8696537678207736,472,18,1,0,0,Lanchonetes,491,85,4,8,14,165,84,58,73
SP,6811,PARAGUACU PAULISTA,3535507.0,42014.0,484,1151.9969533964868,211,43.595041322314046,Microempresa,10,2.066115702479339,474,5,5,0,0,Outros Food Service,484,82,0,7,10,142,147,38,58
ES,5683,PIUMA,3204203.0,24176.0,480,1985.4401058901392,237,49.375,Microempresa,6,1.25,474,6,0,0,0,Lanchonetes,480,84,1,8,13,169,87,25,93
MG,4431,DIAMANTINA,3121605.0,49625.0,480,967.2544080604533,215,44.79166666666667,Microempresa,25,5.208333333333334,455,21,4,0,0,Lanchonetes,480,111,0,18,15,132,92,42,70
SP,6669,MAIRINQUE,3528403.0,52092.0,478,917.607310143592,230,48.11715481171548,Microempresa,25,5.230125523012552,453,17,8,0,0,Alimentação preparada,478,110,3,13,20,106,89,65,72
BA,3429,CANDEIAS,2906501.0,74645.0,478,640.3643914528769,217,45.39748953974895,Microempresa,36,7.531380753138076,442,14,22,0,0,Restaurantes,478,61,9,43,6,82,84,54,139
RS,8655,FARROUPILHA,4307906.0,72553.0,477,657.4504155582815,226,47.37945492662474,Microempresa,58,12.159329140461216,419,49,9,0,0,Lanchonetes,477,90,0,32,7,121,43,77,107
PE,2379,CARPINA,2604007.0,83727.0,477,569.7086961195313,234,49.056603773584904,Microempresa,11,2.3060796645702304,466,9,2,0,0,Lanchonetes,477,58,0,13,10,162,78,53,103
BA,3087,DIAS D'AVILA,2910057.0,75516.0,477,631.6542189734627,224,46.9601677148847,Microempresa,18,3.7735849056603774,459,7,11,0,0,Alimentação preparada,477,108,1,35,5,84,83,58,103
SC,8057,CACADOR,4203006.0,76591.0,474,618.8716689950517,241,50.84388185654009,Microempresa,43,9.071729957805907,431,18,25,0,0,Lanchonetes,474,83,8,18,6,112,109,51,87
RJ,5885,RIO BONITO,3304300.0,59147.0,472,798.0117334776066,215,45.55084745762712,Microempresa,19,4.025423728813559,453,13,6,0,0,Lanchonetes,472,100,2,7,10,136,75,48,94
CE,1569,TIANGUA,2313401.0,87757.0,470,535.5698120947617,224,47.65957446808511,Microempresa,4,0.851063829787234,466,4,0,0,0,Restaurantes,470,46,0,12,23,129,45,36,179
SP,7201,TUPA,3555000.0,65447.0,470,718.138340947637,201,42.765957446808514,Microempresa,15,3.1914893617021276,455,7,8,0,0,Lanchonetes,470,98,4,7,19,153,80,37,72
PB,1937,BAYEUX,2501807.0,83351.0,469,562.680711689122,217,46.26865671641791,Microempresa,17,3.624733475479744,452,5,12,0,0,Outros Food Service,469,67,2,16,16,114,140,59,55
PR,7477,CAMPINA GRANDE DO SUL,4104006.0,51154.0,468,914.8844665128827,209,44.65811965811966,Microempresa,24,5.128205128205128,444,12,12,0,0,Lanchonetes,468,71,4,15,6,108,107,52,105
SP,6309,CAPIVARI,3510401.0,51415.0,468,910.2402022756005,212,45.2991452991453,Microempresa,19,4.05982905982906,449,14,5,0,0,Outros Food Service,468,80,6,20,15,115,136,45,51
RS,8591,CARAZINHO,4304705.0,63671.0,468,735.0285059132101,233,49.78632478632478,Microempresa,37,7.905982905982905,431,29,8,0,0,Outros Food Service,468,90,2,11,7,94,122,45,97
SP,6205,BARRA BONITA,3505302.0,35102.0,466,1327.5596832089338,172,36.9098712446352,Microempresa,12,2.575107296137339,454,7,5,0,0,Lanchonetes,466,95,1,6,15,162,87,47,53
SC,8251,BALNEARIO DE PICARRAS,4212809.0,31604.0,465,1471.3327426907986,255,54.83870967741935,Microempresa,22,4.731182795698925,443,18,4,0,0,Lanchonetes,465,108,5,15,4,151,64,28,90
MG,4743,LAGOA DA PRATA,3137205.0,54251.0,464,855.2837735709942,218,46.98275862068966,Microempresa,5,1.0775862068965518,459,5,0,0,0,Lanchonetes,464,93,10,5,15,116,89,71,65
SC,8185,LAGUNA,4209409.0,44126.0,463,1049.2680052576713,226,48.81209503239741,Microempresa,6,1.2958963282937366,457,5,1,0,0,Lanchonetes,463,85,1,4,16,142,90,26,99
MG,4179,BRUMADINHO,3109006.0,41382.0,462,1116.4274322169058,220,47.61904761904761,Microempresa,26,5.627705627705628,436,19,7,0,0,Restaurantes,462,65,3,17,18,110,55,44,150
MG,4767,LEOPOLDINA,3138401.0,52779.0,462,875.3481498323198,175,37.878787878787875,Microempresa,13,2.813852813852814,449,12,1,0,0,Lanchonetes,462,82,4,5,3,155,78,57,78
MA,961,ACAILANDIA,2100055.0,110703.0,460,415.52622783483736,230,50.0,Microempresa,13,2.8260869565217392,447,9,4,0,0,Restaurantes,460,42,2,17,7,131,53,38,170
GO,9325,CRISTALINA,5206206.0,67922.0,459,675.775153852949,225,49.01960784313725,Microempresa,33,7.18954248366013,426,26,7,0,0,Lanchonetes,459,68,6,18,6,155,47,41,118
SC,8291,RIO DO SUL,4214805.0,78666.0,459,583.47952101289,182,39.651416122004356,Microempresa,39,8.49673202614379,420,34,5,0,0,Lanchonetes,459,91,6,16,6,170,51,40,79
TO,9519,PARAISO DO TOCANTINS,1716109.0,56223.0,458,814.6132365757785,208,45.414847161572055,Microempresa,15,3.2751091703056767,443,14,1,0,0,Lanchonetes,458,57,2,21,21,129,85,31,112
MT,9779,CAMPO VERDE,5102678.0,51969.0,457,879.3703938886644,258,56.455142231947484,Microempresa,20,4.3763676148796495,437,19,1,0,0,Lanchonetes,457,107,2,12,10,138,71,34,83
RN,1881,TIBAU DO SUL,2414209.0,18302.0,455,2486.0670964921865,186,40.879120879120876,Microempresa,31,6.813186813186813,424,24,7,0,0,Restaurantes,455,48,3,0,13,98,27,23,243
MG,4701,JANAUBA,3135100.0,73814.0,453,613.704717262308,196,43.26710816777042,Microempresa,15,3.3112582781456954,438,10,5,0,0,Lanchonetes,453,61,4,11,15,142,68,46,106
SP,7037,SANTA ISABEL,3546801.0,54775.0,452,825.1939753537198,195,43.141592920353986,Microempresa,11,2.433628318584071,441,6,5,0,0,Lanchonetes,452,82,6,9,17,131,76,39,92
SP,6927,PRESIDENTE EPITACIO,3541307.0,40267.0,450,1117.540417711774,194,43.111111111111114,Microempresa,9,2.0,441,5,4,0,0,Outros Food Service,450,58,1,6,9,117,166,25,68
RS,8863,SAO BORJA,4318002.0,61311.0,449,732.3318817177994,196,43.652561247216035,Microempresa,10,2.2271714922048997,439,10,0,0,0,Lanchonetes,449,100,3,20,9,139,74,45,59
ES,5677,NOVA VENECIA,3203908.0,52531.0,449,854.7333955188365,189,42.093541202672604,Microempresa,8,1.7817371937639197,441,8,0,0,0,Lanchonetes,449,96,2,11,9,121,94,45,71
MG,5023,PIRAPORA,3151206.0,57873.0,448,774.1088244950149,227,50.66964285714286,Microempresa,15,3.3482142857142856,433,11,4,0,0,Lanchonetes,448,77,2,14,5,135,82,31,102
RS,8569,CAMAQUA,4303509.0,63961.0,448,700.4268225950188,205,45.75892857142857,Microempresa,12,2.6785714285714284,436,8,4,0,0,Lanchonetes,448,91,1,15,5,116,101,49,70
PA,54,MARITUBA,1504422.0,119859.0,447,372.9382023878057,218,48.769574944071586,Microempresa,32,7.158836689038031,415,30,2,0,0,Restaurantes,447,60,0,19,15,103,86,29,135
RN,1671,EXTREMOZ,2403608.0,70452.0,447,634.4745358541986,234,52.348993288590606,Microempresa,16,3.5794183445190155,431,9,7,0,0,Restaurantes,447,78,4,6,10,91,90,46,122
BA,3391,BRUMADO,2904605.0,74617.0,446,597.7190184542396,167,37.44394618834081,Microempresa,21,4.708520179372197,425,17,4,0,0,Outros Food Service,446,81,0,16,9,91,113,57,79
CE,1369,CASCAVEL,2303501.0,77340.0,446,576.6744246185673,218,48.87892376681614,Microempresa,6,1.345291479820628,440,4,2,0,0,Restaurantes,446,45,2,11,21,116,65,37,149
RS,8773,OSORIO,4313508.0,49000.0,444,906.1224489795919,197,44.36936936936937,Microempresa,40,9.00900900900901,404,36,4,0,0,Lanchonetes,444,94,3,10,9,113,91,37,87
PI,1077,FLORIANO,2203909.0,64614.0,444,687.1575819481845,174,39.189189189189186,Microempresa,22,4.954954954954955,422,20,2,0,0,Restaurantes,444,62,0,9,18,119,41,44,151
ES,5637,DOMINGOS MARTINS,3201902.0,38498.0,441,1145.514052678061,171,38.775510204081634,Microempresa,20,4.535147392290249,421,17,3,0,0,Lanchonetes,441,86,1,10,9,130,55,46,104
SC,8137,ICARA,4207007.0,64717.0,441,681.4283727614074,220,49.88662131519274,Microempresa,20,4.535147392290249,421,11,9,0,0,Lanchonetes,441,78,1,27,10,94,94,56,81
SP,6835,PEDERNEIRAS,3536703.0,46439.0,440,947.4794892224207,204,46.36363636363636,Microempresa,6,1.3636363636363635,434,4,2,0,0,Lanchonetes,440,91,2,12,13,127,90,41,64
MT,8987,ALTA FLORESTA,5100250.0,63017.0,438,695.0505419172604,229,52.28310502283106,Microempresa,34,7.76255707762557,404,28,6,0,0,Lanchonetes,438,100,2,14,27,118,48,30,99
BA,3495,CRUZ DAS ALMAS,2909802.0,63437.0,438,690.4487917146145,197,44.97716894977169,Microempresa,23,5.251141552511415,415,18,5,0,0,Lanchonetes,438,84,0,7,12,111,93,26,105
SP,7095,SAO JOSE DO RIO PARDO,3549706.0,53437.0,438,819.6567921103355,174,39.726027397260275,Microempresa,14,3.1963470319634704,424,13,1,0,0,Lanchonetes,438,74,4,9,13,129,90,49,70
SP,6305,CAPAO BONITO,3510203.0,47415.0,437,921.6492671095644,182,41.64759725400457,Microempresa,4,0.9153318077803204,433,4,0,0,0,Lanchonetes,437,90,0,3,5,127,110,48,54
SP,7131,SERRANA,3551504.0,45734.0,437,955.5254296584598,222,50.800915331807786,Microempresa,8,1.8306636155606408,429,7,1,0,0,Lanchonetes,437,91,6,5,5,137,94,49,50
CE,1253,HORIZONTE,2305233.0,82325.0,436,529.6082599453385,232,53.21100917431193,Microempresa,12,2.7522935779816518,424,2,10,0,0,Lanchonetes,436,74,3,21,22,113,79,40,84
GO,9473,MORRINHOS,5213806.0,54995.0,435,790.9809982725703,214,49.195402298850574,Microempresa,5,1.1494252873563218,430,5,0,0,0,Lanchonetes,435,100,0,19,12,129,57,49,69
CE,1537,RUSSAS,2311801.0,75073.0,434,578.1039787939739,191,44.00921658986175,Microempresa,9,2.0737327188940093,425,4,5,0,0,Restaurantes,434,48,4,10,21,123,67,37,124
BA,3407,CAIRU,2905404.0,18662.0,434,2325.5813953488373,162,37.327188940092164,Microempresa,24,5.529953917050691,410,24,0,0,0,Restaurantes,434,29,1,0,2,72,65,15,250
SP,7089,SAO JOAQUIM DA BARRA,3549409.0,49948.0,434,868.9036598061984,197,45.39170506912442,Microempresa,7,1.6129032258064515,427,3,4,0,0,Alimentação preparada,434,101,2,14,22,100,82,41,72
CE,1527,QUIXADA,2311306.0,89190.0,433,485.48043502634823,222,51.27020785219399,Microempresa,21,4.849884526558892,412,13,8,0,0,Restaurantes,433,60,1,20,20,96,70,39,127
SP,6647,LOUVEIRA,3527306.0,55314.0,431,779.1879090284557,209,48.49187935034803,Microempresa,34,7.888631090487238,397,5,29,0,0,Lanchonetes,431,83,5,32,6,119,85,39,62
SP,6389,DRACENA,3514403.0,46800.0,431,920.940170940171,182,42.22737819025522,Microempresa,7,1.6241299303944314,424,5,2,0,0,Lanchonetes,431,91,7,4,10,129,72,46,72
CE,1495,PACATUBA,2309706.0,87219.0,431,494.1583829211525,229,53.1322505800464,Microempresa,7,1.6241299303944314,424,1,6,0,0,Lanchonetes,431,79,0,31,9,120,72,37,83
BA,3599,ITACARE,2914901.0,29641.0,426,1437.1984750851861,206,48.35680751173709,Microempresa,7,1.643192488262911,419,7,0,0,0,Restaurantes,426,50,0,14,8,101,63,19,171
PR,7525,CORNELIO PROCOPIO,4106407.0,45614.0,426,933.9237953259965,171,40.140845070422536,Microempresa,13,3.051643192488263,413,9,4,0,0,Lanchonetes,426,57,3,12,8,163,67,36,80
PR,7683,MARECHAL CANDIDO RONDON,4114609.0,59291.0,424,715.1169654753672,169,39.85849056603774,Microempresa,17,4.009433962264151,407,14,3,0,0,Lanchonetes,424,62,1,10,18,117,108,38,70
BA,3629,ITAPETINGA,2916401.0,68714.0,423,615.595075239398,173,40.8983451536643,Microempresa,11,2.6004728132387704,412,7,4,0,0,Lanchonetes,423,50,2,13,12,131,65,55,95
RJ,5873,PARAIBA DO SUL,3303708.0,44485.0,422,948.6343711363381,166,39.33649289099526,Microempresa,6,1.4218009478672986,416,6,0,0,0,Lanchonetes,422,97,3,7,4,116,64,55,76
BA,3901,SENHOR DO BONFIM,2930105.0,78193.0,421,538.4113667463839,169,40.142517814726844,Microempresa,12,2.8503562945368173,409,11,1,0,0,Restaurantes,421,55,0,3,12,109,84,45,113
SP,6857,PIEDADE,3537800.0,54291.0,421,775.4508113683668,159,37.76722090261283,Microempresa,10,2.375296912114014,411,9,1,0,0,Lanchonetes,421,62,7,6,22,145,82,31,66
SE,3157,ITABAIANA,2802908.0,110041.0,420,381.6759207931589,171,40.714285714285715,Microempresa,9,2.142857142857143,411,5,4,0,0,Lanchonetes,420,33,5,6,11,113,62,86,104
CE,1455,MARANGUAPE,2307700.0,108323.0,419,386.8061261227994,180,42.959427207637226,Microempresa,12,2.863961813842482,407,6,6,0,0,Lanchonetes,419,58,2,16,14,120,63,43,103
SC,8073,CANOINHAS,4203808.0,57169.0,418,731.1654917875072,186,44.49760765550239,Microempresa,9,2.15311004784689,409,5,4,0,0,Lanchonetes,418,73,4,8,11,137,72,33,80
SP,6435,GARCA,3516705.0,43051.0,418,970.9414415460733,170,40.66985645933015,Microempresa,6,1.4354066985645932,412,4,2,0,0,Outros Food Service,418,64,5,9,8,113,122,41,56
SP,6331,CERQUILHO,3511508.0,46547.0,418,898.0170580273701,208,49.760765550239235,Microempresa,22,5.263157894736842,396,16,6,0,0,Alimentação preparada,418,107,2,12,12,89,63,73,60
RS,9825,PAROBE,4314050.0,53569.0,417,778.4352890664377,215,51.55875299760192,Microempresa,12,2.877697841726619,405,8,4,0,0,Lanchonetes,417,57,1,17,12,112,94,50,74
CE,991,ITAITINGA,2306256.0,74250.0,417,561.6161616161617,252,60.431654676258994,Microempresa,16,3.8369304556354913,401,7,9,0,0,Lanchonetes,417,87,1,20,16,112,64,35,82
PR,7591,IBIPORA,4109807.0,53486.0,416,777.7736230041506,190,45.67307692307692,Microempresa,13,3.125,403,7,6,0,0,Lanchonetes,416,89,1,12,11,114,78,51,60
RJ,5871,PARACAMBI,3303609.0,43451.0,414,952.7974039722907,174,42.028985507246375,Microempresa,17,4.1062801932367154,397,14,3,0,0,Lanchonetes,414,87,8,14,6,107,68,36,88
RO,29,ROLIM DE MOURA,1100288.0,63336.0,413,652.0778072502211,202,48.91041162227603,Microempresa,22,5.326876513317192,391,20,2,0,0,Lanchonetes,413,89,2,7,12,116,61,45,81
RJ,774,IGUABA GRANDE,3301876.0,29681.0,413,1391.4625518008154,231,55.932203389830505,Microempresa,8,1.937046004842615,405,7,1,0,0,Lanchonetes,413,91,0,7,8,102,64,46,95
MG,4917,OURO BRANCO,3145901.0,40853.0,413,1010.9416689104838,182,44.06779661016949,Microempresa,18,4.358353510895883,395,7,11,0,0,Lanchonetes,413,91,1,20,6,96,56,53,90
MG,5191,SANTA RITA DO SAPUCAI,3159605.0,42703.0,411,962.4616537479802,180,43.79562043795621,Microempresa,22,5.35279805352798,389,17,5,0,0,Lanchonetes,411,70,0,13,15,135,68,33,77
RJ,5899,SAO JOAO DA BARRA,3305000.0,38756.0,410,1057.9007121477964,177,43.170731707317074,Microempresa,12,2.9268292682926833,398,5,7,0,0,Restaurantes,410,72,2,22,8,87,83,24,112
PE,2423,GOIANA,2606200.0,85806.0,408,475.49122438990275,178,43.627450980392155,Microempresa,14,3.431372549019608,394,5,9,0,0,Lanchonetes,408,52,1,11,11,116,74,61,82
SC,8199,MAFRA,4210100.0,57501.0,408,709.5528773412636,195,47.794117647058826,Microempresa,22,5.392156862745098,386,13,9,0,0,Lanchonetes,408,73,2,18,7,128,73,41,66
MG,5387,TRES PONTAS,3169406.0,57325.0,408,711.7313563017881,188,46.07843137254902,Microempresa,10,2.450980392156863,398,9,1,0,0,Lanchonetes,408,75,1,8,8,117,89,42,68
RS,7297,IMBE,4310330.0,28029.0,405,1444.9320346783688,185,45.67901234567901,Microempresa,9,2.2222222222222223,396,7,2,0,0,Lanchonetes,405,60,1,10,7,121,62,38,106
RS,5785,XANGRI-LA,4323804.0,16949.0,405,2389.5215056935513,202,49.876543209876544,Microempresa,38,9.382716049382717,367,25,13,0,0,Restaurantes,405,61,0,4,8,114,38,29,151
SP,6771,NOVO HORIZONTE,3533502.0,39548.0,405,1024.0720137554363,171,42.22222222222222,Microempresa,13,3.2098765432098766,392,11,2,0,0,Lanchonetes,405,73,1,7,19,165,65,26,49
MG,4861,MONTE CARMELO,3143104.0,49637.0,404,813.9089791889115,173,42.82178217821782,Microempresa,11,2.722772277227723,393,8,3,0,0,Lanchonetes,404,76,2,7,9,153,52,46,59
MG,4223,CAMPO BELO,3111200.0,54106.0,404,746.682438176912,200,49.504950495049506,Microempresa,5,1.2376237623762376,399,5,0,0,0,Lanchonetes,404,79,12,8,2,154,45,49,55
MG,4083,ARCOS,3104205.0,43941.0,403,917.1388907853714,187,46.40198511166253,Microempresa,23,5.707196029776675,380,14,9,0,0,Lanchonetes,403,59,2,19,15,140,50,44,74
GO,9677,SANTO ANTONIO DO DESCOBERTO,5219753.0,75814.0,403,531.5640910649748,225,55.831265508684865,Microempresa,6,1.488833746898263,397,3,3,0,0,Lanchonetes,403,58,0,7,15,123,77,34,89
SP,6605,JARINU,3525201.0,40433.0,402,994.2373803576286,199,49.50248756218906,Microempresa,25,6.218905472636816,377,7,18,0,0,Lanchonetes,402,73,1,23,16,103,47,50,89
AL,2789,MARAGOGI,2704500.0,33283.0,402,1207.823813959078,181,45.024875621890544,Microempresa,27,6.7164179104477615,375,21,6,0,0,Restaurantes,402,24,2,11,9,105,62,14,175
PR,7887,SAO MATEUS DO SUL,4125605.0,43558.0,400,918.3158088066486,149,37.25,Microempresa,15,3.75,385,11,4,0,0,Lanchonetes,400,74,2,7,12,113,83,32,77
MG,4209,CAMANDUCAIA,3110509.0,28152.0,400,1420.8581983518045,191,47.75,Microempresa,21,5.25,379,13,8,0,0,Restaurantes,400,44,1,8,11,133,19,31,153
RS,8927,TAQUARA,4321204.0,54353.0,397,730.4104649237393,174,43.8287153652393,Microempresa,24,6.045340050377834,373,16,8,0,0,Outros Food Service,397,67,2,14,12,87,91,48,76
SP,7197,TREMEMBE,3554805.0,53734.0,396,736.9635612461384,197,49.74747474747475,Microempresa,8,2.0202020202020203,388,5,3,0,0,Lanchonetes,396,96,1,11,11,111,55,46,65
PR,7687,MARIALVA,4114807.0,45360.0,396,873.015873015873,200,50.505050505050505,Microempresa,10,2.525252525252525,386,4,6,0,0,Lanchonetes,396,74,0,17,11,136,80,33,45
ES,5655,ITAPEMIRIM,3202801.0,44621.0,395,885.233410277672,169,42.78481012658228,Microempresa,20,5.063291139240507,375,20,0,0,0,Lanchonetes,395,67,1,5,8,114,86,21,93
PR,7731,PAICANDU,4117503.0,49694.0,393,790.839940435465,208,52.926208651399484,Microempresa,4,1.0178117048346056,389,3,1,0,0,Alimentação preparada,393,124,0,10,22,96,60,41,40
MS,9123,NOVA ANDRADINA,5006200.0,51081.0,392,767.4086255163368,168,42.857142857142854,Microempresa,20,5.1020408163265305,372,20,0,0,0,Lanchonetes,392,61,5,5,29,118,56,41,77
MS,9125,PARANAIBA,5006309.0,42728.0,386,903.3888784871746,182,47.15025906735752,Microempresa,10,2.5906735751295336,376,7,3,0,0,Lanchonetes,386,63,2,12,7,108,55,32,107
SP,6565,ITARARE,3523206.0,45111.0,385,853.450377956596,174,45.19480519480519,Microempresa,1,0.2597402597402597,384,1,0,0,0,Lanchonetes,385,54,1,2,4,106,104,36,78
CE,1493,PACAJUS,2309607.0,76051.0,385,506.2392341981039,180,46.75324675324675,Microempresa,9,2.3376623376623376,376,5,4,0,0,Lanchonetes,385,81,0,10,11,104,48,30,101
MG,5029,PIUMHI,3151503.0,38257.0,385,1006.3517787594426,177,45.97402597402597,Microempresa,8,2.0779220779220777,377,6,2,0,0,Outros Food Service,385,40,0,6,6,74,176,27,56
SC,8357,TIMBO,4218202.0,50613.0,385,760.6741351036295,172,44.675324675324674,Microempresa,45,11.688311688311687,340,30,15,0,0,Lanchonetes,385,79,1,19,25,93,25,63,80
RS,8851,SANTIAGO,4317400.0,50336.0,385,764.8601398601398,175,45.45454545454545,Microempresa,6,1.5584415584415585,379,6,0,0,0,Outros Food Service,385,70,1,4,4,85,150,16,55
PB,1975,CAJAZEIRAS,2503704.0,66976.0,385,574.8327759197324,147,38.18181818181819,Microempresa,9,2.3376623376623376,376,7,2,0,0,Lanchonetes,385,49,1,7,14,120,57,17,120
RJ,5893,SANTO ANTONIO DE PADUA,3304706.0,43703.0,383,876.3700432464591,135,35.24804177545692,Microempresa,2,0.5221932114882507,381,0,2,0,0,Lanchonetes,383,86,2,3,7,97,71,43,74
GO,9563,QUIRINOPOLIS,5218508.0,50665.0,379,748.0509227277213,188,49.6042216358839,Microempresa,11,2.9023746701846966,368,9,2,0,0,Lanchonetes,379,50,4,6,14,143,47,33,82
SP,6363,CRAVINHOS,3513108.0,34356.0,378,1100.2444987775061,170,44.97354497354497,Microempresa,34,8.994708994708994,344,18,16,0,0,Lanchonetes,378,66,0,9,10,104,70,47,72
MG,5213,SANTOS DUMONT,3160702.0,43054.0,377,875.6445394156176,160,42.44031830238727,Microempresa,8,2.122015915119363,369,8,0,0,0,Lanchonetes,377,50,0,4,11,139,72,36,65
SP,7033,SANTA FE DO SUL,3546603.0,36458.0,377,1034.066597180317,172,45.62334217506631,Microempresa,12,3.183023872679045,365,8,4,0,0,Lanchonetes,377,66,4,7,8,133,37,32,90
SP,6113,AGUDOS,3500709.0,39084.0,376,962.0304984136732,173,46.01063829787234,Microempresa,15,3.9893617021276597,361,3,12,0,0,Lanchonetes,376,71,1,22,13,92,92,33,52
SC,8083,CONCORDIA,4204301.0,88402.0,376,425.3297436709577,175,46.54255319148936,Microempresa,53,14.095744680851062,323,49,4,0,0,Lanchonetes,376,100,4,13,8,106,27,44,74
RS,8649,ESTANCIA VELHA,4307609.0,49500.0,375,757.5757575757576,187,49.86666666666667,Microempresa,46,12.266666666666666,329,33,13,0,0,Alimentação preparada,375,84,1,38,9,70,67,40,66
MG,4147,BOM DESPACHO,3107406.0,54738.0,375,685.0816617340787,169,45.06666666666666,Microempresa,10,2.666666666666667,365,7,3,0,0,Lanchonetes,375,72,2,8,6,113,58,45,71
SP,6603,JARDINOPOLIS,3525102.0,47354.0,375,791.9077585842801,166,44.266666666666666,Microempresa,7,1.866666666666667,368,3,4,0,0,Outros Food Service,375,74,2,10,11,80,112,34,52
SP,6865,ESPIRITO SANTO DO PINHAL,3515186.0,40547.0,374,922.3863664389474,157,41.97860962566845,Microempresa,13,3.4759358288770055,361,8,5,0,0,Lanchonetes,374,70,2,4,3,106,99,38,52
GO,9543,PIRENOPOLIS,5217302.0,28292.0,374,1321.928460342146,169,45.18716577540107,Microempresa,21,5.614973262032086,353,18,3,0,0,Restaurantes,374,38,2,5,13,110,50,21,135
SP,6157,ARACOIABA DA SERRA,3502903.0,33989.0,373,1097.4138691929743,202,54.15549597855228,Microempresa,14,3.753351206434316,359,7,7,0,0,Alimentação preparada,373,112,0,13,6,81,74,29,58
SC,8339,SAO MIGUEL DO OESTE,4217204.0,48490.0,372,767.168488348113,185,49.73118279569893,Microempresa,32,8.60215053763441,340,26,6,0,0,Restaurantes,372,77,7,6,10,82,66,32,92
PA,443,CAPANEMA,1502202.0,75791.0,372,490.82344869443597,166,44.623655913978496,Microempresa,17,4.56989247311828,355,14,3,0,0,Lanchonetes,372,55,1,12,16,104,64,33,87
MS,9787,CHAPADAO DO SUL,5002951.0,35384.0,371,1048.4964955912278,170,45.82210242587601,Microempresa,13,3.5040431266846364,358,12,1,0,0,Lanchonetes,371,74,5,7,17,108,48,39,73
RS,8869,SAO GABRIEL,4318309.0,60090.0,370,615.7430520885339,138,37.2972972972973,Microempresa,7,1.891891891891892,363,5,2,0,0,Lanchonetes,370,76,3,4,8,127,56,38,58
BA,3909,SERRINHA,2930501.0,84928.0,369,434.4856819894499,154,41.734417344173444,Microempresa,4,1.084010840108401,365,4,0,0,0,Restaurantes,369,58,0,10,15,81,77,38,90
SP,6843,PEDREIRA,3537107.0,44433.0,369,830.4638444399434,130,35.230352303523034,Microempresa,11,2.9810298102981028,358,5,6,0,0,Lanchonetes,369,39,7,13,4,139,73,37,57
CE,1453,LIMOEIRO DO NORTE,2307601.0,62945.0,369,586.2260703789023,170,46.070460704607044,Microempresa,4,1.084010840108401,365,1,3,0,0,Restaurantes,369,49,1,12,25,75,58,46,103
AM,241,ITACOATIARA,1301902.0,115218.0,369,320.2624589907827,189,51.21951219512195,Microempresa,40,10.840108401084011,329,39,1,0,0,Restaurantes,369,39,0,10,16,102,57,34,111
BA,3855,SANTA CRUZ CABRALIA,2927705.0,31148.0,368,1181.4562732759728,186,50.54347826086957,Microempresa,5,1.358695652173913,363,3,2,0,0,Restaurantes,368,45,1,2,14,75,58,13,160
CE,1549,SAO GONCALO DO AMARANTE,2312403.0,58848.0,368,625.3398586188146,177,48.09782608695652,Microempresa,12,3.260869565217391,356,5,7,0,0,Restaurantes,368,33,1,21,14,97,49,20,133
BA,3595,ITABERABA,2914703.0,68590.0,367,535.0634203236624,160,43.596730245231605,Microempresa,4,1.08991825613079,363,3,1,0,0,Lanchonetes,367,51,0,15,14,90,66,47,84
SP,6467,GUARAREMA,3518305.0,32785.0,366,1116.3641909409791,133,36.33879781420765,Microempresa,27,7.377049180327869,339,12,15,0,0,Restaurantes,366,75,2,14,12,108,25,20,110
RN,1639,CAICO,2402006.0,63338.0,366,577.8521582620228,161,43.98907103825137,Microempresa,14,3.825136612021858,352,8,6,0,0,Lanchonetes,366,76,3,6,9,111,53,31,77
MG,730,SARZEDO,3165537.0,40585.0,366,901.8110139213995,190,51.91256830601093,Microempresa,13,3.551912568306011,353,8,5,0,0,Restaurantes,366,76,0,13,11,61,61,57,87
SP,7103,SAO MANUEL,3550100.0,38099.0,363,952.7809128848526,121,33.33333333333333,Microempresa,7,1.9283746556473829,356,6,1,0,0,Outros Food Service,363,83,5,4,3,88,105,34,41
MG,4725,JOAO PINHEIRO,3136306.0,48906.0,363,742.2402159244265,169,46.5564738292011,Microempresa,10,2.7548209366391188,353,7,3,0,0,Lanchonetes,363,54,12,13,14,94,59,32,85
SC,8383,XANXERE,4219507.0,55573.0,362,651.3954618249869,158,43.646408839779006,Microempresa,15,4.143646408839778,347,13,2,0,0,Outros Food Service,362,54,2,9,15,80,106,44,52
RS,8423,ELDORADO DO SUL,4306767.0,41013.0,361,880.2087143100969,171,47.368421052631575,Microempresa,28,7.756232686980609,333,20,8,0,0,Alimentação preparada,361,79,0,30,4,71,57,44,76
SE,3141,ESTANCIA,2802106.0,67136.0,358,533.2459485224023,165,46.089385474860336,Microempresa,15,4.189944134078212,343,10,5,0,0,Restaurantes,358,59,0,10,17,93,44,39,96
CE,1343,BEBERIBE,2302206.0,56272.0,358,636.1956212681263,155,43.296089385474865,Microempresa,1,0.27932960893854747,357,0,1,0,0,Restaurantes,358,47,0,4,9,81,73,20,124
MG,2673,SANTANA DO PARAISO,3158953.0,49978.0,357,714.3142982912482,174,48.739495798319325,Microempresa,8,2.2408963585434174,349,6,2,0,0,Lanchonetes,357,80,1,15,12,87,59,54,49
MS,9113,NAVIRAI,5005707.0,53307.0,357,669.7056671731667,172,48.17927170868347,Microempresa,11,3.081232492997199,346,10,1,0,0,Lanchonetes,357,93,2,12,12,102,50,39,47
MG,5241,SAO GOTARDO,3162104.0,44364.0,356,802.4524389144352,155,43.53932584269663,Microempresa,5,1.4044943820224718,351,5,0,0,0,Lanchonetes,356,75,0,9,11,109,40,54,58
SC,8379,VIDEIRA,4219309.0,59839.0,356,594.929728103745,158,44.38202247191011,Microempresa,28,7.865168539325842,328,19,9,0,0,Lanchonetes,356,72,4,13,13,103,35,38,78
SP,6615,JOSE BONIFACIO,3525706.0,38111.0,354,928.8656818241453,119,33.61581920903955,Microempresa,1,0.2824858757062147,353,0,1,0,0,Lanchonetes,354,31,0,2,7,133,106,30,45
SP,7231,VARGEM GRANDE DO SUL,3556404.0,41283.0,354,857.4958215245985,135,38.13559322033898,Microempresa,10,2.824858757062147,344,9,1,0,0,Outros Food Service,354,58,1,8,7,108,114,35,23
PE,2333,BELO JARDIM,2601706.0,84389.0,353,418.30096339570326,187,52.97450424929179,Microempresa,8,2.26628895184136,345,4,4,0,0,Restaurantes,353,52,1,17,10,91,56,27,99
SP,7133,SERRA NEGRA,3551603.0,31155.0,353,1133.0444551436367,128,36.26062322946176,Microempresa,14,3.9660056657223794,339,13,1,0,0,Lanchonetes,353,32,2,4,7,161,32,32,83
GO,9633,URUACU,5221601.0,44907.0,353,786.0689870176142,151,42.77620396600567,Microempresa,12,3.39943342776204,341,7,5,0,0,Lanchonetes,353,40,1,10,6,105,55,35,101
SP,6449,GUAIRA,3517406.0,40547.0,353,870.5946185907712,137,38.81019830028329,Microempresa,9,2.5495750708215295,344,6,3,0,0,Outros Food Service,353,74,2,5,13,86,112,27,34
AC,107,CRUZEIRO DO SUL,1200203.0,99404.0,353,355.11649430606417,185,52.40793201133145,Microempresa,6,1.69971671388102,347,4,2,0,0,Restaurantes,353,37,1,4,10,113,55,14,119
RS,8799,PORTAO,4314803.0,35274.0,353,1000.7370868061461,156,44.19263456090651,Microempresa,28,7.932011331444759,325,20,8,0,0,Outros Food Service,353,58,2,22,8,76,102,33,52
SP,6473,GUARIBA,3518602.0,38740.0,352,908.6215797625193,138,39.20454545454545,Microempresa,11,3.125,341,9,2,0,0,Lanchonetes,352,48,1,14,6,117,78,40,48
PR,7733,PALMAS,4117602.0,50564.0,352,696.1474566885531,165,46.875,Microempresa,6,1.7045454545454544,346,4,2,0,0,Lanchonetes,352,55,2,8,1,134,63,27,62
PE,2543,SALGUEIRO,2612208.0,66233.0,352,531.4571286216841,162,46.02272727272727,Microempresa,10,2.840909090909091,342,7,3,0,0,Restaurantes,352,51,3,10,6,94,51,28,109
SP,6905,PONTAL,3540200.0,38206.0,350,916.0864785635764,162,46.285714285714285,Microempresa,11,3.1428571428571432,339,5,6,0,0,Outros Food Service,350,48,1,11,4,88,129,28,41
MG,4029,ALEM PARAIBA,3101508.0,30994.0,347,1119.5715299735432,144,41.4985590778098,Microempresa,13,3.7463976945244957,334,9,4,0,0,Lanchonetes,347,68,5,5,3,100,92,25,49
PB,2225,SOUSA,2516201.0,70247.0,347,493.97127279456777,141,40.63400576368876,Microempresa,19,5.475504322766571,328,14,5,0,0,Lanchonetes,347,51,2,11,18,93,52,31,89
MS,9809,SAO GABRIEL DO OESTE,5007695.0,32696.0,346,1058.233423048691,171,49.421965317919074,Microempresa,7,2.023121387283237,339,6,1,0,0,Outros Food Service,346,52,0,9,16,81,94,26,68
CE,1383,CRATEUS,2304103.0,80435.0,346,430.160999564866,161,46.53179190751445,Microempresa,1,0.2890173410404624,345,1,0,0,0,Restaurantes,346,42,0,7,14,102,35,34,112
MG,4199,CAETE,3110004.0,39704.0,343,863.8928067700988,119,34.69387755102041,Microempresa,11,3.206997084548105,332,6,5,0,0,Lanchonetes,343,64,3,10,13,90,68,27,68
MS,9157,SIDROLANDIA,5007901.0,50079.0,343,684.9178298288704,176,51.31195335276968,Microempresa,22,6.41399416909621,321,21,1,0,0,Restaurantes,343,70,0,6,16,77,60,36,78
SP,7143,SOCORRO,3552106.0,41633.0,343,823.8656834722457,127,37.02623906705539,Microempresa,14,4.081632653061225,329,12,2,0,0,Lanchonetes,343,49,2,9,2,139,49,30,63
MS,9107,MARACAJU,5005400.0,48564.0,342,704.2253521126761,152,44.44444444444444,Microempresa,10,2.923976608187134,332,6,4,0,0,Lanchonetes,342,58,6,13,17,95,52,29,72
ES,5631,CONCEICAO DA BARRA,3201605.0,28891.0,341,1180.2983628119482,119,34.89736070381232,Microempresa,9,2.6392961876832843,332,9,0,0,0,Restaurantes,341,53,1,8,5,79,70,25,100
PR,7859,SANTO ANTONIO DA PLATINA,4124103.0,45730.0,341,745.6811720970917,147,43.10850439882698,Microempresa,6,1.7595307917888565,335,4,2,0,0,Lanchonetes,341,46,1,7,10,129,73,29,46
RN,1651,CEARA-MIRIM,2402600.0,83662.0,341,407.5924553560756,180,52.785923753665685,Microempresa,11,3.225806451612903,330,6,5,0,0,Restaurantes,341,45,4,7,8,83,67,32,95
MT,9831,JUINA,5105150.0,48987.0,340,694.0616898360789,162,47.647058823529406,Microempresa,11,3.2352941176470593,329,11,0,0,0,Lanchonetes,340,70,0,6,9,106,71,21,57
GO,9431,JARAGUA,5211800.0,46835.0,340,725.9528130671506,147,43.23529411764706,Microempresa,4,1.1764705882352942,336,2,2,0,0,Lanchonetes,340,34,0,6,8,108,58,41,85
CE,985,JIJOCA DE JERICOACOARA,2307254.0,28707.0,340,1184.380116347929,165,48.529411764705884,Microempresa,20,5.88235294117647,320,14,6,0,0,Restaurantes,340,21,2,1,6,70,15,17,208
MG,4107,BARAO DE COCAIS,3105400.0,32424.0,340,1048.6059708857636,171,50.294117647058826,Microempresa,19,5.588235294117648,321,18,1,0,0,Lanchonetes,340,69,3,18,11,86,46,35,72
SP,7191,TIETE,3554508.0,38749.0,339,874.8612867428836,144,42.47787610619469,Microempresa,17,5.014749262536873,322,4,13,0,0,Lanchonetes,339,72,0,18,14,89,57,48,41
RS,8955,VENANCIO AIRES,4322608.0,70842.0,336,474.29490979927164,110,32.73809523809524,Microempresa,30,8.928571428571429,306,23,7,0,0,Lanchonetes,336,74,0,12,11,87,41,29,82
PB,2027,GUARABIRA,2506301.0,60265.0,336,557.5375425205343,163,48.51190476190476,Microempresa,4,1.1904761904761905,332,3,1,0,0,Lanchonetes,336,45,0,2,9,98,67,38,77
MG,4051,ANDRADAS,3102605.0,42708.0,335,784.3963660204176,142,42.38805970149254,Microempresa,13,3.880597014925373,322,13,0,0,0,Lanchonetes,335,34,1,3,5,127,62,56,47
MG,4919,OURO FINO,3146008.0,33340.0,334,1001.7996400719857,145,43.41317365269461,Microempresa,7,2.095808383233533,327,6,1,0,0,Lanchonetes,334,38,2,5,3,110,86,34,56
SP,6191,BADY BASSITT,3504602.0,29738.0,333,1119.7794068195574,164,49.249249249249246,Microempresa,5,1.5015015015015014,328,5,0,0,0,Lanchonetes,333,65,3,12,9,87,61,49,47
SE,3169,LAGARTO,2803500.0,106330.0,332,312.23549327565127,160,48.19277108433735,Microempresa,14,4.216867469879518,318,14,0,0,0,Lanchonetes,332,40,1,6,7,106,55,41,76
MG,722,SAO JOAQUIM DE BICAS,3162922.0,37509.0,332,885.1209043162974,171,51.50602409638554,Microempresa,16,4.819277108433735,316,10,6,0,0,Alimentação preparada,332,85,3,18,6,70,52,30,68
BA,3811,PRADO,2925501.0,37733.0,332,879.8664299154586,165,49.6987951807229,Microempresa,6,1.8072289156626504,326,4,2,0,0,Restaurantes,332,39,2,3,5,64,48,12,159
SP,6507,IGUAPE,3520301.0,29900.0,331,1107.0234113712374,123,37.160120845921455,Microempresa,8,2.416918429003021,323,8,0,0,0,Lanchonetes,331,60,1,6,16,89,69,17,73
PR,7445,BANDEIRANTES,4102406.0,31690.0,330,1041.337961502051,131,39.696969696969695,Microempresa,4,1.2121212121212122,326,2,2,0,0,Lanchonetes,330,57,5,4,13,111,55,42,43
MG,4265,CARANGOLA,3113305.0,32105.0,329,1024.7624980532628,123,37.38601823708207,Microempresa,5,1.5197568389057752,324,2,3,0,0,Lanchonetes,329,39,2,9,3,109,64,38,65
RS,8721,JAGUARAO,4311007.0,27396.0,329,1200.9052416411155,128,38.90577507598784,Microempresa,5,1.5197568389057752,324,4,1,0,0,Outros Food Service,329,68,0,5,9,90,103,26,28
SP,6101,ADAMANTINA,3500105.0,35701.0,328,918.7417719391614,144,43.90243902439025,Microempresa,6,1.8292682926829267,322,5,1,0,0,Lanchonetes,328,68,1,2,6,114,71,29,37
MG,4703,JANUARIA,3135209.0,67157.0,328,488.4077609184448,136,41.46341463414634,Microempresa,10,3.048780487804878,318,8,2,0,0,Lanchonetes,328,47,3,7,7,92,42,39,91
MA,723,BACABAL,2101202.0,107874.0,328,304.05843854867715,187,57.012195121951216,Microempresa,8,2.4390243902439024,320,7,1,0,0,Restaurantes,328,25,0,8,8,89,67,35,96
RS,8831,ROSARIO DO SUL,4316402.0,37673.0,328,870.650067687734,122,37.19512195121951,Microempresa,8,2.4390243902439024,320,7,1,0,0,Outros Food Service,328,47,0,6,6,83,107,46,33
SP,6931,PRESIDENTE VENCESLAU,3541505.0,35728.0,328,918.0474697716077,133,40.54878048780488,Microempresa,7,2.1341463414634148,321,6,1,0,0,Lanchonetes,328,76,0,6,10,81,73,28,54
MS,9141,RIBAS DO RIO PARDO,5007109.0,24300.0,325,1337.4485596707818,165,50.76923076923077,Microempresa,38,11.692307692307692,287,35,3,0,0,Lanchonetes,325,46,1,21,8,100,47,17,85
CE,1337,BARBALHA,2301901.0,82602.0,324,392.2423185879277,166,51.23456790123457,Microempresa,5,1.5432098765432098,319,5,0,0,0,Restaurantes,324,28,4,9,9,98,35,32,109
SC,8259,POMERODE,4213203.0,37602.0,324,861.656294877932,142,43.82716049382716,Microempresa,38,11.728395061728394,286,25,13,0,0,Lanchonetes,324,61,1,21,7,96,26,37,75
PA,523,SALINOPOLIS,1506203.0,49140.0,323,657.3056573056573,152,47.05882352941176,Microempresa,22,6.811145510835913,301,17,5,0,0,Restaurantes,323,29,0,11,4,59,32,9,179
MG,4141,BOA ESPERANCA,3107109.0,41547.0,323,777.4327869641611,147,45.51083591331269,Microempresa,11,3.4055727554179565,312,8,3,0,0,Lanchonetes,323,45,0,6,10,100,49,43,70
SP,6877,PIRAJU,3538808.0,30324.0,322,1061.8651892890118,131,40.683229813664596,Microempresa,8,2.484472049689441,314,3,5,0,0,Outros Food Service,322,41,0,9,6,53,157,14,42
BA,3613,ITAMARAJU,2915601.0,61947.0,322,519.7991831727122,141,43.7888198757764,Microempresa,7,2.1739130434782608,315,7,0,0,0,Lanchonetes,322,34,0,5,12,106,71,27,67
RJ,6005,PATY DO ALFERES,3303856.0,31382.0,322,1026.0658976483335,139,43.16770186335403,Microempresa,10,3.1055900621118013,312,10,0,0,0,Lanchonetes,322,68,3,7,8,96,58,36,46
SP,6787,ORLANDIA,3534302.0,39099.0,321,820.9928642676284,103,32.087227414330215,Microempresa,10,3.115264797507788,311,5,5,0,0,Lanchonetes,321,69,0,12,5,90,65,29,51
AL,2833,PENEDO,2706703.0,60183.0,321,533.3732117043019,121,37.69470404984423,Microempresa,2,0.6230529595015576,319,2,0,0,0,Lanchonetes,321,33,0,9,3,110,64,23,79
ES,5615,BAIXO GUANDU,3200805.0,32930.0,321,974.7950197388399,136,42.36760124610592,Microempresa,12,3.7383177570093453,309,12,0,0,0,Lanchonetes,321,66,0,1,11,86,71,38,48
SP,7007,SALTO DE PIRAPORA,3545308.0,45373.0,319,703.0612919577723,169,52.97805642633229,Microempresa,4,1.2539184952978055,315,1,3,0,0,Lanchonetes,319,70,2,11,12,93,53,31,47
PA,529,SANTA ISABEL DO PARA,1506500.0,80039.0,319,398.5557040942541,163,51.09717868338558,Microempresa,23,7.210031347962382,296,21,2,0,0,Restaurantes,319,36,2,14,6,64,61,22,114
PR,7709,MORRETES,4116208.0,19248.0,317,1646.9243557772236,115,36.27760252365931,Microempresa,9,2.8391167192429023,308,6,3,0,0,Lanchonetes,317,25,1,5,7,146,41,12,80
MS,9021,AQUIDAUANA,5001102.0,48810.0,317,649.4570784675271,149,47.003154574132495,Microempresa,8,2.5236593059936907,309,8,0,0,0,Lanchonetes,317,41,1,16,8,103,54,28,66
MG,4145,BOCAIUVA,3107307.0,49919.0,317,635.0287465694425,152,47.94952681388013,Microempresa,6,1.8927444794952681,311,6,0,0,0,Lanchonetes,317,40,1,8,13,98,62,30,65
RN,1741,MACAIBA,2407104.0,87634.0,317,361.73174795170826,157,49.52681388012618,Microempresa,14,4.416403785488959,303,5,9,0,0,Alimentação preparada,317,69,9,14,10,63,60,28,64
ES,5627,CASTELO,3201407.0,39747.0,317,797.5444687649382,107,33.753943217665615,Microempresa,12,3.7854889589905363,305,11,1,0,0,Lanchonetes,317,47,0,0,6,111,57,47,49
MG,4687,ITURAMA,3134400.0,40493.0,316,780.3817943842146,150,47.46835443037975,Microempresa,6,1.89873417721519,310,4,2,0,0,Lanchonetes,316,32,3,4,8,138,39,24,68
MG,4821,MATOZINHOS,3141108.0,39753.0,314,789.8774935225015,156,49.681528662420384,Microempresa,23,7.32484076433121,291,17,6,0,0,Lanchonetes,314,75,2,9,13,76,57,36,46
AM,269,PARINTINS,1303403.0,101754.0,314,308.58737740039703,168,53.503184713375795,Microempresa,32,10.191082802547772,282,29,3,0,0,Restaurantes,314,37,1,12,9,72,53,17,113
PR,7629,JACAREZINHO,4111803.0,41571.0,313,752.9287243511102,142,45.367412140575084,Microempresa,8,2.5559105431309903,305,5,3,0,0,Lanchonetes,313,63,6,7,7,104,52,24,50
RJ,5879,PIRAI,3304003.0,29072.0,313,1076.6373142542652,130,41.533546325878596,Microempresa,20,6.3897763578274756,293,12,8,0,0,Lanchonetes,313,50,1,18,3,90,56,26,69
SP,6555,ITAPOLIS,3522703.0,40429.0,313,774.1967399638874,121,38.65814696485623,Microempresa,13,4.15335463258786,300,7,6,0,0,Lanchonetes,313,59,1,4,6,111,62,26,44
ES,5603,ALEGRE,3200201.0,30693.0,313,1019.7764962695077,131,41.853035143769965,Microempresa,10,3.1948881789137378,303,8,2,0,0,Lanchonetes,313,48,1,3,7,133,64,21,36
SP,6301,CANDIDO MOTA,3510005.0,30144.0,312,1035.031847133758,133,42.628205128205124,Microempresa,1,0.3205128205128205,311,1,0,0,0,Lanchonetes,312,75,1,2,9,115,58,24,28
RS,5757,NOVA SANTA RITA,4313375.0,30190.0,310,1026.830076184167,176,56.774193548387096,Microempresa,27,8.709677419354838,283,11,16,0,0,Outros Food Service,310,59,0,24,3,67,75,32,50
GO,9403,ITABERAI,5210406.0,48247.0,308,638.3816610359194,136,44.15584415584416,Microempresa,9,2.922077922077922,299,5,4,0,0,Lanchonetes,308,25,0,9,11,98,48,43,74
AL,2825,PALMEIRA DOS INDIOS,2706307.0,73631.0,307,416.9439502383507,131,42.671009771986974,Microempresa,4,1.3029315960912053,303,1,3,0,0,Lanchonetes,307,30,0,6,10,118,49,26,68
MT,9193,CANARANA,5102702.0,28985.0,306,1055.7184750733138,150,49.01960784313725,Microempresa,12,3.9215686274509802,294,8,4,0,0,Lanchonetes,306,55,11,8,5,84,52,13,78
SP,6583,ITUVERAVA,3524105.0,38379.0,306,797.3110294692409,127,41.50326797385621,Microempresa,4,1.3071895424836601,302,0,4,0,0,Lanchonetes,306,57,1,5,6,86,54,32,65
PE,2477,LIMOEIRO,2608909.0,59194.0,306,516.9442848937392,102,33.33333333333333,Microempresa,1,0.32679738562091504,305,1,0,0,0,Outros Food Service,306,35,0,2,7,66,115,37,44
SE,3111,BARRA DOS COQUEIROS,2800605.0,45916.0,305,664.2564683334786,170,55.73770491803278,Microempresa,11,3.606557377049181,294,8,3,0,0,Restaurantes,305,40,0,16,11,62,41,30,105
CE,1529,QUIXERAMOBIM,2311405.0,87030.0,305,350.453866482822,158,51.80327868852459,Microempresa,2,0.6557377049180327,303,2,0,0,0,Restaurantes,305,55,1,6,5,83,44,27,84
PR,7953,ASSIS CHATEAUBRIAND,4102000.0,38591.0,305,790.3397165142133,106,34.75409836065574,Microempresa,11,3.606557377049181,294,9,2,0,0,Lanchonetes,305,44,3,1,4,136,51,29,37
MG,4771,LIMA DUARTE,3138609.0,17847.0,305,1708.9706953549617,125,40.98360655737705,Microempresa,3,0.9836065573770493,302,3,0,0,0,Lanchonetes,305,34,0,7,6,113,53,20,72
BA,3377,BOM JESUS DA LAPA,2903904.0,68869.0,304,441.41776416094325,125,41.118421052631575,Microempresa,0,0.0,304,0,0,0,0,Lanchonetes,304,33,0,5,8,111,34,26,87
RJ,5811,BOM JESUS DO ITABAPOANA,3300605.0,37178.0,304,817.6878799289902,128,42.10526315789473,Microempresa,4,1.3157894736842104,300,3,1,0,0,Outros Food Service,304,62,0,6,5,70,77,36,48
MS,9043,BONITO,5002209.0,25294.0,303,1197.9125484304577,99,32.67326732673268,Microempresa,7,2.31023102310231,296,1,6,0,0,Lanchonetes,303,29,6,11,4,114,42,17,80
PE,2321,ARARIPINA,2601102.0,90873.0,303,333.4323726519428,143,47.194719471947195,Microempresa,3,0.9900990099009901,300,3,0,0,0,Restaurantes,303,30,0,9,5,83,39,35,102
RS,8849,SANTA VITORIA DO PALMAR,4317301.0,31965.0,303,947.9117785077428,133,43.89438943894389,Microempresa,2,0.6600660066006601,301,2,0,0,0,Lanchonetes,303,73,0,2,9,74,65,30,50
PA,561,TUCURUI,1508100.0,96004.0,303,315.6118495062706,146,48.18481848184818,Microempresa,25,8.25082508250825,278,23,2,0,0,Lanchonetes,303,36,1,20,1,81,54,29,81
PR,7675,MANDAGUACU,4114104.0,35253.0,302,856.664681020055,120,39.735099337748345,Microempresa,3,0.9933774834437087,299,1,2,0,0,Lanchonetes,302,57,1,3,7,91,62,40,41
CE,1567,TAUA,2313302.0,65035.0,301,462.82770815714616,135,44.85049833887043,Microempresa,4,1.3289036544850499,297,4,0,0,0,Lanchonetes,301,48,2,7,6,87,44,21,86
SC,8173,JAGUARUNA,4208807.0,21850.0,301,1377.574370709382,140,46.51162790697674,Microempresa,9,2.990033222591362,292,6,3,0,0,Lanchonetes,301,39,2,2,3,121,47,21,66
GO,9545,PIRES DO RIO,5217401.0,33974.0,300,883.0281980337905,138,46.0,Microempresa,5,1.6666666666666667,295,3,2,0,0,Lanchonetes,300,48,0,5,2,149,41,23,32
RS,8693,CHARQUEADAS,4305355.0,36110.0,299,828.0254777070063,111,37.12374581939799,Microempresa,19,6.354515050167224,280,10,9,0,0,Lanchonetes,299,60,8,11,8,73,60,35,44
GO,9581,SANTA HELENA DE GOIAS,5219308.0,39719.0,298,750.2706513255621,130,43.624161073825505,Microempresa,11,3.691275167785235,287,7,4,0,0,Lanchonetes,298,29,0,8,11,108,61,24,57
ES,5617,BARRA DE SAO FRANCISCO,3200904.0,45574.0,298,653.8815991574143,130,43.624161073825505,Microempresa,1,0.33557046979865773,297,1,0,0,0,Lanchonetes,298,50,0,8,15,88,50,35,52
PA,401,ABAETETUBA,1500107.0,173638.0,298,171.62141927458276,150,50.33557046979866,Microempresa,25,8.389261744966444,273,24,1,0,0,Restaurantes,298,43,4,13,9,57,56,21,95
GO,9599,SAO LUIS DE MONTES BELOS,5220108.0,35539.0,297,835.7016235684741,155,52.18855218855219,Microempresa,5,1.6835016835016834,292,2,3,0,0,Lanchonetes,297,41,0,5,9,119,37,29,57
SP,6273,CACHOEIRA PAULISTA,3508603.0,32579.0,297,911.6301912274779,112,37.71043771043771,Microempresa,7,2.356902356902357,290,4,3,0,0,Lanchonetes,297,56,3,4,7,76,70,27,54
MG,4211,CAMBUI,3110608.0,31252.0,296,947.1393830794829,115,38.85135135135135,Microempresa,10,3.3783783783783785,286,2,8,0,0,Lanchonetes,296,31,0,6,6,128,30,33,62
MG,4813,MATEUS LEME,3140704.0,41371.0,295,713.059872857799,142,48.13559322033898,Microempresa,12,4.067796610169491,283,2,10,0,0,Lanchonetes,295,45,0,14,8,97,53,27,51
PA,433,BRAGANCA,1501709.0,133268.0,295,221.3584656481676,150,50.847457627118644,Microempresa,19,6.440677966101695,276,15,4,0,0,Restaurantes,295,34,2,6,11,64,63,23,92
PR,7633,JAGUARIAIVA,4112009.0,36575.0,295,806.5618591934382,119,40.33898305084746,Microempresa,13,4.406779661016949,282,5,8,0,0,Lanchonetes,295,57,1,7,5,104,48,35,38
MT,1046,SAPEZAL,5107875.0,33520.0,295,880.0715990453461,147,49.83050847457628,Microempresa,8,2.711864406779661,287,6,2,0,0,Lanchonetes,295,64,0,3,10,91,60,22,45
RJ,5857,MIGUEL PEREIRA,3302908.0,28151.0,295,1047.9201449326845,127,43.050847457627114,Microempresa,13,4.406779661016949,282,12,1,0,0,Alimentação preparada,295,65,2,5,8,61,53,37,64
PR,7589,IBAITI,4109708.0,29465.0,293,994.4001357542847,121,41.29692832764505,Microempresa,4,1.3651877133105803,289,2,2,0,0,Lanchonetes,293,50,0,4,2,109,51,27,50
RS,8669,GARIBALDI,4308607.0,35563.0,292,821.0780867755814,124,42.465753424657535,Microempresa,35,11.986301369863012,257,23,12,0,0,Lanchonetes,292,45,2,18,5,84,24,43,71
RS,8777,PALMEIRA DAS MISSOES,4313706.0,34227.0,292,853.1276477634617,122,41.78082191780822,Microempresa,8,2.73972602739726,284,4,4,0,0,Lanchonetes,292,36,0,1,7,82,77,29,60
ES,5645,GUACUI,3202306.0,31528.0,291,922.9890890636893,100,34.36426116838488,Microempresa,5,1.718213058419244,286,5,0,0,0,Lanchonetes,291,73,2,3,4,85,54,30,40
PR,7657,LAPA,4113205.0,45877.0,290,632.1250299714454,109,37.58620689655172,Microempresa,19,6.551724137931035,271,18,1,0,0,Lanchonetes,290,44,0,6,0,93,70,18,59
PR,7791,PRUDENTOPOLIS,4120606.0,50988.0,290,568.761277163254,92,31.724137931034484,Microempresa,12,4.137931034482759,278,10,2,0,0,Lanchonetes,290,24,3,3,4,105,76,26,49
RS,8703,IGREJINHA,4310108.0,34777.0,290,833.884463869799,112,38.62068965517241,Microempresa,16,5.517241379310345,274,9,7,0,0,Outros Food Service,290,26,0,9,4,76,98,24,53
BA,3653,JAGUAQUARA,2917607.0,47519.0,289,608.1777815189713,106,36.67820069204152,Microempresa,5,1.7301038062283738,284,5,0,0,0,Outros Food Service,289,33,0,7,6,57,85,20,81
PA,429,BENEVIDES,1501501.0,69703.0,289,414.6163005896446,150,51.903114186851205,Microempresa,17,5.88235294117647,272,9,8,0,0,Restaurantes,289,45,3,21,8,44,67,23,78
SC,8111,GOVERNADOR CELSO RAMOS,4206009.0,18632.0,288,1545.72778016316,130,45.13888888888889,Microempresa,11,3.8194444444444446,277,9,2,0,0,Lanchonetes,288,51,1,9,5,81,53,18,70
MS,9065,COXIM,5003306.0,33488.0,288,860.0095556617296,125,43.40277777777778,Microempresa,4,1.3888888888888888,284,4,0,0,0,Outros Food Service,288,63,0,1,11,66,68,30,49
BA,3715,MARAU,2920700.0,25965.0,288,1109.1854419410745,144,50.0,Microempresa,9,3.125,279,6,3,0,0,Restaurantes,288,32,0,4,5,52,29,11,155
MG,4779,MACHADO,3139003.0,38788.0,287,739.9195627513665,132,45.99303135888502,Microempresa,5,1.7421602787456445,282,1,4,0,0,Lanchonetes,287,35,2,7,9,76,71,23,64
BA,3467,CONCEICAO DO COITE,2908408.0,71860.0,286,397.9961035346507,129,45.10489510489511,Microempresa,4,1.3986013986013985,282,4,0,0,0,Outros Food Service,286,29,0,14,12,49,79,31,72
PE,2337,BEZERROS,2601904.0,65190.0,286,438.71759472311703,138,48.25174825174825,Microempresa,9,3.146853146853147,277,6,3,0,0,Restaurantes,286,41,0,8,8,61,55,30,83
GO,9211,ALTO PARAISO DE GOIAS,5200605.0,11421.0,286,2504.159005341038,128,44.75524475524475,Microempresa,29,10.13986013986014,257,29,0,0,0,Restaurantes,286,27,1,4,3,97,26,11,117
SP,6259,BROTAS,3507902.0,24571.0,285,1159.903951813113,113,39.64912280701755,Microempresa,14,4.912280701754386,271,10,4,0,0,Outros Food Service,285,55,1,10,4,64,97,15,39
MG,4115,TRES MARIAS,3169356.0,30040.0,284,945.4061251664448,120,42.25352112676056,Microempresa,6,2.112676056338028,278,2,4,0,0,Restaurantes,284,48,1,16,2,74,39,23,81
RO,15,JARU,1100114.0,55774.0,283,507.4048839961273,131,46.28975265017668,Microempresa,24,8.480565371024735,259,20,4,0,0,Lanchonetes,283,31,3,2,2,94,37,27,87
SC,8127,GUARAMIRIM,4206504.0,52093.0,283,543.2591710978443,150,53.003533568904594,Microempresa,23,8.12720848056537,260,19,4,0,0,Lanchonetes,283,38,1,17,11,101,37,34,44
RS,8629,DOM PEDRITO,4306601.0,38080.0,281,737.9201680672269,107,38.07829181494662,Microempresa,4,1.4234875444839856,277,4,0,0,0,Outros Food Service,281,71,0,5,7,51,90,30,27
CE,1351,CAMOCIM,2302602.0,65459.0,281,429.2763409156877,121,43.06049822064057,Microempresa,5,1.7793594306049825,276,2,3,0,0,Restaurantes,281,30,0,11,8,76,36,26,94
SC,8069,CAMPOS NOVOS,4203600.0,39429.0,281,712.6734129701489,123,43.77224199288256,Microempresa,7,2.491103202846975,274,2,5,0,0,Lanchonetes,281,71,1,9,10,83,31,21,55
SC,8267,PORTO UNIAO,4213609.0,33657.0,281,834.8931871527469,107,38.07829181494662,Microempresa,16,5.6939501779359425,265,14,2,0,0,Lanchonetes,281,46,2,11,5,76,50,33,58
RJ,5829,CORDEIRO,3301504.0,21422.0,280,1307.0675007002149,107,38.21428571428571,Microempresa,5,1.7857142857142856,275,5,0,0,0,Lanchonetes,280,53,3,3,16,78,53,41,33
RO,11,PIMENTA BUENO,1100189.0,39377.0,280,711.0749930162277,158,56.42857142857143,Microempresa,2,0.7142857142857143,278,2,0,0,0,Lanchonetes,280,37,0,5,6,95,44,24,69
GO,9379,GOIATUBA,5209101.0,37187.0,280,752.9513001855487,156,55.714285714285715,Microempresa,6,2.142857142857143,274,4,2,0,0,Lanchonetes,280,40,0,8,6,73,48,34,71
SP,6133,AMERICO BRASILIENSE,3501707.0,33663.0,280,831.7737575379496,140,50.0,Microempresa,8,2.857142857142857,272,7,1,0,0,Lanchonetes,280,67,1,5,8,74,53,40,32
RJ,782,SAO FRANCISCO DE ITABAPOANA,3304755.0,47411.0,279,588.4710299297632,104,37.27598566308244,Microempresa,2,0.7168458781362007,277,1,1,0,0,Lanchonetes,279,47,0,3,5,73,69,22,60
SP,6933,PROMISSAO,3541604.0,35957.0,278,773.1457018104959,112,40.28776978417266,Microempresa,3,1.079136690647482,275,0,3,0,0,Lanchonetes,278,62,1,8,18,98,39,30,22
PR,7541,DOIS VIZINHOS,4107207.0,48127.0,277,575.5604961871715,115,41.51624548736462,Microempresa,7,2.527075812274368,270,2,5,0,0,Lanchonetes,277,42,0,1,11,93,36,26,68
MS,9143,RIO BRILHANTE,5007208.0,40880.0,277,677.5929549902153,134,48.375451263537904,Microempresa,13,4.693140794223827,264,8,5,0,0,Lanchonetes,277,48,5,9,14,100,35,13,53
RJ,5895,SAO FIDELIS,3304805.0,41220.0,277,672.0038816108686,114,41.15523465703971,Microempresa,0,0.0,277,0,0,0,0,Lanchonetes,277,61,2,0,7,93,42,19,53
SP,6375,DESCALVADO,3513702.0,32685.0,277,847.4835551476212,111,40.07220216606498,Microempresa,18,6.4981949458483745,259,8,10,0,0,Alimentação preparada,277,98,1,16,8,57,44,24,29
RS,8781,PANAMBI,4313904.0,45103.0,276,611.9326874043855,91,32.971014492753625,Microempresa,27,9.782608695652174,249,22,5,0,0,Lanchonetes,276,50,1,9,4,112,24,18,58
BA,3963,VERA CRUZ,2933208.0,45386.0,275,605.913717886573,129,46.909090909090914,Microempresa,4,1.4545454545454546,271,1,3,0,0,Restaurantes,275,57,0,10,7,42,53,29,77
SP,6793,OSVALDO CRUZ,3534609.0,32123.0,275,856.0844254895247,96,34.909090909090914,Microempresa,7,2.5454545454545454,268,5,2,0,0,Lanchonetes,275,45,2,4,7,95,74,18,30
BA,3761,NOVA VICOSA,2923001.0,41699.0,274,657.0900980838869,99,36.13138686131387,Microempresa,9,3.2846715328467155,265,9,0,0,0,Restaurantes,274,36,1,2,13,59,57,16,90
SP,6873,PIRACAIA,3538600.0,26823.0,274,1021.5113894791783,118,43.06569343065693,Microempresa,2,0.7299270072992701,272,2,0,0,0,Lanchonetes,274,49,3,3,9,80,65,36,29
MT,131,CONFRESA,5103353.0,39368.0,274,695.9967486283276,130,47.44525547445255,Microempresa,19,6.934306569343065,255,10,9,0,0,Restaurantes,274,36,0,6,5,72,47,19,89
SP,2943,ILHA SOLTEIRA,3520442.0,26272.0,273,1039.1291108404384,115,42.124542124542124,Microempresa,2,0.7326007326007326,271,1,1,0,0,Lanchonetes,273,56,7,3,5,105,30,20,47
SP,6487,IBATE,3519303.0,33204.0,273,822.190097578605,127,46.52014652014652,Microempresa,6,2.197802197802198,267,4,2,0,0,Lanchonetes,273,46,0,6,5,81,73,20,42
SC,8295,RIO NEGRINHO,4215000.0,40096.0,272,678.3719074221868,115,42.279411764705884,Microempresa,22,8.088235294117647,250,11,11,0,0,Lanchonetes,272,55,0,15,5,75,47,24,51
RS,8881,SAO LUIZ GONZAGA,4318903.0,35865.0,272,758.3995538826154,131,48.161764705882355,Microempresa,4,1.4705882352941175,268,4,0,0,0,Outros Food Service,272,59,1,1,7,59,73,31,41
SP,6317,CASA BRANCA,3510807.0,28773.0,272,945.3306919681646,104,38.23529411764706,Microempresa,10,3.6764705882352944,262,10,0,0,0,Lanchonetes,272,48,2,6,9,82,71,16,38
ES,5691,SANTA TERESA,3204609.0,23977.0,271,1130.249822746799,101,37.269372693726936,Microempresa,22,8.118081180811808,249,21,1,0,0,Lanchonetes,271,34,1,6,4,88,53,29,56
PA,633,NOVO PROGRESSO,1505031.0,37570.0,270,718.6585041256321,122,45.18518518518518,Microempresa,11,4.074074074074074,259,10,1,0,0,Restaurantes,270,23,0,5,5,82,38,27,90
PR,7795,QUATRO BARRAS,4120804.0,25663.0,269,1048.201691150684,122,45.353159851301115,Microempresa,22,8.178438661710038,247,11,11,0,0,Lanchonetes,269,46,0,14,4,76,47,26,56
MG,5441,VISCONDE DO RIO BRANCO,3172004.0,40809.0,269,659.1683207135682,103,38.28996282527881,Microempresa,7,2.6022304832713754,262,7,0,0,0,Lanchonetes,269,50,0,9,10,81,52,27,40
PR,7677,MANDAGUARI,4114203.0,38564.0,269,697.5417487812467,127,47.21189591078067,Microempresa,8,2.973977695167286,261,5,3,0,0,Lanchonetes,269,47,0,10,5,82,51,40,34
MG,5139,SALINAS,3157005.0,41826.0,268,640.7497728685506,109,40.67164179104478,Microempresa,5,1.8656716417910446,263,2,3,0,0,Lanchonetes,268,39,1,12,11,94,32,28,51
ES,5693,SAO GABRIEL DA PALHA,3204708.0,34313.0,268,781.0450849532248,112,41.7910447761194,Microempresa,10,3.731343283582089,258,9,1,0,0,Lanchonetes,268,50,1,3,10,81,61,33,29
AL,2745,CORURIPE,2702306.0,51783.0,268,517.5443678427283,120,44.776119402985074,Microempresa,4,1.4925373134328357,264,4,0,0,0,Restaurantes,268,34,0,14,2,73,51,19,75
RJ,778,PINHEIRAL,3303955.0,25102.0,268,1067.6440124292885,112,41.7910447761194,Microempresa,3,1.1194029850746268,265,3,0,0,0,Lanchonetes,268,56,1,5,5,66,66,30,39
MG,4911,OLIVEIRA,3145604.0,40599.0,266,655.1885514421538,103,38.721804511278194,Microempresa,20,7.518796992481203,246,16,4,0,0,Lanchonetes,266,49,0,9,5,75,48,37,43
PR,7571,GUAIRA,4108809.0,33145.0,266,802.5343189017951,97,36.46616541353384,Microempresa,11,4.135338345864661,255,11,0,0,0,Lanchonetes,266,38,7,3,9,85,49,25,50
RN,1603,ASSU,2400208.0,59278.0,266,448.7330881608691,116,43.609022556390975,Microempresa,11,4.135338345864661,255,7,4,0,0,Restaurantes,266,55,1,7,12,48,47,23,73
MG,2691,JUATUBA,3136652.0,33730.0,266,788.6154758375334,119,44.73684210526316,Microempresa,12,4.511278195488721,254,4,8,0,0,Lanchonetes,266,35,0,12,9,63,54,30,63
SP,6945,RANCHARIA,3542206.0,29381.0,265,901.9434328307409,97,36.60377358490566,Microempresa,5,1.8867924528301887,260,3,2,0,0,Lanchonetes,265,36,1,3,5,110,62,17,31
MT,9887,GUARANTA DO NORTE,5104104.0,31092.0,265,852.3092756979288,132,49.81132075471698,Microempresa,14,5.283018867924529,251,13,1,0,0,Lanchonetes,265,41,0,1,5,79,52,19,68
MA,957,SANTA INES,2109908.0,88320.0,265,300.04528985507244,112,42.26415094339623,Microempresa,12,4.528301886792453,253,6,6,0,0,Restaurantes,265,12,2,12,3,70,30,18,118
TO,9311,COLINAS DO TOCANTINS,1705508.0,36451.0,265,727.0033743930207,122,46.0377358490566,Microempresa,9,3.3962264150943398,256,6,3,0,0,Lanchonetes,265,25,1,11,5,80,51,16,76
CE,1505,PARACURU,2310209.0,42317.0,264,623.8627501949571,112,42.42424242424242,Microempresa,4,1.5151515151515151,260,0,4,0,0,Restaurantes,264,18,0,6,16,56,56,19,93
SC,8093,CURITIBANOS,4204806.0,41964.0,263,626.7276713373368,119,45.247148288973385,Microempresa,14,5.323193916349809,249,10,4,0,0,Lanchonetes,263,46,0,7,4,94,39,21,52
RO,17,OURO PRETO DO OESTE,1100155.0,38686.0,263,679.8324975443313,110,41.825095057034225,Microempresa,13,4.942965779467681,250,13,0,0,0,Lanchonetes,263,21,0,2,5,91,61,14,69
GO,9399,IPORA,5210208.0,37575.0,263,699.9334664005322,119,45.247148288973385,Microempresa,8,3.041825095057034,255,6,2,0,0,Lanchonetes,263,37,3,4,1,82,54,18,64
BA,3469,CONCEICAO DO JACUIPE,2908507.0,37816.0,263,695.4728157393696,108,41.06463878326996,Microempresa,9,3.4220532319391634,254,8,1,0,0,Outros Food Service,263,38,2,10,12,42,74,27,58
PR,7515,COLORADO,4105904.0,23347.0,262,1122.1998543710113,104,39.69465648854962,Microempresa,4,1.5267175572519083,258,2,2,0,0,Lanchonetes,262,49,0,2,8,101,46,34,22
BA,3871,SANTO AMARO,2928604.0,58384.0,262,448.7530830364484,88,33.587786259541986,Microempresa,8,3.0534351145038165,254,5,3,0,0,Restaurantes,262,48,1,14,10,47,47,25,70
MS,9055,CAARAPO,5002407.0,33074.0,262,792.1630283606459,134,51.14503816793893,Microempresa,11,4.198473282442748,251,7,4,0,0,Lanchonetes,262,40,2,7,13,90,55,15,40
SP,6983,RIO GRANDE DA SERRA,3544103.0,45331.0,261,575.764929077232,141,54.02298850574713,Microempresa,1,0.38314176245210724,260,1,0,0,0,Lanchonetes,261,57,2,12,3,67,46,35,39
SC,8349,SOMBRIO,4217709.0,32040.0,261,814.6067415730337,137,52.490421455938694,Microempresa,7,2.681992337164751,254,7,0,0,0,Lanchonetes,261,46,2,4,6,96,33,29,45
GO,9555,PORANGATU,5218003.0,45620.0,261,572.1174923279264,131,50.191570881226056,Microempresa,14,5.363984674329502,247,11,3,0,0,Lanchonetes,261,27,2,9,9,84,37,22,71
RJ,780,PORTO REAL,3304110.0,21101.0,259,1227.429979621819,124,47.87644787644788,Microempresa,15,5.7915057915057915,244,10,5,0,0,Lanchonetes,259,27,0,13,7,78,50,29,55
RS,8667,FREDERICO WESTPHALEN,4308508.0,33726.0,259,767.953507679535,92,35.521235521235525,Microempresa,17,6.563706563706563,242,11,6,0,0,Lanchonetes,259,45,0,8,6,75,25,30,70
SP,3067,ARACARIGUAMA,3502754.0,22448.0,259,1153.777619387028,112,43.24324324324324,Microempresa,24,9.266409266409266,235,10,14,0,0,Lanchonetes,259,41,0,25,15,67,20,30,61
PE,558,TAMANDARE,2614857.0,24796.0,258,1040.49040167769,113,43.798449612403104,Microempresa,18,6.976744186046512,240,14,4,0,0,Restaurantes,258,16,0,8,8,64,35,10,117
RN,1661,CURRAIS NOVOS,2403103.0,42915.0,258,601.1883956658511,115,44.57364341085272,Microempresa,15,5.813953488372093,243,11,4,0,0,Lanchonetes,258,48,4,4,7,85,40,16,54
RJ,5887,RIO CLARO,3304409.0,17951.0,257,1431.6751155924462,99,38.52140077821012,Microempresa,1,0.38910505836575876,256,1,0,0,0,Outros Food Service,257,44,3,5,4,70,77,12,42
CE,1355,CANINDE,2302800.0,77536.0,256,330.16921172100706,116,45.3125,Microempresa,6,2.34375,250,5,1,0,0,Restaurantes,256,26,2,9,14,74,39,15,77
MS,9803,COSTA RICA,5003256.0,29292.0,256,873.9587600710091,112,43.75,Microempresa,4,1.5625,252,2,2,0,0,Lanchonetes,256,34,1,6,14,99,31,16,55
AL,2871,SAO MIGUEL DOS CAMPOS,2708600.0,53376.0,255,477.74280575539564,111,43.529411764705884,Microempresa,6,2.3529411764705883,249,2,4,0,0,Lanchonetes,255,31,0,7,4,86,30,21,76
SP,6109,AGUAS DE LINDOIA,3500501.0,18277.0,255,1395.1961481643596,107,41.96078431372549,Microempresa,7,2.7450980392156863,248,5,2,0,0,Lanchonetes,255,45,1,4,2,96,31,9,67
PR,7735,PALMEIRA,4117701.0,35054.0,255,727.4490785645005,103,40.3921568627451,Microempresa,10,3.9215686274509802,245,5,5,0,0,Lanchonetes,255,29,0,6,9,69,55,25,62
SC,8115,GARUVA,4205803.0,20313.0,254,1250.43075862748,135,53.14960629921261,Microempresa,17,6.692913385826772,237,9,8,0,0,Lanchonetes,254,25,0,9,2,71,59,27,61
SP,6891,PITANGUEIRAS,3539509.0,34311.0,254,740.2873713969282,112,44.09448818897638,Microempresa,1,0.39370078740157477,253,0,1,0,0,Lanchonetes,254,46,0,5,7,82,65,12,37
AL,2885,UNIAO DOS PALMARES,2709301.0,60855.0,254,417.3855886944376,97,38.188976377952756,Microempresa,8,3.149606299212598,246,6,2,0,0,Lanchonetes,254,26,1,8,2,78,57,21,61
PR,7429,ARAPOTI,4101606.0,26321.0,254,965.00892823221,115,45.2755905511811,Microempresa,6,2.3622047244094486,248,4,2,0,0,Lanchonetes,254,46,2,4,3,92,28,36,43
AL,2747,DELMIRO GOUVEIA,2702405.0,52858.0,254,480.5327481175981,121,47.63779527559055,Microempresa,6,2.3622047244094486,248,4,2,0,0,Lanchonetes,254,26,0,2,4,90,37,26,69
ES,5729,VENDA NOVA DO IMIGRANTE,3205069.0,25630.0,253,987.1244635193134,98,38.73517786561265,Microempresa,15,5.928853754940711,238,12,3,0,0,Lanchonetes,253,50,0,7,5,68,41,33,49
BA,3579,IPIAU,2913903.0,42359.0,252,594.9148941193135,96,38.095238095238095,Microempresa,4,1.5873015873015872,248,3,1,0,0,Lanchonetes,252,29,1,7,6,63,61,32,53
MT,97,QUERENCIA,5107065.0,32368.0,252,778.5467128027681,129,51.19047619047619,Microempresa,20,7.936507936507936,232,19,1,0,0,Lanchonetes,252,37,1,6,4,92,24,14,74
PE,2499,PALMARES,2610004.0,56346.0,252,447.2367160046853,118,46.82539682539682,Microempresa,9,3.571428571428571,243,9,0,0,0,Lanchonetes,252,41,0,11,8,71,29,30,62
SP,6349,CORDEIROPOLIS,3512407.0,25390.0,251,988.5781803859787,117,46.613545816733065,Microempresa,13,5.179282868525896,238,2,11,0,0,Outros Food Service,251,38,4,13,2,60,75,17,42
SP,6105,AGUAI,3500303.0,32884.0,251,763.2891375745043,92,36.65338645418327,Microempresa,11,4.382470119521913,240,8,3,0,0,Lanchonetes,251,41,0,16,4,79,71,20,20
SP,6465,GUARARAPES,3518206.0,31902.0,251,786.7845276158235,109,43.42629482071713,Microempresa,5,1.9920318725099602,246,1,4,0,0,Lanchonetes,251,34,0,7,12,88,43,26,41
SC,8321,SAO JOAO BATISTA,4216305.0,35926.0,251,698.6583532817458,116,46.21513944223107,Microempresa,7,2.788844621513944,244,7,0,0,0,Lanchonetes,251,44,0,10,7,72,46,31,41
SP,7105,SAO MIGUEL ARCANJO,3550209.0,32943.0,251,761.9221078833136,92,36.65338645418327,Microempresa,5,1.9920318725099602,246,5,0,0,0,Lanchonetes,251,35,0,1,2,88,56,25,44
RS,8737,MARAU,4311809.0,46750.0,250,534.75935828877,97,38.800000000000004,Microempresa,43,17.2,207,26,17,0,0,Lanchonetes,250,33,1,17,4,59,36,46,54
MS,9099,JARDIM,5005004.0,24499.0,250,1020.4498142781338,124,49.6,Microempresa,5,2.0,245,5,0,0,0,Lanchonetes,250,46,0,10,4,56,50,28,56
MT,9095,JACIARA,5104807.0,30044.0,249,828.7844494741046,126,50.602409638554214,Microempresa,35,14.056224899598394,214,33,2,0,0,Lanchonetes,249,49,2,12,0,86,28,28,44
MG,2649,SAO JOSE DA LAPA,3162955.0,28445.0,248,871.8579715239937,144,58.06451612903226,Microempresa,7,2.82258064516129,241,2,5,0,0,Restaurantes,248,51,0,13,5,52,41,31,55
MT,9819,JUARA,5105101.0,36276.0,248,683.6475906935715,118,47.58064516129033,Microempresa,7,2.82258064516129,241,6,1,0,0,Lanchonetes,248,63,0,4,10,71,47,17,36
SP,6849,PEREIRA BARRETO,3537404.0,24334.0,248,1019.1501602695818,85,34.274193548387096,Microempresa,1,0.4032258064516129,247,1,0,0,0,Lanchonetes,248,54,4,7,4,65,62,19,33
CE,1571,TRAIRI,2313500.0,62466.0,248,397.0159766913201,104,41.935483870967744,Microempresa,6,2.4193548387096775,242,3,3,0,0,Restaurantes,248,31,0,4,8,40,29,10,126
GO,9205,ALEXANIA,5200308.0,28474.0,248,870.9700077263469,96,38.70967741935484,Microempresa,13,5.241935483870968,235,3,10,0,0,Lanchonetes,248,21,0,11,8,128,20,11,49
RS,8433,CIDREIRA,4305454.0,17584.0,247,1404.6860782529573,130,52.63157894736842,Microempresa,2,0.8097165991902834,245,0,2,0,0,Lanchonetes,247,47,0,3,1,86,45,8,57
ES,5725,SANTA MARIA DE JETIBA,3204559.0,45975.0,247,537.2485046220771,100,40.48582995951417,Microempresa,9,3.643724696356275,238,7,2,0,0,Lanchonetes,247,41,2,2,4,83,33,29,53
AM,253,MANACAPURU,1302504.0,113042.0,246,217.6182303922436,128,52.03252032520326,Microempresa,24,9.75609756097561,222,23,1,0,0,Restaurantes,246,13,1,13,4,67,46,30,72
RJ,5907,SAPUCAIA,3305406.0,18292.0,246,1344.850207741089,121,49.1869918699187,Microempresa,8,3.2520325203252036,238,8,0,0,0,Alimentação preparada,246,74,0,2,7,55,51,25,32
PR,7821,RIO BRANCO DO SUL,4122206.0,40745.0,246,603.7550619707939,117,47.5609756097561,Microempresa,4,1.6260162601626018,242,0,4,0,0,Lanchonetes,246,33,2,7,8,61,56,21,58
RS,8767,NOVA PETROPOLIS,4313201.0,23934.0,245,1023.6483663407705,105,42.857142857142854,Microempresa,21,8.571428571428571,224,19,2,0,0,Restaurantes,245,32,0,9,5,61,24,34,80
BA,3509,ENTRE RIOS,2910503.0,39880.0,244,611.8355065195586,122,50.0,Microempresa,3,1.2295081967213115,241,2,1,0,0,Restaurantes,244,29,2,12,6,49,56,21,69
SC,8177,JOACABA,4209003.0,32103.0,244,760.0535775472698,81,33.19672131147541,Microempresa,26,10.655737704918032,218,24,2,0,0,Lanchonetes,244,31,5,5,8,87,24,21,63
PE,2301,AFOGADOS DA INGAZEIRA,2600104.0,42915.0,244,568.5657695444484,90,36.885245901639344,Microempresa,8,3.278688524590164,236,8,0,0,0,Lanchonetes,244,40,0,9,6,72,52,14,51
MG,5027,PITANGUI,3151404.0,27929.0,242,866.4828672705789,101,41.735537190082646,Microempresa,8,3.3057851239669422,234,6,2,0,0,Lanchonetes,242,56,1,5,4,71,31,31,43
PI,1043,CAMPO MAIOR,2202208.0,47160.0,242,513.1467345207803,104,42.97520661157025,Microempresa,7,2.8925619834710745,235,6,1,0,0,Restaurantes,242,24,0,5,6,64,32,31,80
MS,9011,AMAMBAI,5000609.0,42071.0,242,575.2180837156236,105,43.388429752066116,Microempresa,8,3.3057851239669422,234,7,1,0,0,Lanchonetes,242,56,6,10,11,74,33,18,34
SP,2967,CAJATI,3509254.0,29267.0,242,826.869853418526,91,37.60330578512397,Microempresa,11,4.545454545454546,231,10,1,0,0,Lanchonetes,242,47,3,6,5,81,43,30,27
SP,6241,BOM JESUS DOS PERDOES,3507100.0,22648.0,241,1064.1116213352173,100,41.49377593360996,Microempresa,5,2.0746887966804977,236,5,0,0,0,Lanchonetes,241,56,1,9,7,62,31,28,47
RS,8855,SANTO ANTONIO DA PATRULHA,4317608.0,44431.0,241,542.4140802592784,111,46.058091286307054,Microempresa,14,5.809128630705394,227,7,7,0,0,Outros Food Service,241,29,0,12,7,55,64,20,54
CE,1589,CRUZ,2304251.0,32706.0,240,733.810310034856,122,50.83333333333333,Microempresa,11,4.583333333333333,229,5,6,0,0,Restaurantes,240,25,4,5,4,61,16,9,116
RS,8661,FLORES DA CUNHA,4308201.0,32015.0,240,749.6486022177105,88,36.666666666666664,Microempresa,15,6.25,225,10,5,0,0,Lanchonetes,240,34,0,15,9,78,25,23,56
MT,9059,CHAPADA DOS GUIMARAES,5103007.0,19541.0,240,1228.1868891049587,99,41.25,Microempresa,22,9.166666666666666,218,21,1,0,0,Restaurantes,240,33,0,3,8,67,22,21,86
MG,5143,SANTA BARBARA,3157203.0,32068.0,239,745.2912560808282,107,44.76987447698745,Microempresa,12,5.02092050209205,227,7,5,0,0,Restaurantes,239,55,1,7,3,50,41,23,59
MG,4021,AIMORES,3101102.0,26257.0,239,910.2334615531097,89,37.238493723849366,Microempresa,4,1.6736401673640167,235,2,2,0,0,Lanchonetes,239,43,0,8,5,71,44,34,34
MA,733,BARREIRINHAS,2101707.0,68439.0,239,349.2160902409445,132,55.23012552301255,Microempresa,17,7.112970711297072,222,17,0,0,0,Restaurantes,239,13,0,7,3,52,21,3,140
MG,4885,NANUQUE,3144300.0,34989.0,238,680.2137814741776,78,32.773109243697476,Microempresa,8,3.361344537815126,230,6,2,0,0,Lanchonetes,238,45,1,10,5,55,46,29,47
SP,6211,BARRINHA,3505609.0,33414.0,238,712.2762913748728,88,36.97478991596639,Microempresa,3,1.2605042016806722,235,3,0,0,0,Lanchonetes,238,40,1,6,9,71,58,15,38
SP,6203,BARIRI,3505203.0,32406.0,237,731.3460470283281,99,41.77215189873418,Microempresa,5,2.109704641350211,232,3,2,0,0,Lanchonetes,237,28,1,4,8,72,62,25,37
SP,7053,SANTA ROSA DE VITERBO,3547601.0,23697.0,237,1000.1265983035827,79,33.33333333333333,Microempresa,2,0.8438818565400843,235,0,2,0,0,Outros Food Service,237,41,0,2,3,59,101,18,13
MG,4697,JACUTINGA,3134905.0,27060.0,237,875.8314855875832,100,42.19409282700422,Microempresa,5,2.109704641350211,232,2,3,0,0,Lanchonetes,237,30,1,9,6,93,26,21,51
SP,6981,RIO DAS PEDRAS,3544004.0,32386.0,237,731.7976903600321,94,39.66244725738397,Microempresa,11,4.641350210970464,226,6,5,0,0,Lanchonetes,237,55,0,9,3,74,44,23,29
SP,6257,BRODOWSKI,3507803.0,26446.0,237,896.165771761325,88,37.130801687763714,Microempresa,4,1.6877637130801686,233,3,1,0,0,Outros Food Service,237,43,0,5,3,61,78,20,27
PR,7823,RIO NEGRO,4122305.0,31954.0,237,741.6911810727921,96,40.50632911392405,Microempresa,10,4.219409282700422,227,6,4,0,0,Lanchonetes,237,29,0,6,2,66,49,25,60
RJ,5859,MIRACEMA,3303005.0,28418.0,235,826.9406714054472,90,38.297872340425535,Microempresa,1,0.425531914893617,234,1,0,0,0,Lanchonetes,235,42,0,4,9,65,64,23,28
SP,6629,LARANJAL PAULISTA,3526407.0,27075.0,234,864.2659279778394,86,36.75213675213676,Microempresa,15,6.41025641025641,219,11,4,0,0,Lanchonetes,234,40,0,4,3,93,46,30,18
MT,9891,PEIXOTO DE AZEVEDO,5106422.0,33907.0,234,690.1229834547439,116,49.572649572649574,Microempresa,5,2.1367521367521367,229,2,3,0,0,Lanchonetes,234,37,0,9,4,82,31,23,48
BA,3449,CATU,2907509.0,50068.0,234,467.3643844371655,101,43.162393162393165,Microempresa,5,2.1367521367521367,229,3,2,0,0,Lanchonetes,234,40,0,15,5,56,41,27,50
SP,6521,IPERO,3521002.0,38527.0,233,604.7706803021258,101,43.34763948497854,Microempresa,6,2.575107296137339,227,2,4,0,0,Lanchonetes,233,43,0,9,10,52,41,31,47
GO,9489,NIQUELANDIA,5214606.0,33329.0,233,699.090881814636,108,46.3519313304721,Microempresa,8,3.4334763948497855,225,4,4,0,0,Lanchonetes,233,19,0,7,3,83,48,16,57
RN,1763,NISIA FLORESTA,2408201.0,34674.0,233,671.973236430755,105,45.06437768240343,Microempresa,10,4.291845493562231,223,8,2,0,0,Restaurantes,233,33,2,3,11,39,24,14,107
MS,9019,APARECIDA DO TABOADO,5001003.0,30189.0,233,771.804299579317,121,51.931330472103,Microempresa,14,6.008583690987124,219,0,14,0,0,Lanchonetes,233,45,0,19,2,61,32,21,53
PR,7739,PALOTINA,4117909.0,37431.0,232,619.8071117522909,92,39.6551724137931,Microempresa,13,5.603448275862069,219,5,8,0,0,Lanchonetes,232,40,0,14,3,83,25,24,43
MT,9191,AGUA BOA,5100201.0,32876.0,232,705.6819564423896,122,52.58620689655172,Microempresa,24,10.344827586206897,208,22,2,0,0,Lanchonetes,232,43,1,4,3,100,23,17,41
GO,9511,PALMEIRAS DE GOIAS,5215702.0,34985.0,232,663.1413462912677,104,44.827586206896555,Microempresa,4,1.7241379310344827,228,0,4,0,0,Lanchonetes,232,30,0,2,4,84,22,24,66
RS,8973,CAPAO DO LEAO,4304663.0,27416.0,232,846.2211847096586,113,48.706896551724135,Microempresa,2,0.8620689655172413,230,0,2,0,0,Outros Food Service,232,36,0,12,7,53,73,26,25
MG,4245,CAPELINHA,3112307.0,42162.0,232,550.2585266353589,116,50.0,Microempresa,14,6.0344827586206895,218,14,0,0,0,Lanchonetes,232,33,0,3,3,73,35,37,48
MT,9069,DIAMANTINO,5103502.0,22766.0,231,1014.6710006149522,100,43.290043290043286,Microempresa,50,21.645021645021643,181,48,2,0,0,Lanchonetes,231,52,1,17,3,62,18,20,58
MT,8979,COLIDER,5103205.0,32099.0,231,719.6485871834013,99,42.857142857142854,Microempresa,16,6.926406926406926,215,14,2,0,0,Lanchonetes,231,54,3,2,2,80,32,23,35
MG,4309,CAXAMBU,3115508.0,21390.0,230,1075.268817204301,88,38.26086956521739,Microempresa,11,4.782608695652174,219,11,0,0,0,Lanchonetes,230,34,0,1,3,81,50,22,39
SP,7177,TAQUARITUBA,3553807.0,24995.0,230,920.1840368073614,92,40.0,Microempresa,3,1.3043478260869565,227,3,0,0,0,Lanchonetes,230,25,0,0,7,84,64,18,32
CE,1547,SAO BENEDITO,2312304.0,50274.0,230,457.4929386959462,91,39.565217391304344,Microempresa,2,0.8695652173913043,228,2,0,0,0,Restaurantes,230,24,2,3,11,63,35,24,68
RS,8943,TRIUNFO,4322004.0,28435.0,230,808.8623175663794,83,36.08695652173913,Microempresa,23,10.0,207,12,11,0,0,Lanchonetes,230,44,1,15,2,67,34,13,54
SP,6807,PALMITAL,3535309.0,19666.0,230,1169.531170548154,73,31.73913043478261,Microempresa,6,2.608695652173913,224,5,1,0,0,Lanchonetes,230,33,0,2,14,92,32,28,29
BA,3741,MUCURI,2922003.0,40213.0,229,569.467585109293,79,34.49781659388647,Microempresa,10,4.366812227074235,219,7,3,0,0,Lanchonetes,229,33,1,4,8,67,39,19,58
MG,5039,POMPEU,3152006.0,32570.0,229,703.1010132023334,93,40.61135371179039,Microempresa,1,0.43668122270742354,228,0,1,0,0,Alimentação preparada,229,63,1,7,8,60,41,25,24
MG,4033,ALMENARA,3101706.0,42137.0,229,543.4653629826519,86,37.55458515283843,Microempresa,1,0.43668122270742354,228,0,1,0,0,Lanchonetes,229,42,0,6,2,88,37,18,36
PR,7663,LOANDA,4113502.0,24090.0,229,950.6019095060192,101,44.10480349344978,Microempresa,4,1.7467248908296942,225,2,2,0,0,Lanchonetes,229,49,3,7,8,72,49,12,29
GO,9487,NEROPOLIS,5214507.0,34826.0,228,654.6832826049503,102,44.73684210526316,Microempresa,12,5.263157894736842,216,7,5,0,0,Lanchonetes,228,28,1,9,10,76,23,19,62
RS,954,BALNEARIO PINHAL,4301636.0,15413.0,228,1479.2707454745994,116,50.877192982456144,Microempresa,2,0.8771929824561403,226,0,2,0,0,Lanchonetes,228,30,1,0,4,90,46,13,44
RS,8653,ESTRELA,4307807.0,33263.0,227,682.4399482908938,93,40.969162995594715,Microempresa,35,15.418502202643172,192,24,11,0,0,Lanchonetes,227,36,0,18,2,53,27,39,52
MT,9033,BARRA DO BUGRES,5101704.0,29238.0,226,772.9666871879061,119,52.654867256637175,Microempresa,11,4.867256637168142,215,8,3,0,0,Lanchonetes,226,48,0,10,3,74,23,15,53
PR,7421,ANTONINA,4101200.0,18091.0,226,1249.2399535680725,105,46.46017699115044,Microempresa,9,3.982300884955752,217,4,5,0,0,Lanchonetes,226,21,0,3,6,100,35,15,46
SP,6125,ALVARES MACHADO,3501301.0,28508.0,225,789.2521397502455,97,43.111111111111114,Microempresa,1,0.4444444444444444,224,0,1,0,0,Lanchonetes,225,51,1,4,3,64,41,37,24
RS,8625,DOIS IRMAOS,4306403.0,31805.0,225,707.4359377456375,92,40.88888888888889,Microempresa,22,9.777777777777779,203,19,3,0,0,Lanchonetes,225,35,0,7,6,72,27,28,50
SP,7027,SANTA CRUZ DAS PALMEIRAS,3546306.0,29456.0,224,760.4562737642585,87,38.839285714285715,Microempresa,1,0.4464285714285714,223,1,0,0,0,Lanchonetes,224,39,0,4,5,72,26,25,53
ES,5709,IBATIBA,3202454.0,27765.0,224,806.7711147127678,103,45.982142857142854,Microempresa,3,1.3392857142857142,221,3,0,0,0,Lanchonetes,224,27,0,2,1,91,39,21,43
MS,9037,BATAGUASSU,5001904.0,24430.0,224,916.9054441260745,100,44.642857142857146,Microempresa,15,6.696428571428571,209,5,10,0,0,Lanchonetes,224,35,2,15,7,65,26,25,49
PR,7771,PITANGA,4119608.0,34583.0,224,647.7170864297486,82,36.607142857142854,Microempresa,15,6.696428571428571,209,11,4,0,0,Lanchonetes,224,22,1,2,5,80,46,14,54
AM,235,HUMAITA,1301704.0,64390.0,224,347.88010560646063,109,48.660714285714285,Microempresa,8,3.571428571428571,216,6,2,0,0,Lanchonetes,224,20,0,9,12,66,46,19,52
SP,7073,SAO BENTO DO SAPUCAI,3548609.0,12025.0,224,1862.7858627858627,95,42.410714285714285,Microempresa,8,3.571428571428571,216,6,2,0,0,Outros Food Service,224,19,3,0,6,54,87,18,37
BA,3805,POJUCA,2925204.0,33541.0,224,667.8393607823261,98,43.75,Microempresa,6,2.6785714285714284,218,3,3,0,0,Lanchonetes,224,36,0,20,17,50,37,24,40
PA,453,CONCEICAO DO ARAGUAIA,1502707.0,47187.0,223,472.58778900968485,91,40.80717488789238,Microempresa,6,2.690582959641256,217,6,0,0,0,Lanchonetes,223,14,0,3,10,96,13,11,76
SP,6373,CUNHA,3513603.0,22467.0,222,988.1159033248765,79,35.585585585585584,Microempresa,3,1.3513513513513513,219,2,1,0,0,Restaurantes,222,31,0,1,2,71,21,18,78
ES,5643,FUNDAO,3202207.0,18941.0,222,1172.0606092603346,104,46.846846846846844,Microempresa,3,1.3513513513513513,219,2,1,0,0,Lanchonetes,222,37,0,8,3,54,50,22,48
PI,1167,PIRIPIRI,2208403.0,68076.0,222,326.1061166931077,83,37.38738738738739,Microempresa,6,2.7027027027027026,216,5,1,0,0,Restaurantes,222,29,0,2,10,64,19,28,70
PR,7623,IVAIPORA,4111506.0,33619.0,222,660.3408786697998,78,35.13513513513514,Microempresa,4,1.8018018018018018,218,2,2,0,0,Lanchonetes,222,22,3,2,5,85,40,14,51
RJ,6007,QUISSAMA,3304151.0,23149.0,221,954.6848675968724,64,28.95927601809955,Microempresa,2,0.904977375565611,219,2,0,0,0,Outros Food Service,221,27,2,3,4,42,98,11,34
RS,8713,ITAQUI,4310603.0,36811.0,221,600.3640216239711,93,42.081447963800905,Microempresa,5,2.262443438914027,216,2,3,0,0,Outros Food Service,221,46,0,4,7,52,57,27,28
MT,8983,PARANATINGA,5106307.0,29528.0,221,748.4421565971281,93,42.081447963800905,Microempresa,16,7.239819004524888,205,15,1,0,0,Lanchonetes,221,24,2,6,3,80,34,17,55
SP,6329,CERQUEIRA CESAR,3511409.0,22329.0,221,989.7442787406511,101,45.70135746606335,Microempresa,5,2.262443438914027,216,3,2,0,0,Outros Food Service,221,38,2,4,4,64,70,14,25
MG,4559,GUANHAES,3128006.0,33596.0,221,657.8164067150851,79,35.74660633484163,Microempresa,15,6.787330316742081,206,13,2,0,0,Restaurantes,221,34,1,3,4,65,28,20,66
PR,7439,ASTORGA,4102109.0,26262.0,221,841.5200670169827,83,37.55656108597285,Microempresa,4,1.809954751131222,217,2,2,0,0,Lanchonetes,221,37,2,3,7,72,27,35,38
AM,9835,IRANDUBA,1301852.0,70248.0,220,313.17617583418746,114,51.81818181818182,Microempresa,24,10.909090909090908,196,21,3,0,0,Restaurantes,220,27,0,9,3,28,53,13,87
RJ,5809,BOM JARDIM,3300506.0,29769.0,220,739.0238167220934,78,35.45454545454545,Microempresa,2,0.9090909090909091,218,2,0,0,0,Restaurantes,220,28,1,6,6,54,46,22,57
MG,4997,PERDOES,3149903.0,22154.0,219,988.5348018416539,91,41.55251141552511,Microempresa,5,2.28310502283105,214,5,0,0,0,Lanchonetes,219,40,1,5,8,74,35,14,42
PA,533,SANTANA DO ARAGUAIA,1506708.0,29273.0,219,748.1296758104738,123,56.16438356164384,Microempresa,26,11.87214611872146,193,26,0,0,0,Lanchonetes,219,25,3,5,2,65,41,16,62
RS,8817,RIO PARDO,4315701.0,35641.0,219,614.4608737128588,90,41.0958904109589,Microempresa,8,3.65296803652968,211,8,0,0,0,Outros Food Service,219,28,0,3,3,57,67,20,41
RS,8587,CANGUCU,4304507.0,50968.0,218,427.71935331973,87,39.908256880733944,Microempresa,4,1.834862385321101,214,4,0,0,0,Outros Food Service,218,34,2,1,8,52,55,39,27
PE,2403,ESCADA,2605202.0,62102.0,218,351.0353933850762,94,43.11926605504588,Microempresa,15,6.8807339449541285,203,10,5,0,0,Outros Food Service,218,26,4,8,6,44,46,38,46
SC,8053,BRACO DO NORTE,4202800.0,36426.0,218,598.4736177455663,113,51.8348623853211,Microempresa,13,5.963302752293578,205,12,1,0,0,Lanchonetes,218,26,0,6,1,66,37,22,60
PE,2589,SURUBIM,2614501.0,68104.0,218,320.0986726183484,73,33.48623853211009,Microempresa,9,4.128440366972478,209,7,2,0,0,Restaurantes,218,20,0,1,4,41,56,35,61
GO,9389,HIDROLANDIA,5209705.0,31328.0,218,695.8631256384066,96,44.03669724770643,Microempresa,15,6.8807339449541285,203,4,11,0,0,Restaurantes,218,26,0,8,12,68,19,15,70
RS,8809,QUARAI,4315305.0,23995.0,217,904.3550739737445,76,35.02304147465438,Microempresa,3,1.3824884792626728,214,3,0,0,0,Outros Food Service,217,52,0,5,3,44,64,29,20
SP,6739,MORRO AGUDO,3531902.0,28485.0,217,761.804458486923,79,36.405529953917046,Microempresa,5,2.3041474654377883,212,0,5,0,0,Lanchonetes,217,59,2,8,4,68,25,20,31
RS,8867,SAO FRANCISCO DE PAULA,4318200.0,22388.0,217,969.2692513846704,92,42.3963133640553,Microempresa,4,1.8433179723502304,213,2,2,0,0,Lanchonetes,217,25,1,6,5,63,44,23,50
ES,5659,IUNA,3203007.0,30626.0,216,705.2830927969699,84,38.88888888888889,Microempresa,3,1.3888888888888888,213,3,0,0,0,Lanchonetes,216,36,0,0,7,71,28,24,50
MT,9195,NOVA XAVANTINA,5106257.0,26340.0,216,820.0455580865604,98,45.370370370370374,Microempresa,14,6.481481481481481,202,11,3,0,0,Lanchonetes,216,22,6,3,5,70,38,11,61
MT,9129,POCONE,5106505.0,31138.0,216,693.6861712377159,90,41.66666666666667,Microempresa,10,4.62962962962963,206,8,2,0,0,Lanchonetes,216,26,0,3,1,100,18,18,50
SP,2953,HOLAMBRA,3519055.0,15832.0,215,1358.0090955027792,81,37.67441860465116,Microempresa,28,13.023255813953488,187,21,7,0,0,Lanchonetes,215,25,3,18,14,58,23,26,48
SP,6215,BASTOS,3505807.0,21968.0,215,978.6962855061909,82,38.139534883720934,Microempresa,3,1.3953488372093024,212,3,0,0,0,Outros Food Service,215,42,2,2,8,57,65,14,25
AM,9841,PRESIDENTE FIGUEIREDO,1303536.0,33580.0,215,640.2620607504467,107,49.76744186046512,Microempresa,17,7.906976744186046,198,15,2,0,0,Lanchonetes,215,10,0,6,10,91,14,10,74
GO,9307,CERES,5205406.0,22655.0,214,944.6038402118738,91,42.523364485981304,Microempresa,4,1.8691588785046727,210,4,0,0,0,Lanchonetes,214,38,0,4,4,76,47,15,30
GO,9265,BELA VISTA DE GOIAS,5203302.0,38010.0,214,563.0097342804524,99,46.26168224299065,Microempresa,7,3.2710280373831773,207,6,1,0,0,Lanchonetes,214,37,0,7,3,72,31,22,42
SP,7035,SANTA GERTRUDES,3546702.0,23249.0,214,920.4696976214032,96,44.85981308411215,Microempresa,4,1.8691588785046727,210,2,2,0,0,Lanchonetes,214,44,0,2,3,62,55,23,25
MG,5359,TAIOBEIRAS,3168002.0,34675.0,213,614.2754145638067,80,37.558685446009385,Microempresa,0,0.0,213,0,0,0,0,Lanchonetes,213,37,0,3,0,76,42,21,34
MG,5207,SANTO ANTONIO DO MONTE,3160405.0,28549.0,213,746.0856772566465,85,39.906103286384976,Microempresa,11,5.164319248826291,202,11,0,0,0,Lanchonetes,213,28,2,2,6,73,35,22,45
SP,6143,ANGATUBA,3502200.0,24628.0,213,864.8692545070651,111,52.112676056338024,Microempresa,5,2.3474178403755865,208,1,4,0,0,Outros Food Service,213,38,0,7,3,54,66,10,35
MG,4471,ELOI MENDES,3123601.0,27510.0,213,774.2639040348963,79,37.08920187793427,Microempresa,3,1.4084507042253522,210,3,0,0,0,Lanchonetes,213,20,0,2,6,87,35,19,44
BA,3403,CAETITE,2905206.0,54852.0,213,388.3176547801356,77,36.15023474178404,Microempresa,1,0.4694835680751174,212,1,0,0,0,Restaurantes,213,36,0,5,16,45,40,14,57
SP,6879,PIRAJUI,3538907.0,22726.0,211,928.4519933116254,78,36.96682464454976,Microempresa,3,1.4218009478672986,208,3,0,0,0,Lanchonetes,211,51,0,9,5,71,36,18,21
SC,8309,SANTO AMARO DA IMPERATRIZ,4215703.0,30790.0,211,685.2874309840857,93,44.07582938388626,Microempresa,11,5.213270142180095,200,11,0,0,0,Lanchonetes,211,49,0,6,7,55,26,28,40
MG,4349,CONCEICAO DO MATO DENTRO,3117504.0,24846.0,210,845.206471866699,116,55.23809523809524,Microempresa,12,5.714285714285714,198,8,4,0,0,Restaurantes,210,37,1,13,12,51,23,11,62
GO,9397,IPAMERI,5210109.0,26282.0,210,799.0259493189254,86,40.95238095238095,Microempresa,6,2.857142857142857,204,6,0,0,0,Lanchonetes,210,25,0,8,7,64,37,20,49
CE,1475,MORADA NOVA,2308708.0,65453.0,209,319.3130948925183,89,42.58373205741627,Microempresa,4,1.9138755980861244,205,3,1,0,0,Restaurantes,209,16,0,5,5,56,27,29,71
SC,8205,MARAVILHA,4210506.0,31318.0,209,667.3478510760585,91,43.54066985645933,Microempresa,15,7.177033492822966,194,14,1,0,0,Outros Food Service,209,25,1,12,7,45,47,27,45
ES,5667,MIMOSO DO SUL,3203403.0,25011.0,209,835.6323217784175,76,36.36363636363637,Microempresa,4,1.9138755980861244,205,4,0,0,0,Lanchonetes,209,41,0,5,1,68,43,20,31
RN,1841,SAO JOSE DE MIPIBU,2412203.0,50386.0,208,412.8130829992458,106,50.96153846153846,Microempresa,7,3.3653846153846154,201,2,5,0,0,Restaurantes,208,44,0,3,7,45,43,19,47
MG,4285,CARMO DO PARANAIBA,3114303.0,29872.0,208,696.3042313872522,84,40.38461538461539,Microempresa,2,0.9615384615384616,206,0,2,0,0,Lanchonetes,208,38,1,4,11,64,38,17,35
MG,5257,SAO JOAO NEPOMUCENO,3162906.0,26577.0,208,782.6315987507996,79,37.980769230769226,Microempresa,1,0.4807692307692308,207,1,0,0,0,Lanchonetes,208,32,1,0,5,76,44,15,35
PB,2079,MAMANGUAPE,2508901.0,47200.0,207,438.55932203389835,85,41.06280193236715,Microempresa,6,2.898550724637681,201,2,4,0,0,Restaurantes,207,30,2,3,2,55,36,23,56
PR,7907,SIQUEIRA CAMPOS,4126603.0,24299.0,207,851.8869089262932,86,41.54589371980676,Microempresa,8,3.864734299516908,199,6,2,0,0,Lanchonetes,207,31,0,3,0,75,29,21,48
MG,5375,TIRADENTES,3168804.0,8102.0,207,2554.9247099481613,82,39.61352657004831,Microempresa,13,6.280193236714976,194,13,0,0,0,Restaurantes,207,22,0,1,4,40,10,11,119
CE,1303,ACARAU,2300200.0,69848.0,206,294.9261253006528,104,50.48543689320388,Microempresa,2,0.9708737864077669,204,2,0,0,0,Restaurantes,206,16,3,3,12,52,24,6,90
SP,7267,TARUMA,3553955.0,15375.0,206,1339.8373983739837,69,33.49514563106796,Microempresa,1,0.48543689320388345,205,1,0,0,0,Lanchonetes,206,35,1,2,8,84,36,23,17
SP,6153,APIAI,3502705.0,24831.0,206,829.6081511014459,74,35.92233009708738,Microempresa,1,0.48543689320388345,205,0,1,0,0,Lanchonetes,206,30,14,3,4,74,36,17,28
RS,8489,ARROIO DO SAL,4301057.0,11419.0,206,1804.0108590944917,106,51.45631067961165,Microempresa,8,3.8834951456310676,198,8,0,0,0,Lanchonetes,206,37,1,1,4,69,25,9,60
PB,1993,CONDE,2504603.0,30446.0,206,676.607764566774,98,47.57281553398058,Microempresa,7,3.3980582524271843,199,2,5,0,0,Restaurantes,206,29,0,10,4,50,25,15,73
MG,4367,CONSELHEIRO PENA,3118403.0,20989.0,205,976.702082042975,80,39.02439024390244,Microempresa,8,3.902439024390244,197,6,2,0,0,Lanchonetes,205,52,1,5,10,65,22,21,29
SP,6661,MACATUBA,3528007.0,17157.0,204,1189.0190592760973,88,43.13725490196079,Microempresa,2,0.9803921568627451,202,1,1,0,0,Outros Food Service,204,38,2,1,3,51,78,20,11
RS,8879,SAO LOURENCO DO SUL,4318804.0,43278.0,203,469.0604926290494,85,41.87192118226601,Microempresa,17,8.374384236453201,186,14,3,0,0,Lanchonetes,203,41,0,0,4,64,19,27,48
RN,1743,MACAU,2407203.0,28318.0,203,716.8585352072886,71,34.97536945812808,Microempresa,7,3.4482758620689653,196,3,4,0,0,Restaurantes,203,27,2,10,3,54,35,7,65
PA,571,XINGUARA,1508407.0,58508.0,203,346.96109933684284,95,46.79802955665024,Microempresa,22,10.83743842364532,181,20,2,0,0,Restaurantes,203,9,3,4,7,55,45,17,63
BA,3833,RIBEIRA DO POMBAL,2926608.0,56449.0,203,359.6166451132881,96,47.29064039408867,Microempresa,5,2.4630541871921183,198,4,1,0,0,Restaurantes,203,18,1,6,5,57,35,21,60
RJ,6009,SAO JOSE DO VALE DO RIO PRETO,3305158.0,22775.0,202,886.9374313940725,84,41.584158415841586,Microempresa,0,0.0,202,0,0,0,0,Outros Food Service,202,30,0,2,3,50,71,23,23
SP,6275,CACONDE,3508702.0,17192.0,202,1174.9651000465333,88,43.56435643564357,Microempresa,3,1.4851485148514851,199,3,0,0,0,Lanchonetes,202,34,0,1,7,73,40,24,23
MT,9929,MATUPA,5105606.0,22497.0,201,893.4524603280437,116,57.711442786069654,Microempresa,3,1.4925373134328357,198,3,0,0,0,Lanchonetes,201,39,1,2,3,61,34,25,36
MS,9087,INOCENCIA,5004403.0,8814.0,201,2280.462899931926,147,73.13432835820896,Microempresa,14,6.965174129353234,187,6,8,0,0,Alimentação preparada,201,53,1,42,1,34,24,4,42
MG,4067,ARACUAI,3103405.0,35124.0,201,572.2582849333788,84,41.7910447761194,Microempresa,7,3.482587064676617,194,6,1,0,0,Lanchonetes,201,48,1,4,4,59,32,17,36
RS,8937,TRES COROAS,4321709.0,24428.0,201,822.8262649418699,82,40.79601990049751,Microempresa,6,2.9850746268656714,195,3,3,0,0,Lanchonetes,201,23,4,5,3,84,31,15,36
RO,1,GUAJARA-MIRIM,1100106.0,43633.0,201,460.6605092475878,107,53.233830845771145,Microempresa,13,6.467661691542288,188,11,2,0,0,Restaurantes,201,15,1,7,5,61,34,12,66
MG,4791,MANTENA,3139607.0,27342.0,200,731.4753858532661,79,39.5,Microempresa,1,0.5,199,0,1,0,0,Lanchonetes,200,31,0,2,9,78,32,18,30
MG,4755,LAMBARI,3137809.0,21066.0,200,949.397132820659,74,37.0,Microempresa,3,1.5,197,3,0,0,0,Lanchonetes,200,25,0,3,1,69,44,16,42
RN,1823,SANTA CRUZ,2411205.0,39198.0,200,510.2301137813153,72,36.0,Microempresa,6,3.0,194,6,0,0,0,Lanchonetes,200,21,1,2,3,58,37,22,56
PA,559,TOME-ACU,1508001.0,73762.0,200,271.14232260513546,93,46.5,Microempresa,18,9.0,182,17,1,0,0,Restaurantes,200,15,3,4,5,38,39,17,79
BA,3419,CAMPO FORMOSO,2906006.0,75311.0,200,265.5654552455817,76,38.0,Microempresa,5,2.5,195,5,0,0,0,Restaurantes,200,20,3,2,3,44,39,21,68
MG,4263,CARANDAI,3113206.0,24436.0,200,818.464560484531,79,39.5,Microempresa,3,1.5,197,2,1,0,0,Lanchonetes,200,38,3,1,5,75,21,22,35
MG,4483,ESPERA FELIZ,3124203.0,24922.0,200,802.5038118931064,86,43.0,Microempresa,1,0.5,199,1,0,0,0,Lanchonetes,200,25,0,1,6,64,40,22,42
PA,395,TAILANDIA,1507953.0,75062.0,199,265.114172284245,109,54.773869346733676,Microempresa,31,15.577889447236181,168,29,2,0,0,Restaurantes,199,26,1,9,2,46,32,23,60
RJ,788,TANGUA,3305752.0,32868.0,199,605.4521114762078,102,51.256281407035175,Microempresa,7,3.5175879396984926,192,1,6,0,0,Lanchonetes,199,31,0,9,6,50,32,32,39
PR,7569,GOIOERE,4108601.0,28895.0,199,688.7004672088597,80,40.20100502512563,Microempresa,1,0.5025125628140703,198,1,0,0,0,Lanchonetes,199,46,0,2,5,51,48,29,18
SP,6817,PARANAPANEMA,3535804.0,19901.0,199,999.9497512687805,93,46.733668341708544,Microempresa,4,2.0100502512562812,195,1,3,0,0,Lanchonetes,199,19,1,3,4,74,54,14,30
RN,1787,PAU DOS FERROS,2409407.0,32259.0,199,616.8821104187979,72,36.18090452261307,Microempresa,6,3.015075376884422,193,1,5,0,0,Lanchonetes,199,26,3,5,8,60,24,17,56
SC,973,FORQUILHINHA,4205456.0,35582.0,198,556.4611320330504,104,52.52525252525253,Microempresa,4,2.0202020202020203,194,3,1,0,0,Lanchonetes,198,25,0,7,2,54,31,43,36
SP,6345,CONCHAL,3512209.0,29220.0,197,674.19575633128,96,48.73096446700508,Microempresa,3,1.5228426395939088,194,3,0,0,0,Lanchonetes,197,37,2,0,2,78,46,18,14
RS,9821,TEUTONIA,4321451.0,34024.0,197,579.0030566658829,86,43.65482233502538,Microempresa,20,10.152284263959391,177,16,4,0,0,Restaurantes,197,26,0,6,5,50,33,26,51
MG,4881,MUZAMBINHO,3144102.0,22708.0,197,867.5356702483707,78,39.59390862944163,Microempresa,5,2.5380710659898478,192,4,1,0,0,Lanchonetes,197,35,2,4,4,63,34,21,34
PR,7955,QUEDAS DO IGUACU,4120903.0,31431.0,197,626.7697496102573,66,33.50253807106599,Microempresa,1,0.5076142131979695,196,0,1,0,0,Lanchonetes,197,27,0,1,4,74,25,15,51
MG,5137,SACRAMENTO,3156908.0,28251.0,197,697.3204488336696,93,47.20812182741117,Microempresa,16,8.121827411167512,181,11,5,0,0,Lanchonetes,197,30,1,9,4,48,36,21,48
MG,4331,CLAUDIO,3116605.0,32192.0,197,611.9532803180914,81,41.11675126903553,Microempresa,5,2.5380710659898478,192,5,0,0,0,Lanchonetes,197,41,4,1,10,62,20,26,33
GO,9561,POSSE,5218300.0,36517.0,197,539.4747651778623,96,48.73096446700508,Microempresa,21,10.65989847715736,176,18,3,0,0,Restaurantes,197,17,0,8,5,59,23,24,61
PR,7469,CAMBARA,4103602.0,23352.0,197,843.610825625214,65,32.99492385786802,Microempresa,2,1.015228426395939,195,1,1,0,0,Lanchonetes,197,46,0,3,8,77,16,27,20
SP,6383,DOIS CORREGOS,3514106.0,24839.0,197,793.1076130278997,80,40.609137055837564,Microempresa,1,0.5076142131979695,196,1,0,0,0,Lanchonetes,197,45,0,0,8,77,12,30,25
RS,8919,SOLEDADE,4320800.0,30958.0,197,636.3460171845727,86,43.65482233502538,Microempresa,12,6.091370558375635,185,7,5,0,0,Restaurantes,197,33,1,2,3,51,34,14,59
BA,3691,LIVRAMENTO DE NOSSA SENHORA,2919504.0,46476.0,196,421.7230398485239,59,30.102040816326532,Microempresa,4,2.0408163265306123,192,4,0,0,0,Lanchonetes,196,33,0,0,11,67,31,26,28
SP,6537,ITAI,3521804.0,26023.0,196,753.1798793375092,82,41.83673469387755,Microempresa,6,3.061224489795918,190,3,3,0,0,Lanchonetes,196,22,0,7,5,61,57,16,28
SC,888,BALNEARIO ARROIO DO SILVA,4201950.0,18343.0,196,1068.5275036798778,103,52.55102040816326,Microempresa,3,1.530612244897959,193,3,0,0,0,Lanchonetes,196,25,0,7,6,61,30,25,42
ES,5601,AFONSO CLAUDIO,3200102.0,32479.0,196,603.466855506635,76,38.775510204081634,Microempresa,4,2.0408163265306123,192,4,0,0,0,Lanchonetes,196,19,0,2,8,71,38,27,31
MS,143,NOVA ALVORADA DO SUL,5006002.0,23747.0,196,825.3674148313472,86,43.87755102040816,Microempresa,6,3.061224489795918,190,1,5,0,0,Restaurantes,196,30,2,3,6,55,26,11,63
SP,6625,JUQUITIBA,3526209.0,27929.0,196,701.7795123348491,80,40.816326530612244,Microempresa,8,4.081632653061225,188,6,2,0,0,Lanchonetes,196,24,2,2,5,66,44,17,36
PR,7659,LARANJEIRAS DO SUL,4113304.0,33267.0,195,586.1664712778429,73,37.43589743589744,Microempresa,6,3.076923076923077,189,6,0,0,0,Lanchonetes,195,32,2,4,3,57,48,13,36
SP,6307,CAPELA DO ALTO,3510302.0,23939.0,195,814.5703663478006,76,38.97435897435898,Microempresa,0,0.0,195,0,0,0,0,Lanchonetes,195,23,1,4,4,63,54,17,29
PR,7889,SAO MIGUEL DO IGUACU,4125704.0,30624.0,194,633.4900731452456,93,47.93814432989691,Microempresa,8,4.123711340206185,186,8,0,0,0,Lanchonetes,194,26,0,3,9,55,50,19,32
SC,5541,PASSO DE TORRES,4212254.0,15421.0,194,1258.0247714156021,99,51.03092783505154,Microempresa,6,3.0927835051546393,188,6,0,0,0,Lanchonetes,194,24,3,5,2,69,26,17,48
PI,1139,OEIRAS,2207009.0,39275.0,193,491.4067472947168,84,43.523316062176164,Microempresa,3,1.5544041450777202,190,1,2,0,0,Lanchonetes,193,27,0,6,8,58,22,28,44
SP,6699,MIRACATU,3529906.0,18549.0,193,1040.4873578090462,74,38.34196891191709,Microempresa,11,5.699481865284974,182,7,4,0,0,Lanchonetes,193,23,0,4,3,63,34,20,46
RS,8701,IBIRUBA,4310009.0,22106.0,193,873.0661358907083,69,35.751295336787564,Microempresa,12,6.217616580310881,181,7,5,0,0,Restaurantes,193,36,0,8,4,44,22,31,48
GO,9377,GOIAS,5208905.0,24113.0,193,800.3981254924729,96,49.740932642487046,Microempresa,6,3.1088082901554404,187,4,2,0,0,Lanchonetes,193,28,0,4,5,72,21,15,48
RS,8555,CACAPAVA DO SUL,4302808.0,33501.0,193,576.1022059043014,73,37.82383419689119,Microempresa,4,2.072538860103627,189,4,0,0,0,Lanchonetes,193,30,3,7,5,45,44,21,38
AL,2837,PILAR,2706901.0,36534.0,192,525.5378551486288,76,39.58333333333333,Microempresa,4,2.083333333333333,188,1,3,0,0,Lanchonetes,192,15,1,13,5,52,42,16,48
SC,890,BALNEARIO GAIVOTA,4202073.0,18651.0,192,1029.4354190123854,105,54.6875,Microempresa,2,1.0416666666666665,190,1,1,0,0,Lanchonetes,192,31,0,3,5,65,30,14,44
PB,2151,QUEIMADAS,2512507.0,51156.0,191,373.36773789975757,69,36.12565445026178,Microempresa,1,0.5235602094240838,190,0,1,0,0,Lanchonetes,191,26,0,4,3,57,36,23,42
PR,842,CAMPO MAGRO,4104253.0,32227.0,191,592.6707419244733,92,48.167539267015705,Microempresa,1,0.5235602094240838,190,1,0,0,0,Outros Food Service,191,41,0,14,5,39,47,16,29
SC,8325,SAO JOAQUIM,4216503.0,27109.0,191,704.5630602382972,91,47.64397905759162,Microempresa,1,0.5235602094240838,190,1,0,0,0,Lanchonetes,191,35,1,4,7,62,20,19,43
PR,7811,RESERVA,4121703.0,24856.0,191,768.4261345349212,72,37.696335078534034,Microempresa,4,2.094240837696335,187,3,1,0,0,Lanchonetes,191,29,3,4,1,84,19,14,37
MG,4037,ALPINOPOLIS,3101904.0,18673.0,190,1017.5119156000643,77,40.526315789473685,Microempresa,0,0.0,190,0,0,0,0,Outros Food Service,190,31,0,0,5,44,57,29,24
SP,6919,PRADOPOLIS,3540903.0,17291.0,190,1098.8375455439245,66,34.73684210526316,Microempresa,2,1.0526315789473684,188,1,1,0,0,Lanchonetes,190,26,0,4,0,72,49,20,19
SP,6729,MONTE APRAZIVEL,3531407.0,22684.0,190,837.5947804619997,69,36.31578947368421,Microempresa,2,1.0526315789473684,188,1,1,0,0,Lanchonetes,190,49,2,3,4,55,42,11,24
SP,6859,PILAR DO SUL,3537909.0,28496.0,190,666.7602470522179,78,41.05263157894737,Microempresa,1,0.5263157894736842,189,1,0,0,0,Lanchonetes,190,32,3,4,7,70,32,6,36
ES,5727,VARGEM ALTA,3205036.0,20413.0,190,930.7794052809484,75,39.473684210526315,Microempresa,4,2.1052631578947367,186,3,1,0,0,Restaurantes,190,30,0,10,4,39,31,35,41
SP,6263,BURITAMA,3508108.0,17712.0,189,1067.0731707317075,76,40.21164021164021,Microempresa,5,2.6455026455026456,184,3,2,0,0,Outros Food Service,189,34,0,2,3,55,61,10,24
MG,4947,PARAOPEBA,3147402.0,24993.0,189,756.2117392870005,74,39.15343915343915,Microempresa,7,3.7037037037037033,182,5,2,0,0,Lanchonetes,189,44,1,2,2,58,29,13,40
MG,5415,VARZEA DA PALMA,3170800.0,34475.0,189,548.2233502538071,88,46.56084656084656,Microempresa,2,1.0582010582010581,187,1,1,0,0,Alimentação preparada,189,46,2,5,9,45,28,26,28
MG,5079,RAUL SOARES,3154002.0,23866.0,189,791.9215620548059,77,40.74074074074074,Microempresa,1,0.5291005291005291,188,1,0,0,0,Lanchonetes,189,42,0,3,1,59,33,20,31
MG,4283,CARMO DO CAJURU,3114204.0,24775.0,189,762.8657921291624,88,46.56084656084656,Microempresa,3,1.5873015873015872,186,2,1,0,0,Lanchonetes,189,26,0,4,5,45,38,37,34
PR,844,CARAMBEI,4104659.0,24721.0,189,764.5321791189677,90,47.61904761904761,Microempresa,6,3.1746031746031744,183,4,2,0,0,Lanchonetes,189,24,1,10,4,75,22,23,30
MG,4669,ITAPECERICA,3133501.0,21450.0,188,876.4568764568764,67,35.638297872340424,Microempresa,3,1.5957446808510638,185,2,1,0,0,Alimentação preparada,188,43,2,3,5,43,35,19,38
MG,4951,PASSA QUATRO,3147600.0,15852.0,188,1185.9702245773406,59,31.382978723404253,Microempresa,4,2.127659574468085,184,4,0,0,0,Lanchonetes,188,24,0,0,5,56,53,14,36
MT,9027,ARIPUANA,5101407.0,27101.0,187,690.0114386922992,103,55.080213903743314,Microempresa,13,6.951871657754011,174,12,1,0,0,Lanchonetes,187,44,0,6,1,61,18,20,37
PR,7765,PINHAO,4119301.0,30431.0,187,614.5049456146692,76,40.64171122994652,Microempresa,3,1.6042780748663104,184,0,3,0,0,Lanchonetes,187,33,0,6,5,62,30,11,40
SP,6503,IGARAPAVA,3520103.0,26643.0,187,701.872912209586,63,33.68983957219251,Microempresa,10,5.347593582887701,177,9,1,0,0,Lanchonetes,187,34,0,3,6,53,38,13,40
ES,766,SOORETAMA,3205010.0,28876.0,187,647.5966200304752,105,56.14973262032086,Microempresa,9,4.81283422459893,178,9,0,0,0,Lanchonetes,187,25,3,2,9,67,36,16,29
MG,5303,SAO TOME DAS LETRAS,3165206.0,7124.0,187,2624.9298147108366,101,54.01069518716578,Microempresa,4,2.13903743315508,183,3,1,0,0,Restaurantes,187,16,0,1,2,68,18,11,71
SP,6749,NAZARE PAULISTA,3532405.0,18729.0,187,998.4515991243526,77,41.17647058823529,Microempresa,3,1.6042780748663104,184,1,2,0,0,Outros Food Service,187,22,6,2,6,51,56,11,33
BA,3897,SEABRA,2929909.0,48894.0,187,382.4600155438295,88,47.05882352941176,Microempresa,6,3.2085561497326207,181,6,0,0,0,Restaurantes,187,32,0,2,12,37,38,18,48
MG,4867,MONTE SIAO,3143401.0,25271.0,187,739.9786316330972,95,50.80213903743316,Microempresa,5,2.6737967914438503,182,4,1,0,0,Lanchonetes,187,21,0,3,4,71,19,27,42
ES,5713,JAGUARE,3203056.0,31858.0,187,586.9797225186767,93,49.73262032085562,Microempresa,5,2.6737967914438503,182,5,0,0,0,Lanchonetes,187,27,0,0,4,54,40,22,40
SC,8333,SAO LOURENCO DO OESTE,4216909.0,26340.0,187,709.9468488990129,81,43.31550802139038,Microempresa,7,3.7433155080213902,180,6,1,0,0,Restaurantes,187,25,0,5,7,44,38,20,48
RS,8929,TAQUARI,4321303.0,25963.0,186,716.4041135462004,51,27.419354838709676,Microempresa,8,4.301075268817205,178,5,3,0,0,Lanchonetes,186,19,2,7,0,68,26,26,38
SC,1192,BALNEARIO RINCAO,4220000.0,18155.0,186,1024.5111539520794,87,46.774193548387096,Microempresa,9,4.838709677419355,177,8,1,0,0,Lanchonetes,186,18,1,4,4,68,36,24,31
SP,6289,CAJURU,3509403.0,24247.0,186,767.1052088918217,82,44.086021505376344,Microempresa,3,1.6129032258064515,183,2,1,0,0,Outros Food Service,186,34,6,3,3,39,61,20,20
PR,5451,ITAPERUCU,4111258.0,33763.0,186,550.8989130112845,79,42.473118279569896,Microempresa,6,3.225806451612903,180,5,1,0,0,Restaurantes,186,29,1,4,2,45,25,23,57
SP,7227,VALPARAISO,3556305.0,24830.0,185,745.0664518727345,56,30.270270270270274,Microempresa,10,5.405405405405405,175,6,4,0,0,Lanchonetes,185,35,0,11,1,54,36,24,24
RJ,5841,ITAOCARA,3302106.0,23646.0,185,782.3733400998055,51,27.56756756756757,Microempresa,1,0.5405405405405406,184,0,1,0,0,Outros Food Service,185,30,0,3,4,30,57,20,41
BA,3523,GANDU,2911204.0,34154.0,185,541.6642267377174,78,42.16216216216216,Microempresa,5,2.7027027027027026,180,5,0,0,0,Lanchonetes,185,30,0,6,6,60,28,15,40
PR,7923,TIBAGI,4127502.0,20408.0,185,906.5072520580164,82,44.32432432432433,Microempresa,7,3.783783783783784,178,2,5,0,0,Lanchonetes,185,33,0,6,3,59,24,22,38
MG,4589,IBIA,3129509.0,22515.0,184,817.2329558072396,62,33.69565217391305,Microempresa,14,7.608695652173914,170,12,2,0,0,Lanchonetes,184,26,0,3,5,86,15,23,26
MS,9093,IVINHEMA,5004700.0,30371.0,184,605.8410984162523,94,51.08695652173913,Microempresa,6,3.260869565217391,178,4,2,0,0,Lanchonetes,184,33,0,6,2,71,24,17,31
SP,6529,IRACEMAPOLIS,3521408.0,22559.0,184,815.6389910900307,69,37.5,Microempresa,10,5.434782608695652,174,5,5,0,0,Lanchonetes,184,43,0,8,7,50,35,24,17
ES,2929,MARECHAL FLORIANO,3203346.0,19159.0,184,960.3841536614646,82,44.565217391304344,Microempresa,3,1.6304347826086956,181,3,0,0,0,Lanchonetes,184,35,0,1,8,57,40,16,27
SC,5545,CAPIVARI DE BAIXO,4203956.0,25226.0,184,729.4061682391184,99,53.80434782608695,Microempresa,9,4.891304347826087,175,6,3,0,0,Alimentação preparada,184,56,0,4,4,55,39,18,8
RS,8769,NOVA PRATA,4313300.0,26638.0,184,690.7425482393573,67,36.41304347826087,Microempresa,7,3.804347826086957,177,4,3,0,0,Lanchonetes,184,18,0,2,5,63,17,22,57
RJ,5821,CANTAGALO,3301108.0,20023.0,184,918.9432153024023,77,41.84782608695652,Microempresa,3,1.6304347826086956,181,1,2,0,0,Lanchonetes,184,32,0,5,1,61,41,16,28
SC,8371,URUBICI,4218905.0,11079.0,184,1660.7997111652676,82,44.565217391304344,Microempresa,9,4.891304347826087,175,9,0,0,0,Restaurantes,184,24,0,4,0,61,17,14,64
MG,4775,LUZ,3138807.0,18366.0,183,996.40640313623,72,39.34426229508197,Microempresa,12,6.557377049180328,171,10,2,0,0,Outros Food Service,183,40,0,5,4,38,41,20,35
SP,6299,CANANEIA,3509908.0,12493.0,183,1464.820299367646,63,34.42622950819672,Microempresa,4,2.185792349726776,179,1,3,0,0,Restaurantes,183,29,2,2,1,45,43,7,54
MG,5391,TUPACIGUARA,3169604.0,26679.0,183,685.9327561003035,67,36.6120218579235,Microempresa,6,3.278688524590164,177,4,2,0,0,Lanchonetes,183,41,0,5,1,49,24,20,43
GO,9539,PIRACANJUBA,5217104.0,25436.0,183,719.4527441421607,84,45.90163934426229,Microempresa,9,4.918032786885246,174,9,0,0,0,Lanchonetes,183,25,0,0,4,70,23,16,45
SP,6231,BIRITIBA-MIRIM,3506607.0,30599.0,182,594.7906794339684,72,39.56043956043956,Microempresa,0,0.0,182,0,0,0,0,Lanchonetes,182,42,0,4,2,55,40,11,28
SP,6623,JUQUIA,3526100.0,17121.0,182,1063.0220197418375,77,42.30769230769231,Microempresa,2,1.098901098901099,180,2,0,0,0,Outros Food Service,182,40,2,8,2,38,43,14,35
MG,4659,ITAMONTE,3133006.0,15294.0,182,1190.0091539165685,76,41.75824175824176,Microempresa,2,1.098901098901099,180,2,0,0,0,Lanchonetes,182,13,2,3,7,81,21,18,37
SP,2993,POTIM,3540754.0,20831.0,182,873.6978541596659,89,48.9010989010989,Microempresa,3,1.6483516483516485,179,3,0,0,0,Lanchonetes,182,32,0,3,12,45,37,20,33
BA,3083,CAPIM GROSSO,2906873.0,35627.0,182,510.84851376764817,75,41.208791208791204,Microempresa,5,2.7472527472527473,177,5,0,0,0,Restaurantes,182,13,0,0,4,54,27,23,61
GO,9645,ACREUNA,5200134.0,22161.0,182,821.2625784035017,83,45.604395604395606,Microempresa,4,2.197802197802198,178,2,2,0,0,Lanchonetes,182,26,1,9,4,61,40,10,31
GO,9509,PADRE BERNARDO,5215603.0,37709.0,182,482.6434007796547,75,41.208791208791204,Microempresa,0,0.0,182,0,0,0,0,Lanchonetes,182,13,0,5,4,83,30,11,36
MG,5085,RESPLENDOR,3154309.0,17646.0,182,1031.395217046356,76,41.75824175824176,Microempresa,3,1.6483516483516485,179,3,0,0,0,Lanchonetes,182,25,0,2,5,67,30,18,35
SP,7065,SANTO ANTONIO DO PINHAL,3548203.0,7333.0,182,2481.930996863494,72,39.56043956043956,Microempresa,16,8.791208791208792,166,15,1,0,0,Lanchonetes,182,29,0,0,3,72,11,12,55
SP,6455,GUARA,3517703.0,18711.0,181,967.3454117898563,60,33.14917127071823,Microempresa,0,0.0,181,0,0,0,0,Lanchonetes,181,37,0,2,2,62,37,20,21
RS,8967,PALMARES DO SUL,4313656.0,13190.0,181,1372.2517058377557,83,45.85635359116022,Microempresa,1,0.5524861878453038,180,0,1,0,0,Outros Food Service,181,21,0,4,2,55,68,16,15
MS,9003,AGUA CLARA,5000203.0,18143.0,180,992.1181722978558,109,60.55555555555555,Microempresa,15,8.333333333333332,165,11,4,0,0,Restaurantes,180,34,4,13,6,33,23,8,59
TO,9627,GUARAI,1709302.0,25975.0,180,692.9740134744948,65,36.11111111111111,Microempresa,3,1.6666666666666667,177,0,3,0,0,Lanchonetes,180,11,3,6,2,62,40,13,43
RS,8717,IVOTI,4310801.0,23567.0,180,763.7798616709806,73,40.55555555555556,Microempresa,16,8.88888888888889,164,15,1,0,0,Outros Food Service,180,37,0,6,4,25,44,24,40
SP,7051,SANTA RITA DO PASSA QUATRO,3547502.0,24938.0,180,721.7900392974576,74,41.11111111111111,Microempresa,2,1.1111111111111112,178,1,1,0,0,Alimentação preparada,180,50,6,5,2,45,34,19,19
PA,505,ORIXIMINA,1505304.0,73301.0,179,244.19857846414104,88,49.162011173184354,Microempresa,6,3.35195530726257,173,4,2,0,0,Restaurantes,179,18,0,12,2,44,28,18,57
SC,8167,ITUPORANGA,4208500.0,28897.0,179,619.441464511887,74,41.340782122905026,Microempresa,18,10.05586592178771,161,16,2,0,0,Lanchonetes,179,36,1,6,0,59,30,11,36
PI,1007,ALTOS,2200400.0,50509.0,179,354.3922865231939,81,45.2513966480447,Microempresa,1,0.5586592178770949,178,1,0,0,0,Restaurantes,179,22,0,7,6,39,31,18,56
BA,3885,SAO GONCALO DOS CAMPOS,2929305.0,42409.0,179,422.0802188214766,87,48.60335195530726,Microempresa,5,2.793296089385475,174,0,5,0,0,Restaurantes,179,33,0,7,6,23,40,27,43
ES,5669,MONTANHA,3203502.0,19891.0,179,899.9044794127997,71,39.66480446927375,Microempresa,6,3.35195530726257,173,4,2,0,0,Lanchonetes,179,30,0,4,10,52,45,11,27
PE,2517,PESQUEIRA,2610905.0,65549.0,178,271.5525789867122,63,35.39325842696629,Microempresa,2,1.1235955056179776,176,1,1,0,0,Restaurantes,178,29,1,6,8,34,29,22,49
MG,4691,JABOTICATUBAS,3134608.0,21609.0,177,819.1031514646676,84,47.45762711864407,Microempresa,6,3.389830508474576,171,6,0,0,0,Lanchonetes,177,37,0,8,5,47,21,17,42
RS,8593,CARLOS BARBOSA,4304804.0,31586.0,177,560.3748496169188,74,41.80790960451977,Microempresa,22,12.429378531073446,155,11,11,0,0,Padarias e confeitaria,177,17,0,14,5,33,22,43,43
MG,4789,MANHUMIRIM,3139508.0,20910.0,177,846.4849354375897,74,41.80790960451977,Microempresa,1,0.5649717514124294,176,1,0,0,0,Lanchonetes,177,22,0,3,4,64,43,9,32
SC,5549,BALNEARIO BARRA DO SUL,4202057.0,17533.0,177,1009.5248959105687,87,49.152542372881356,Microempresa,2,1.1299435028248588,175,1,1,0,0,Lanchonetes,177,30,1,3,8,67,28,11,29
MS,9057,CASSILANDIA,5002902.0,21581.0,177,820.1658866595617,61,34.463276836158194,Microempresa,5,2.824858757062147,172,4,1,0,0,Lanchonetes,177,28,2,2,2,74,25,18,26
MG,4943,PARAGUACU,3147204.0,22541.0,177,785.2357925557873,81,45.76271186440678,Microempresa,0,0.0,177,0,0,0,0,Lanchonetes,177,26,0,4,5,65,37,16,24
PR,7721,NOVA ESPERANCA,4116901.0,27140.0,177,652.1739130434783,76,42.93785310734463,Microempresa,7,3.954802259887006,170,5,2,0,0,Lanchonetes,177,31,0,2,6,58,32,16,32
MG,5055,PRATA,3152808.0,29903.0,176,588.5697087248772,67,38.06818181818182,Microempresa,22,12.5,154,18,4,0,0,Lanchonetes,176,29,0,5,2,57,30,12,41
BA,3735,MORRO DO CHAPEU,2921708.0,35245.0,176,499.3616115761101,77,43.75,Microempresa,5,2.840909090909091,171,5,0,0,0,Lanchonetes,176,18,0,8,8,50,34,15,43
MG,5239,SAO GONCALO DO SAPUCAI,3162005.0,24513.0,176,717.9863745767552,68,38.63636363636363,Microempresa,6,3.4090909090909087,170,6,0,0,0,Lanchonetes,176,23,0,1,6,72,34,9,31
MG,4255,CAPITOLIO,3112802.0,11111.0,176,1584.0158401584017,76,43.18181818181818,Microempresa,3,1.7045454545454544,173,3,0,0,0,Restaurantes,176,27,0,2,5,37,31,10,64
SP,6571,ITATINGA,3523503.0,19493.0,176,902.8882162827682,63,35.79545454545455,Microempresa,3,1.7045454545454544,173,1,2,0,0,Lanchonetes,176,30,0,3,7,65,34,12,25
SP,6901,POMPEIA,3540002.0,20528.0,175,852.4941543257988,65,37.142857142857146,Microempresa,11,6.2857142857142865,164,1,10,0,0,Lanchonetes,175,18,3,11,6,56,34,16,31
CE,1439,JAGUARIBE,2306900.0,35161.0,175,497.7105315548477,86,49.142857142857146,Microempresa,3,1.7142857142857144,172,3,0,0,0,Lanchonetes,175,11,0,3,3,58,29,17,54
SP,7265,ROSANA,3544251.0,17366.0,175,1007.7162271104457,70,40.0,Microempresa,9,5.142857142857142,166,9,0,0,0,Lanchonetes,175,33,1,2,0,60,36,13,30
PR,7905,SERTANOPOLIS,4126504.0,16228.0,175,1078.3830416563962,80,45.714285714285715,Microempresa,1,0.5714285714285714,174,1,0,0,0,Lanchonetes,175,19,1,0,2,60,54,15,24
PE,2605,TIMBAUBA,2615300.0,47069.0,174,369.67005884977374,61,35.05747126436782,Microempresa,4,2.2988505747126435,170,4,0,0,0,Outros Food Service,174,29,1,1,3,25,44,28,43
ES,5681,PINHEIROS,3204104.0,24861.0,174,699.8913961626645,75,43.103448275862064,Microempresa,17,9.770114942528735,157,16,1,0,0,Lanchonetes,174,24,0,4,7,45,45,14,35
RN,1621,AREIA BRANCA,2401107.0,24573.0,174,708.0942497863509,76,43.67816091954023,Microempresa,4,2.2988505747126435,170,0,4,0,0,Restaurantes,174,32,3,10,3,28,30,14,54
PR,7805,REALEZA,4121406.0,20276.0,174,858.1574275004932,68,39.08045977011494,Microempresa,8,4.597701149425287,166,8,0,0,0,Lanchonetes,174,43,0,1,2,58,15,11,44
SC,8253,PINHALZINHO,4212908.0,24419.0,174,712.5598918874647,72,41.37931034482759,Microempresa,6,3.4482758620689653,168,4,2,0,0,Restaurantes,174,33,1,1,12,35,28,19,45
MG,4661,ITANHANDU,3133105.0,15815.0,174,1100.2213088839708,63,36.206896551724135,Microempresa,1,0.5747126436781609,173,1,0,0,0,Lanchonetes,174,31,0,0,2,50,33,22,36
RS,8893,SAO SEBASTIAO DO CAI,4319505.0,24898.0,173,694.8349265001204,66,38.15028901734104,Microempresa,10,5.780346820809249,163,9,1,0,0,Alimentação preparada,173,54,1,1,1,28,42,27,19
PR,7971,SANTA HELENA,4123501.0,26601.0,173,650.3514905454682,65,37.57225433526011,Microempresa,4,2.312138728323699,169,4,0,0,0,Lanchonetes,173,35,2,3,4,55,20,22,32
RJ,5911,SILVA JARDIM,3305604.0,22029.0,173,785.3284307049797,65,37.57225433526011,Microempresa,4,2.312138728323699,169,4,0,0,0,Lanchonetes,173,26,0,4,4,47,38,14,40
MA,763,CODO,2103307.0,118272.0,173,146.27299783549782,72,41.61849710982659,Microempresa,3,1.7341040462427744,170,1,2,0,0,Restaurantes,173,14,0,7,11,40,34,18,49
RS,8725,JULIO DE CASTILHOS,4311205.0,18545.0,173,932.8660016176868,71,41.040462427745666,Microempresa,8,4.624277456647398,165,7,1,0,0,Lanchonetes,173,23,0,1,5,52,35,25,32
MG,4003,ABAETE,3100203.0,23185.0,172,741.8589605348285,71,41.27906976744186,Microempresa,3,1.744186046511628,169,1,2,0,0,Lanchonetes,172,20,0,5,7,52,44,19,25
MG,5043,PORTEIRINHA,3152204.0,38714.0,172,444.2837216510823,72,41.86046511627907,Microempresa,2,1.1627906976744187,170,0,2,0,0,Lanchonetes,172,23,0,4,3,62,19,32,29
PR,7635,JANDAIA DO SUL,4112108.0,22000.0,172,781.8181818181818,69,40.116279069767444,Microempresa,4,2.3255813953488373,168,2,2,0,0,Lanchonetes,172,25,1,1,9,56,30,12,38
PA,573,RONDON DO PARA,1506187.0,57452.0,172,299.380352294089,64,37.2093023255814,Microempresa,7,4.069767441860465,165,5,2,0,0,Restaurantes,172,14,0,2,5,53,28,16,54
PE,2511,PAUDALHO,2610608.0,60187.0,171,284.11450977785904,74,43.27485380116959,Microempresa,1,0.5847953216374269,170,1,0,0,0,Outros Food Service,171,17,0,8,2,46,53,26,19
MG,4385,COROMANDEL,3119302.0,30209.0,171,566.0564732364527,76,44.44444444444444,Microempresa,6,3.508771929824561,165,4,2,0,0,Lanchonetes,171,34,0,7,2,56,26,12,34
GO,9439,JUSSARA,5212204.0,19949.0,171,857.1858238508196,72,42.10526315789473,Microempresa,0,0.0,171,0,0,0,0,Lanchonetes,171,27,0,3,6,71,26,17,21
MA,869,PINHEIRO,2108603.0,88241.0,171,193.78746841037614,77,45.02923976608187,Microempresa,11,6.432748538011696,160,9,2,0,0,Restaurantes,171,13,2,5,2,45,42,15,47
BA,3953,URUCUCA,2932705.0,22178.0,170,766.5253855171792,77,45.294117647058826,Microempresa,9,5.294117647058823,161,7,2,0,0,Restaurantes,170,19,0,8,5,44,25,15,54
CE,1417,IPU,2305803.0,43193.0,170,393.58229342717567,74,43.529411764705884,Microempresa,1,0.5882352941176471,169,1,0,0,0,Restaurantes,170,7,0,0,5,56,16,20,66
PR,7767,PIRAI DO SUL,4119400.0,23991.0,169,704.4308282272518,75,44.37869822485207,Microempresa,10,5.9171597633136095,159,2,8,0,0,Lanchonetes,169,24,1,6,2,49,45,9,33
SP,2949,ENGENHEIRO COELHO,3515152.0,20377.0,169,829.3664425577857,70,41.42011834319527,Microempresa,9,5.325443786982249,160,4,5,0,0,Outros Food Service,169,14,2,5,3,52,55,7,31
RS,8519,ARROIO DO MEIO,4301008.0,22524.0,169,750.3107796128573,59,34.9112426035503,Microempresa,23,13.609467455621301,146,12,11,0,0,Restaurantes,169,24,3,11,2,36,32,23,38
SP,6277,CAFELANDIA,3508801.0,16908.0,169,999.5268511947007,73,43.19526627218935,Microempresa,1,0.591715976331361,168,0,1,0,0,Lanchonetes,169,29,2,4,2,57,56,11,8
PE,2487,MORENO,2609402.0,57661.0,169,293.09238480081854,74,43.786982248520715,Microempresa,5,2.9585798816568047,164,2,3,0,0,Lanchonetes,169,25,2,8,7,38,31,31,27
MT,9763,TAPURAH,5108006.0,16001.0,169,1056.1839885007187,71,42.01183431952663,Microempresa,5,2.9585798816568047,164,5,0,0,0,Lanchonetes,169,25,1,6,2,76,25,5,29
CE,1599,PARAIPABA,2310258.0,34266.0,169,493.20025681433486,71,42.01183431952663,Microempresa,9,5.325443786982249,160,7,2,0,0,Restaurantes,169,15,0,9,9,43,19,17,57
SP,6685,MARTINOPOLIS,3529203.0,25260.0,169,669.0419635787806,64,37.8698224852071,Microempresa,2,1.183431952662722,167,2,0,0,0,Lanchonetes,169,30,0,1,4,55,36,23,20
SP,6183,AURIFLAMA,3504206.0,13841.0,168,1213.7851311321435,45,26.785714285714285,Microempresa,0,0.0,168,0,0,0,0,Lanchonetes,168,15,1,1,0,83,14,29,25
PR,7679,MANDIRITUBA,4114302.0,29437.0,168,570.7103305363997,76,45.23809523809524,Microempresa,8,4.761904761904762,160,6,2,0,0,Restaurantes,168,32,0,8,2,24,38,23,41
SC,8107,FRAIBURGO,4205506.0,33969.0,168,494.5685772321823,83,49.404761904761905,Microempresa,13,7.738095238095238,155,5,8,0,0,Lanchonetes,168,26,1,9,3,43,19,24,43
PR,7597,IMBITUVA,4110102.0,30940.0,168,542.9864253393665,72,42.857142857142854,Microempresa,3,1.7857142857142856,165,3,0,0,0,Lanchonetes,168,30,0,1,7,49,35,23,23
SP,6703,MIRANDOPOLIS,3530102.0,28770.0,168,583.9416058394161,56,33.33333333333333,Microempresa,2,1.1904761904761905,166,1,1,0,0,Lanchonetes,168,29,2,14,1,43,29,21,29
RJ,5827,CONCEICAO DE MACABU,3301405.0,21771.0,168,771.6687336364889,68,40.476190476190474,Microempresa,1,0.5952380952380952,167,1,0,0,0,Lanchonetes,168,28,2,2,3,50,46,15,22
CE,1401,GUARACIABA DO NORTE,2305001.0,44823.0,168,374.8075764674386,76,45.23809523809524,Microempresa,1,0.5952380952380952,167,1,0,0,0,Restaurantes,168,10,0,0,11,49,29,16,53
MG,4381,CORINTO,3119104.0,23981.0,167,696.3846378382887,75,44.91017964071856,Microempresa,6,3.592814371257485,161,2,4,0,0,Lanchonetes,167,26,0,2,4,56,34,17,28
PR,8467,SANTA TEREZINHA DE ITAIPU,4124053.0,25510.0,167,654.6452371618973,93,55.688622754491014,Microempresa,4,2.3952095808383236,163,4,0,0,0,Lanchonetes,167,35,1,3,3,48,28,15,34
SP,6825,PARIQUERA-ACU,3536208.0,19627.0,167,850.8687012788506,64,38.32335329341318,Microempresa,8,4.790419161676647,159,4,4,0,0,Lanchonetes,167,39,0,3,3,49,31,10,32
MA,761,CHAPADINHA,2103208.0,84564.0,167,197.48356274537628,76,45.50898203592814,Microempresa,14,8.383233532934131,153,11,3,0,0,Restaurantes,167,14,2,5,4,44,32,12,54
RS,8903,SARANDI,4320107.0,23374.0,167,714.4690681954309,71,42.51497005988024,Microempresa,9,5.389221556886228,158,7,2,0,0,Restaurantes,167,31,0,3,2,46,19,17,49
MG,5179,SANTANA DO RIACHO,3159001.0,5724.0,167,2917.540181691125,73,43.712574850299404,Microempresa,1,0.5988023952095809,166,1,0,0,0,Restaurantes,167,32,1,0,5,43,9,9,68
RS,8727,LAGOA VERMELHA,4311304.0,28622.0,167,583.4672629445881,58,34.73053892215569,Microempresa,9,5.389221556886228,158,8,1,0,0,Lanchonetes,167,18,1,2,6,43,43,16,38
PI,1037,BOM JESUS,2201903.0,30965.0,167,539.3185854997578,73,43.712574850299404,Microempresa,22,13.17365269461078,145,22,0,0,0,Restaurantes,167,16,4,6,5,32,13,19,72
PR,7549,FAXINAL,4107603.0,16548.0,166,1003.1423737007493,67,40.36144578313253,Microempresa,5,3.0120481927710845,161,3,2,0,0,Lanchonetes,166,30,0,1,3,56,43,10,23
MG,4945,PARAISOPOLIS,3147303.0,21143.0,166,785.12983020385,77,46.3855421686747,Microempresa,0,0.0,166,0,0,0,0,Lanchonetes,166,23,0,2,3,74,14,17,33
CE,1341,BATURITE,2302107.0,37308.0,166,444.9447839605446,55,33.13253012048193,Microempresa,3,1.8072289156626504,163,3,0,0,0,Restaurantes,166,31,0,1,7,45,18,14,50
SP,7061,SANTO ANTONIO DE POSSE,3548005.0,23945.0,166,693.2553769054082,61,36.74698795180723,Microempresa,17,10.240963855421686,149,10,7,0,0,Lanchonetes,166,15,1,7,2,63,39,16,23
SP,7055,SANTO ANASTACIO,3547700.0,17884.0,166,928.2039812122567,61,36.74698795180723,Microempresa,1,0.6024096385542169,165,0,1,0,0,Lanchonetes,166,34,0,2,6,55,34,19,16
SC,8123,GUABIRUBA,4206306.0,27195.0,165,606.7291781577496,85,51.515151515151516,Microempresa,8,4.848484848484849,157,2,6,0,0,Lanchonetes,165,33,2,7,4,43,33,24,19
SP,6247,BORBOREMA,3507407.0,14396.0,165,1146.1517088080022,75,45.45454545454545,Microempresa,3,1.8181818181818181,162,3,0,0,0,Lanchonetes,165,32,1,2,9,52,39,7,23
MS,9179,MUNDO NOVO,5005681.0,20229.0,165,815.6606851549755,68,41.21212121212121,Microempresa,2,1.2121212121212122,163,0,2,0,0,Lanchonetes,165,40,0,2,0,49,30,12,32
MG,5195,SANTA VITORIA,3159803.0,22073.0,165,747.5195940742083,78,47.27272727272727,Microempresa,7,4.242424242424243,158,4,3,0,0,Lanchonetes,165,22,2,4,2,57,33,13,32
RS,968,CHUI,4305439.0,6409.0,165,2574.5046029021687,68,41.21212121212121,Microempresa,5,3.0303030303030303,160,5,0,0,0,Lanchonetes,165,10,0,0,0,67,42,2,44
CE,1545,SANTA QUITERIA,2312205.0,41496.0,164,395.21881627144785,62,37.80487804878049,Microempresa,0,0.0,164,0,0,0,0,Lanchonetes,164,16,0,3,12,50,31,12,40
RO,39,MACHADINHO D'OESTE,1100130.0,34229.0,164,479.12588740541645,68,41.46341463414634,Microempresa,2,1.2195121951219512,162,1,1,0,0,Lanchonetes,164,16,0,3,1,67,25,6,46
AM,281,TEFE,1304203.0,81046.0,163,201.12035140537472,83,50.920245398773,Microempresa,21,12.883435582822086,142,19,2,0,0,Outros Food Service,163,21,0,7,5,39,41,19,31
MG,4623,IPANEMA,3131208.0,20262.0,163,804.4615536472213,87,53.37423312883436,Microempresa,0,0.0,163,0,0,0,0,Lanchonetes,163,31,0,3,6,66,20,13,24
RS,8883,SAO MARCOS,4319000.0,21549.0,163,756.415610933222,55,33.74233128834356,Microempresa,5,3.067484662576687,158,4,1,0,0,Lanchonetes,163,23,0,16,1,47,22,23,31
RS,8959,VERANOPOLIS,4322806.0,24554.0,162,659.7703021910891,54,33.33333333333333,Microempresa,16,9.876543209876543,146,14,2,0,0,Lanchonetes,162,22,0,9,3,54,25,20,29
GO,9297,CAMPOS BELOS,5204904.0,18196.0,162,890.3055616619037,88,54.32098765432099,Microempresa,3,1.8518518518518516,159,3,0,0,0,Lanchonetes,162,38,0,2,2,58,21,16,25
PB,2021,ESPERANCA,2506004.0,32671.0,162,495.8525909828288,72,44.44444444444444,Microempresa,3,1.8518518518518516,159,1,2,0,0,Lanchonetes,162,17,1,3,8,53,28,15,37
PR,7727,ORTIGUEIRA,4117305.0,24808.0,162,653.0151564011609,65,40.123456790123456,Microempresa,3,1.8518518518518516,159,0,3,0,0,Lanchonetes,162,30,2,4,1,55,12,22,36
SP,7167,TAMBAU,3553302.0,21620.0,161,744.6808510638298,49,30.434782608695656,Microempresa,5,3.1055900621118013,156,5,0,0,0,Lanchonetes,161,56,0,2,0,61,15,10,17
SP,6813,PARAIBUNA,3535606.0,17968.0,161,896.0373998219056,72,44.72049689440994,Microempresa,8,4.968944099378882,153,3,5,0,0,Lanchonetes,161,29,3,6,3,46,35,11,28
SP,7169,TANABI,3553401.0,26116.0,161,616.4803185786491,64,39.75155279503105,Microempresa,1,0.6211180124223602,160,1,0,0,0,Lanchonetes,161,26,1,1,1,67,10,26,29
SP,6695,MIGUELOPOLIS,3529708.0,19591.0,161,821.8059312949824,75,46.58385093167702,Microempresa,1,0.6211180124223602,160,0,1,0,0,Lanchonetes,161,31,1,0,3,41,39,21,25
PA,583,DOM ELISEU,1502939.0,63306.0,161,254.32028559694183,65,40.37267080745342,Microempresa,18,11.180124223602485,143,18,0,0,0,Restaurantes,161,14,0,3,4,40,33,12,55
BA,3319,AMARGOSA,2901007.0,38656.0,160,413.907284768212,60,37.5,Microempresa,0,0.0,160,0,0,0,0,Lanchonetes,160,25,0,1,7,38,37,17,35
MS,9075,FATIMA DO SUL,5003801.0,21615.0,160,740.2266944251677,75,46.875,Microempresa,4,2.5,156,2,2,0,0,Lanchonetes,160,30,0,1,4,39,36,21,29
SP,6987,ROSEIRA,3544301.0,11174.0,160,1431.895471630571,64,40.0,Microempresa,14,8.75,146,3,11,0,0,Lanchonetes,160,30,0,2,1,50,36,9,32
SP,6341,COLINA,3512001.0,18914.0,160,845.9342286137253,51,31.874999999999996,Microempresa,2,1.25,158,0,2,0,0,Outros Food Service,160,12,2,2,4,48,68,16,8
RS,8871,SAO JERONIMO,4318408.0,21412.0,159,742.5742574257425,66,41.509433962264154,Microempresa,5,3.1446540880503147,154,0,5,0,0,Lanchonetes,159,26,2,4,3,42,40,8,34
CE,1349,BREJO SANTO,2302503.0,54585.0,159,291.2888156086837,75,47.16981132075472,Microempresa,1,0.628930817610063,158,1,0,0,0,Restaurantes,159,9,1,1,4,42,38,14,50
MG,4815,MATIAS BARBOSA,3140803.0,14590.0,159,1089.787525702536,58,36.477987421383645,Microempresa,1,0.628930817610063,158,1,0,0,0,Outros Food Service,159,25,1,1,0,33,54,12,33
SP,6867,PINHALZINHO,3538204.0,15740.0,159,1010.1651842439644,87,54.71698113207547,Microempresa,0,0.0,159,0,0,0,0,Lanchonetes,159,27,0,2,3,57,31,22,17
GO,9641,VIANOPOLIS,5222005.0,15808.0,159,1005.8198380566802,66,41.509433962264154,Microempresa,6,3.7735849056603774,153,5,1,0,0,Lanchonetes,159,23,2,5,3,80,14,13,19
PE,2475,LAJEDO,2608800.0,42120.0,159,377.4928774928775,64,40.25157232704403,Microempresa,0,0.0,159,0,0,0,0,Outros Food Service,159,18,0,2,1,27,53,25,33
BA,3937,TUCANO,2931905.0,51067.0,158,309.3974582411342,59,37.34177215189873,Microempresa,4,2.5316455696202533,154,4,0,0,0,Restaurantes,158,22,3,0,5,38,22,8,60
SC,8229,ORLEANS,4211702.0,24901.0,158,634.5126701738886,69,43.67088607594937,Microempresa,12,7.59493670886076,146,6,6,0,0,Lanchonetes,158,29,0,9,7,39,22,22,30
TO,9341,DIANOPOLIS,1707009.0,17905.0,158,882.4350740016754,58,36.708860759493675,Microempresa,3,1.89873417721519,155,1,2,0,0,Lanchonetes,158,27,1,7,10,44,31,19,19
AP,609,OIAPOQUE,1600501.0,31071.0,158,508.51276109555533,83,52.53164556962025,Microempresa,12,7.59493670886076,146,9,3,0,0,Restaurantes,158,18,0,11,7,35,21,7,59
PR,7933,UBIRATA,4128005.0,25928.0,158,609.379821042888,81,51.26582278481012,Microempresa,3,1.89873417721519,155,1,2,0,0,Lanchonetes,158,36,0,4,5,42,29,16,26
MG,4101,BAMBUI,3105103.0,24258.0,158,651.3315194987221,49,31.0126582278481,Microempresa,3,1.89873417721519,155,3,0,0,0,Lanchonetes,158,30,1,3,5,55,16,23,25
MT,9177,MIRASSOL D'OESTE,5105622.0,27763.0,157,565.5008464503117,65,41.40127388535032,Microempresa,8,5.095541401273886,149,8,0,0,0,Lanchonetes,157,18,2,1,4,51,42,13,26
MG,4345,CONCEICAO DAS ALAGOAS,3117306.0,30589.0,157,513.2563993592468,80,50.955414012738856,Microempresa,2,1.2738853503184715,155,2,0,0,0,Alimentação preparada,157,40,3,5,5,34,33,19,18
RJ,5855,MENDES,3302809.0,18048.0,157,869.9024822695035,62,39.490445859872615,Microempresa,2,1.2738853503184715,155,0,2,0,0,Lanchonetes,157,31,2,7,3,42,37,14,21
BA,3425,CANAVIEIRAS,2906303.0,34437.0,157,455.904985916311,67,42.675159235668794,Microempresa,0,0.0,157,0,0,0,0,Restaurantes,157,14,2,2,5,34,32,10,58
ES,5641,ECOPORANGA,3202108.0,22554.0,157,696.1071206881263,62,39.490445859872615,Microempresa,2,1.2738853503184715,155,0,2,0,0,Lanchonetes,157,23,0,0,8,53,25,22,26
SP,6333,CESARIO LANGE,3511607.0,19813.0,157,792.4090243779337,64,40.76433121019109,Microempresa,4,2.547770700636943,153,4,0,0,0,Outros Food Service,157,32,1,1,2,41,44,4,32
RJ,5823,CARMO,3301207.0,17741.0,157,884.9557522123894,83,52.86624203821656,Microempresa,0,0.0,157,0,0,0,0,Lanchonetes,157,35,0,6,5,47,28,17,19
PR,7943,WENCESLAU BRAZ,4128500.0,19392.0,156,804.4554455445544,55,35.256410256410255,Microempresa,7,4.487179487179487,149,2,5,0,0,Lanchonetes,156,23,0,2,3,52,31,12,33
SP,6451,GUAPIACU,3517505.0,22562.0,156,691.4280648878645,68,43.58974358974359,Microempresa,4,2.564102564102564,152,3,1,0,0,Lanchonetes,156,29,1,1,1,48,32,22,22
MG,4289,CARMOPOLIS DE MINAS,3114501.0,18621.0,156,837.7638150475269,61,39.1025641025641,Microempresa,4,2.564102564102564,152,2,2,0,0,Lanchonetes,156,19,0,3,8,53,31,14,28
MG,5341,SERRO,3167103.0,22695.0,156,687.3760740251157,71,45.51282051282051,Microempresa,4,2.564102564102564,152,3,1,0,0,Lanchonetes,156,30,1,4,11,43,28,6,33
SP,7187,TEODORO SAMPAIO,3554300.0,22622.0,155,685.1737246927769,66,42.58064516129032,Microempresa,1,0.6451612903225806,154,1,0,0,0,Lanchonetes,155,16,5,2,3,59,32,17,21
MT,9897,VILA RICA,5108600.0,19545.0,155,793.0416986441546,87,56.12903225806451,Microempresa,4,2.5806451612903225,151,4,0,0,0,Lanchonetes,155,18,0,1,36,39,23,9,29
BA,3655,JAGUARARI,2917706.0,34609.0,155,447.8603831373342,68,43.87096774193549,Microempresa,2,1.2903225806451613,153,0,2,0,0,Lanchonetes,155,24,0,7,4,46,21,14,39
SP,6119,ALTINOPOLIS,3501004.0,17234.0,155,899.3849367529302,59,38.064516129032256,Microempresa,2,1.2903225806451613,153,1,1,0,0,Lanchonetes,155,32,0,1,2,49,40,15,16
MG,4671,ITAPEVA,3133600.0,13778.0,155,1124.981855131369,78,50.32258064516129,Microempresa,15,9.67741935483871,140,12,3,0,0,Lanchonetes,155,18,0,9,7,55,23,10,33
SP,6501,IGARACU DO TIETE,3520004.0,23414.0,155,661.9970957546767,71,45.806451612903224,Microempresa,3,1.935483870967742,152,3,0,0,0,Lanchonetes,155,21,0,2,3,63,37,17,12
SP,7239,VIRADOURO,3556800.0,17689.0,155,876.250777319238,70,45.16129032258064,Microempresa,1,0.6451612903225806,154,1,0,0,0,Lanchonetes,155,37,2,6,4,49,24,13,20
BA,3803,POCOES,2925105.0,50893.0,155,304.56054860196883,60,38.70967741935484,Microempresa,6,3.870967741935484,149,5,1,0,0,Lanchonetes,155,15,1,5,3,40,38,20,33
SP,6917,POTIRENDABA,3540804.0,19189.0,154,802.5431236645995,47,30.519480519480517,Microempresa,2,1.2987012987012987,152,0,2,0,0,Lanchonetes,154,33,0,6,1,60,19,15,20
RJ,2925,AREAL,3300225.0,12213.0,154,1260.951445181364,69,44.8051948051948,Microempresa,7,4.545454545454546,147,5,2,0,0,Outros Food Service,154,39,1,4,2,16,45,19,28
GO,9609,SILVANIA,5220603.0,23356.0,154,659.3594793629046,76,49.35064935064935,Microempresa,6,3.896103896103896,148,5,1,0,0,Lanchonetes,154,22,0,4,4,51,30,21,22
PB,2207,SAPE,2515302.0,53598.0,154,287.32415388633905,76,49.35064935064935,Microempresa,2,1.2987012987012987,152,1,1,0,0,Lanchonetes,154,15,1,1,0,50,45,10,32
RS,8873,SAO JOSE DO NORTE,4318507.0,26248.0,154,586.7113684852179,57,37.01298701298701,Microempresa,7,4.545454545454546,147,6,1,0,0,Lanchonetes,154,14,0,3,4,48,46,16,23
SP,6885,PIRAPOZINHO,3539202.0,26125.0,154,589.4736842105264,76,49.35064935064935,Microempresa,2,1.2987012987012987,152,2,0,0,0,Lanchonetes,154,23,0,1,3,46,35,9,37
CE,1587,AMONTADA,2300754.0,44814.0,154,343.64261168384877,65,42.2077922077922,Microempresa,4,2.5974025974025974,150,4,0,0,0,Restaurantes,154,11,0,3,5,29,6,3,97
SP,6761,NOVA GRANADA,3533007.0,19741.0,154,780.1023251101768,71,46.103896103896105,Microempresa,0,0.0,154,0,0,0,0,Lanchonetes,154,26,2,3,3,64,29,12,15
GO,9647,MINACU,5213087.0,26301.0,153,581.7269305349606,62,40.52287581699346,Microempresa,5,3.2679738562091507,148,2,3,0,0,Lanchonetes,153,17,0,6,1,57,30,10,32
SP,6321,CASTILHO,3511003.0,20545.0,153,744.7067412995863,68,44.44444444444444,Microempresa,3,1.9607843137254901,150,3,0,0,0,Lanchonetes,153,32,0,2,5,53,25,13,23
CE,1487,NOVA RUSSAS,2309300.0,32089.0,153,476.7989030508897,45,29.411764705882355,Microempresa,0,0.0,153,0,0,0,0,Restaurantes,153,23,0,1,2,42,16,24,45
CE,1427,ITAPAJE,2306306.0,49061.0,153,311.8566682293471,53,34.64052287581699,Microempresa,0,0.0,153,0,0,0,0,Restaurantes,153,12,0,1,3,46,17,18,56
PA,397,TUCUMA,1508084.0,43270.0,153,353.5937138895309,89,58.16993464052288,Microempresa,8,5.228758169934641,145,7,1,0,0,Restaurantes,153,22,0,13,1,38,19,12,48
BA,3443,CASA NOVA,2907202.0,76416.0,153,200.21984924623115,90,58.82352941176471,Microempresa,4,2.6143790849673203,149,4,0,0,0,Restaurantes,153,13,2,4,5,34,27,21,47
RS,8581,CANDELARIA,4304200.0,29775.0,152,510.495382031906,78,51.31578947368421,Microempresa,15,9.868421052631579,137,13,2,0,0,Lanchonetes,152,20,0,2,3,46,35,13,33
RS,8813,RESTINGA SECA,4315503.0,15205.0,152,999.6711608023677,73,48.026315789473685,Microempresa,8,5.263157894736842,144,8,0,0,0,Lanchonetes,152,20,1,0,0,43,32,18,38
RS,8525,ARROIO GRANDE,4301305.0,17879.0,152,850.1594048884165,53,34.868421052631575,Microempresa,1,0.6578947368421052,151,1,0,0,0,Outros Food Service,152,17,0,5,1,44,47,14,24
PB,2095,MONTEIRO,2509701.0,34023.0,151,443.81741762925077,59,39.0728476821192,Microempresa,3,1.9867549668874174,148,3,0,0,0,Lanchonetes,151,16,0,0,7,52,21,24,31
PB,2143,POMBAL,2512101.0,33933.0,151,444.9945480800401,58,38.41059602649007,Microempresa,1,0.6622516556291391,150,0,1,0,0,Lanchonetes,151,12,3,2,3,52,24,23,32
AL,2859,SANTANA DO IPANEMA,2708006.0,47426.0,151,318.3907561253321,64,42.384105960264904,Microempresa,2,1.3245033112582782,149,2,0,0,0,Lanchonetes,151,8,0,1,5,56,29,15,37
SP,6261,BURI,3508009.0,20783.0,150,721.7437328585863,62,41.333333333333336,Microempresa,2,1.3333333333333335,148,2,0,0,0,Lanchonetes,150,32,0,6,2,51,21,15,23
SP,6409,FARTURA,3515400.0,17069.0,150,878.7861034624173,53,35.333333333333336,Microempresa,0,0.0,150,0,0,0,0,Lanchonetes,150,24,1,0,4,48,41,4,28
PR,7921,TERRA ROXA,4127403.0,18719.0,150,801.3248570970673,59,39.33333333333333,Microempresa,6,4.0,144,4,2,0,0,Lanchonetes,150,20,0,6,2,45,26,31,20
PR,7925,TIJUCAS DO SUL,4127601.0,18646.0,150,804.462083020487,41,27.333333333333332,Microempresa,5,3.3333333333333335,145,2,3,0,0,Lanchonetes,150,20,0,2,4,53,28,10,33
RO,25,ESPIGAO D'OESTE,1100098.0,32960.0,150,455.09708737864077,59,39.33333333333333,Microempresa,2,1.3333333333333335,148,1,1,0,0,Lanchonetes,150,21,0,1,12,49,22,22,23
MG,4539,FRONTEIRA,3127008.0,14980.0,150,1001.3351134846463,67,44.666666666666664,Microempresa,1,0.6666666666666667,149,1,0,0,0,Lanchonetes,150,23,0,1,3,56,20,10,37
SP,6611,JOANOPOLIS,3525508.0,13162.0,150,1139.6444309375474,63,42.0,Microempresa,0,0.0,150,0,0,0,0,Lanchonetes,150,27,0,3,5,51,20,15,29
MT,9117,NOBRES,5105903.0,15838.0,150,947.0892789493623,67,44.666666666666664,Microempresa,18,12.0,132,13,5,0,0,Lanchonetes,150,16,2,4,2,51,17,11,47
MG,4221,CAMPINA VERDE,3111101.0,18129.0,150,827.4036074797286,60,40.0,Microempresa,5,3.3333333333333335,145,0,5,0,0,Lanchonetes,150,30,1,4,2,43,28,12,30
SP,6593,JACUPIRANGA,3524600.0,16183.0,149,920.7192733114997,48,32.21476510067114,Microempresa,6,4.026845637583892,143,6,0,0,0,Lanchonetes,149,29,0,1,2,51,29,21,16
RJ,5881,PORCIUNCULA,3304102.0,17833.0,149,835.5296360679639,74,49.664429530201346,Microempresa,3,2.013422818791946,146,1,2,0,0,Lanchonetes,149,34,0,5,3,45,44,10,8
GO,9549,PONTALINA,5217708.0,18838.0,149,790.9544537636691,46,30.87248322147651,Microempresa,2,1.342281879194631,147,0,2,0,0,Lanchonetes,149,21,0,4,4,54,23,15,28
SP,6519,IPAUSSU,3520905.0,13936.0,149,1069.1733639494835,49,32.88590604026846,Microempresa,2,1.342281879194631,147,1,1,0,0,Outros Food Service,149,23,1,1,3,42,55,9,15
SP,6621,JUNQUEIROPOLIS,3526001.0,20991.0,149,709.8280215330379,66,44.29530201342282,Microempresa,1,0.6711409395973155,148,0,1,0,0,Lanchonetes,149,15,5,5,3,54,32,9,26
BA,3827,RIACHAO DO JACUIPE,2926301.0,35251.0,149,422.68304445263965,59,39.59731543624161,Microempresa,4,2.684563758389262,145,4,0,0,0,Lanchonetes,149,20,0,6,2,44,29,14,34
SC,8387,XAXIM,4219705.0,35058.0,149,425.0099834559872,60,40.26845637583892,Microempresa,10,6.7114093959731544,139,9,1,0,0,Lanchonetes,149,22,1,3,1,41,31,23,27
PE,2327,BARREIROS,2601409.0,42108.0,149,353.8519996200247,78,52.348993288590606,Microempresa,0,0.0,149,0,0,0,0,Outros Food Service,149,15,1,7,7,28,40,14,37
RJ,2923,QUATIS,3304128.0,14168.0,149,1051.665725578769,54,36.241610738255034,Microempresa,2,1.342281879194631,147,2,0,0,0,Lanchonetes,149,29,0,1,9,45,15,21,29
SE,3189,NOSSA SENHORA DA GLORIA,2804508.0,44088.0,149,337.96044275086194,81,54.36241610738255,Microempresa,5,3.3557046979865772,144,3,2,0,0,Restaurantes,149,16,0,6,4,38,26,18,41
SP,6731,MONTE AZUL PAULISTA,3531506.0,18314.0,149,813.5852353390849,48,32.21476510067114,Microempresa,6,4.026845637583892,143,6,0,0,0,Lanchonetes,149,26,0,0,7,47,33,10,26
MG,4137,BICAS,3106903.0,14383.0,149,1035.9452130987972,69,46.308724832214764,Microempresa,4,2.684563758389262,145,4,0,0,0,Lanchonetes,149,20,0,1,2,56,28,12,30
MT,9139,POXOREU,5107008.0,25614.0,149,581.7131256344187,97,65.1006711409396,Microempresa,4,2.684563758389262,145,2,2,0,0,Alimentação preparada,149,75,1,2,4,14,10,14,29
GO,9605,SAO SIMAO,5220405.0,17167.0,148,862.1191821518029,76,51.35135135135135,Microempresa,3,2.027027027027027,145,2,1,0,0,Lanchonetes,148,25,4,6,7,39,29,7,31
SC,8139,ILHOTA,4207106.0,19048.0,148,776.9844603107938,91,61.48648648648649,Microempresa,7,4.72972972972973,141,3,4,0,0,Lanchonetes,148,32,0,4,0,42,24,20,26
RN,1713,JOAO CAMARA,2405801.0,34925.0,148,423.76521116678595,65,43.91891891891892,Microempresa,6,4.054054054054054,142,4,2,0,0,Lanchonetes,148,15,7,6,3,42,21,13,41
SP,6889,PIRATININGA,3539400.0,15748.0,148,939.8018796037593,57,38.513513513513516,Microempresa,6,4.054054054054054,142,3,3,0,0,Lanchonetes,148,21,0,4,2,37,37,15,32
MG,648,MARIO CAMPOS,3140159.0,16855.0,148,878.0777217442895,69,46.62162162162162,Microempresa,2,1.3513513513513513,146,2,0,0,0,Alimentação preparada,148,38,0,1,4,34,19,20,32
MG,4753,LAJINHA,3137700.0,21577.0,147,681.2809936506465,71,48.29931972789115,Microempresa,1,0.6802721088435374,146,1,0,0,0,Lanchonetes,147,33,0,3,3,51,17,14,26
PA,591,OURILANDIA DO NORTE,1505437.0,35585.0,147,413.0954053674301,78,53.06122448979592,Microempresa,5,3.4013605442176873,142,4,1,0,0,Restaurantes,147,19,1,2,4,36,27,8,50
MA,963,ESTREITO,2104057.0,34293.0,147,428.65890998162894,64,43.53741496598639,Microempresa,3,2.0408163265306123,144,3,0,0,0,Restaurantes,147,13,0,2,4,32,17,11,68
MG,4673,ITATIAIUCU,3133709.0,13945.0,147,1054.1412692721406,55,37.41496598639456,Microempresa,13,8.843537414965986,134,8,5,0,0,Restaurantes,147,21,0,6,3,32,21,22,42
BA,3889,SAO SEBASTIAO DO PASSE,2929503.0,42951.0,147,342.2504714674862,64,43.53741496598639,Microempresa,10,6.802721088435375,137,6,4,0,0,Restaurantes,147,30,1,13,3,26,17,14,43
MA,879,PRESIDENTE DUTRA,2109106.0,46631.0,146,313.09643799189377,68,46.57534246575342,Microempresa,15,10.273972602739725,131,14,1,0,0,Restaurantes,146,13,0,4,1,48,20,9,51
PE,2497,OURICURI,2609907.0,68637.0,146,212.71325961216255,67,45.89041095890411,Microempresa,4,2.73972602739726,142,4,0,0,0,Restaurantes,146,17,0,1,3,37,27,12,49
MS,9013,ANASTACIO,5000708.0,24820.0,146,588.2352941176471,67,45.89041095890411,Microempresa,3,2.054794520547945,143,2,1,0,0,Lanchonetes,146,28,3,3,4,40,18,19,31
RS,8687,GUAPORE,4309407.0,26168.0,145,554.111892387649,43,29.655172413793103,Microempresa,7,4.827586206896552,138,6,1,0,0,Lanchonetes,145,16,1,3,1,42,7,35,40
MG,4125,BELO ORIENTE,3106309.0,24587.0,145,589.7425468743645,52,35.86206896551724,Microempresa,2,1.3793103448275863,143,1,1,0,0,Lanchonetes,145,20,1,0,3,39,35,23,24
GO,9233,ARAGARCAS,5201702.0,18599.0,145,779.6118070864025,72,49.6551724137931,Microempresa,2,1.3793103448275863,143,2,0,0,0,Restaurantes,145,21,0,1,1,35,24,17,46
SP,6535,ITABERA,3521705.0,18267.0,145,793.7811353807411,64,44.13793103448276,Microempresa,0,0.0,145,0,0,0,0,Lanchonetes,145,15,0,2,0,53,34,9,32
RS,8633,ENCANTADO,4306809.0,23521.0,145,616.4703881637686,56,38.62068965517241,Microempresa,10,6.896551724137931,135,9,1,0,0,Lanchonetes,145,19,1,1,2,52,23,13,34
SP,6677,MARACAI,3528809.0,12784.0,144,1126.4080100125157,61,42.36111111111111,Microempresa,2,1.3888888888888888,142,0,2,0,0,Lanchonetes,144,22,0,9,1,62,23,10,17
MG,2893,JAIBA,3135050.0,39884.0,144,361.0470364055762,55,38.19444444444444,Microempresa,10,6.944444444444445,134,8,2,0,0,Lanchonetes,144,16,1,5,8,38,24,15,37
MG,4415,CRUZILIA,3120805.0,15879.0,144,906.8581144908369,68,47.22222222222222,Microempresa,1,0.6944444444444444,143,1,0,0,0,Lanchonetes,144,18,0,0,2,57,32,11,24
BA,3513,EUCLIDES DA CUNHA,2910701.0,64969.0,144,221.64416875740736,47,32.63888888888889,Microempresa,6,4.166666666666666,138,6,0,0,0,Lanchonetes,144,17,0,3,6,46,18,16,38
MG,4891,NEPOMUCENO,3144607.0,25741.0,143,555.5339730391205,56,39.16083916083916,Microempresa,9,6.293706293706294,134,6,3,0,0,Lanchonetes,143,15,0,0,1,55,36,16,20
MG,5197,SANTO ANTONIO DO AMPARO,3159902.0,17664.0,143,809.5561594202898,61,42.65734265734265,Microempresa,6,4.195804195804196,137,2,4,0,0,Lanchonetes,143,18,0,2,7,54,28,9,25
MG,4287,CARMO DO RIO CLARO,3114402.0,21545.0,143,663.7270828498492,57,39.86013986013986,Microempresa,0,0.0,143,0,0,0,0,Lanchonetes,143,25,0,2,4,48,26,16,22
SP,7119,SAO SIMAO,3550902.0,13533.0,143,1056.6762728146014,48,33.56643356643357,Microempresa,2,1.3986013986013985,141,1,1,0,0,Outros Food Service,143,22,2,2,2,35,37,15,28
BA,3821,REMANSO,2926004.0,42957.0,143,332.89103056544917,59,41.25874125874126,Microempresa,3,2.097902097902098,140,3,0,0,0,Restaurantes,143,16,1,1,2,39,32,12,40
PR,7699,MATELANDIA,4115606.0,19368.0,143,738.331268071045,65,45.45454545454545,Microempresa,5,3.4965034965034967,138,5,0,0,0,Lanchonetes,143,20,0,4,5,34,31,16,33
MG,5255,SAO JOAO EVANGELISTA,3162807.0,15609.0,143,916.1381254404511,56,39.16083916083916,Microempresa,2,1.3986013986013985,141,1,1,0,0,Restaurantes,143,28,4,1,4,32,27,11,36
RS,8755,NAO-ME-TOQUE,4312658.0,18335.0,143,779.9290973547859,52,36.36363636363637,Microempresa,2,1.3986013986013985,141,0,2,0,0,Alimentação preparada,143,44,2,6,0,32,20,18,21
SP,7001,SALESOPOLIS,3545001.0,15368.0,142,923.9979177511713,73,51.40845070422535,Microempresa,1,0.7042253521126761,141,1,0,0,0,Lanchonetes,142,22,0,2,2,45,37,6,28
MG,592,CONFINS,3117876.0,7836.0,142,1812.1490556406332,74,52.112676056338024,Microempresa,45,31.690140845070424,97,4,41,0,0,Lanchonetes,142,15,0,6,9,59,14,10,29
AL,2877,SATUBA,2708907.0,25145.0,142,564.7245973354544,76,53.52112676056338,Microempresa,3,2.112676056338028,139,1,2,0,0,Lanchonetes,142,17,1,3,6,39,36,14,26
ES,5679,PANCAS,3204005.0,18914.0,142,750.7666278946812,68,47.88732394366197,Microempresa,7,4.929577464788732,135,7,0,0,0,Lanchonetes,142,17,0,3,5,52,20,17,28
MT,1080,COLNIZA,5103254.0,25963.0,142,546.9321727073142,64,45.07042253521127,Microempresa,14,9.859154929577464,128,13,1,0,0,Restaurantes,142,17,0,3,1,34,32,18,37
BA,3883,SAO FRANCISCO DO CONDE,2929206.0,41272.0,142,344.0589261484784,63,44.36619718309859,Microempresa,13,9.15492957746479,129,2,11,0,0,Alimentação preparada,142,29,1,17,8,25,26,14,22
AL,2873,SAO MIGUEL DOS MILAGRES,2708709.0,8705.0,141,1619.7587593337164,81,57.446808510638306,Microempresa,11,7.801418439716312,130,11,0,0,0,Restaurantes,141,11,0,6,1,17,34,1,71
RO,4,BURITIS,1100452.0,30573.0,141,461.1912471788833,70,49.645390070921984,Microempresa,10,7.092198581560284,131,8,2,0,0,Lanchonetes,141,15,5,6,0,61,16,6,32
PA,545,SAO FELIX DO XINGU,1507300.0,63393.0,141,222.422033978515,74,52.4822695035461,Microempresa,14,9.929078014184398,127,13,1,0,0,Restaurantes,141,7,0,3,4,34,30,7,56
RS,8553,BUTIA,4302709.0,19421.0,141,726.018227691674,58,41.13475177304964,Microempresa,3,2.127659574468085,138,3,0,0,0,Lanchonetes,141,20,1,4,4,43,34,12,23
BA,3415,CAMAMU,2905800.0,31621.0,141,445.90620157490275,58,41.13475177304964,Microempresa,1,0.7092198581560284,140,1,0,0,0,Restaurantes,141,29,2,6,4,25,22,13,40
SP,6399,ELIAS FAUSTO,3514908.0,18226.0,140,768.1334357511248,37,26.42857142857143,Microempresa,3,2.142857142857143,137,0,3,0,0,Lanchonetes,140,14,1,8,2,49,18,17,31
MG,4649,ITAMARANDIBA,3132503.0,34279.0,140,408.4133142740453,48,34.285714285714285,Microempresa,10,7.142857142857142,130,8,2,0,0,Lanchonetes,140,24,2,3,1,47,30,9,24
ES,5649,IBIRACU,3202504.0,12350.0,140,1133.6032388663969,52,37.142857142857146,Microempresa,11,7.857142857142857,129,11,0,0,0,Outros Food Service,140,28,0,4,2,34,35,15,22
BA,3581,IPIRA,2914000.0,59183.0,140,236.55441596404373,58,41.42857142857143,Microempresa,4,2.857142857142857,136,4,0,0,0,Restaurantes,140,18,1,3,5,19,29,17,48
GO,1050,ABADIA DE GOIAS,5200050.0,22918.0,140,610.8735491753207,88,62.857142857142854,Microempresa,0,0.0,140,0,0,0,0,Lanchonetes,140,18,0,4,1,40,37,11,29
SP,7013,SANTA ADELIA,3545605.0,14183.0,140,987.0972290770641,59,42.142857142857146,Microempresa,1,0.7142857142857143,139,0,1,0,0,Lanchonetes,140,29,1,3,2,57,20,10,18
MT,9005,ALTO ARAGUAIA,5100300.0,17888.0,140,782.6475849731663,59,42.142857142857146,Microempresa,9,6.428571428571428,131,4,5,0,0,Lanchonetes,140,9,0,6,3,45,32,7,38
BA,3875,SANTO ESTEVAO,2928802.0,55333.0,140,253.01357237091793,66,47.14285714285714,Microempresa,4,2.857142857142857,136,2,2,0,0,Lanchonetes,140,13,0,3,6,43,28,13,34
ES,5721,JOAO NEIVA,3203130.0,14203.0,140,985.7072449482503,50,35.714285714285715,Microempresa,7,5.0,133,7,0,0,0,Lanchonetes,140,30,0,2,2,45,22,13,26
CE,1583,VICOSA DO CEARA,2314102.0,63316.0,140,221.11314675595426,57,40.714285714285715,Microempresa,4,2.857142857142857,136,2,2,0,0,Restaurantes,140,12,0,0,6,39,29,9,45
BA,3751,NAZARE,2922508.0,28450.0,140,492.09138840070295,59,42.142857142857146,Microempresa,7,5.0,133,7,0,0,0,Restaurantes,140,20,0,2,4,31,24,26,33
BA,3293,MADRE DE DEUS,2919926.0,19271.0,140,726.480203414457,50,35.714285714285715,Microempresa,2,1.4285714285714286,138,0,2,0,0,Restaurantes,140,29,0,12,7,23,24,6,39
MG,5109,RIO PARANAIBA,3155504.0,15443.0,139,900.0841805348701,62,44.60431654676259,Microempresa,3,2.158273381294964,136,1,2,0,0,Lanchonetes,139,22,0,5,5,57,17,16,17
MG,5379,TOCANTINS,3169000.0,16631.0,139,835.7885875774157,47,33.81294964028777,Microempresa,0,0.0,139,0,0,0,0,Alimentação preparada,139,36,0,3,3,30,24,23,20
MA,731,BARRA DO CORDA,2101608.0,87830.0,139,158.26027553227826,67,48.201438848920866,Microempresa,8,5.755395683453238,131,7,1,0,0,Restaurantes,139,9,1,4,7,40,14,12,52
RJ,5861,NATIVIDADE,3303104.0,15552.0,139,893.775720164609,49,35.25179856115108,Microempresa,0,0.0,139,0,0,0,0,Lanchonetes,139,24,0,2,2,54,23,16,18
BA,3355,BARRA DA ESTIVA,2902807.0,27890.0,139,498.3865184653998,55,39.568345323741006,Microempresa,3,2.158273381294964,136,2,1,0,0,Lanchonetes,139,5,0,3,5,45,29,11,41
PR,7529,CRUZEIRO DO OESTE,4106605.0,25071.0,139,554.4254317737625,59,42.44604316546763,Microempresa,3,2.158273381294964,136,3,0,0,0,Restaurantes,139,22,0,0,0,38,21,16,42
MG,5419,VAZANTE,3171006.0,20483.0,139,678.6115315139384,79,56.83453237410072,Microempresa,6,4.316546762589928,133,3,3,0,0,Lanchonetes,139,34,2,7,10,36,16,16,18
PE,2451,ILHA DE ITAMARACA,2607604.0,25778.0,139,539.2194894871595,50,35.97122302158273,Microempresa,2,1.4388489208633095,137,2,0,0,0,Restaurantes,139,18,1,5,6,27,19,18,45
MG,5115,RIO POMBA,3155801.0,17912.0,138,770.4332291201429,46,33.33333333333333,Microempresa,3,2.1739130434782608,135,2,1,0,0,Lanchonetes,138,27,1,0,1,53,13,18,25
RS,8957,VERA CRUZ,4322707.0,27671.0,138,498.71706841097176,42,30.434782608695656,Microempresa,10,7.246376811594203,128,8,2,0,0,Lanchonetes,138,20,0,4,2,46,18,14,34
GO,9201,ABADIANIA,5200100.0,17835.0,138,773.7594617325484,59,42.7536231884058,Microempresa,11,7.971014492753622,127,5,6,0,0,Lanchonetes,138,13,0,1,0,56,15,6,47
SP,6483,IACANGA,3519105.0,10661.0,138,1294.437670012194,63,45.65217391304348,Microempresa,0,0.0,138,0,0,0,0,Lanchonetes,138,31,0,0,5,40,28,6,28
SP,6863,PINDORAMA,3538105.0,14689.0,138,939.4785213425012,56,40.57971014492754,Microempresa,1,0.7246376811594203,137,0,1,0,0,Lanchonetes,138,10,0,3,2,49,24,23,27
MG,5221,SAO FRANCISCO,3161106.0,54208.0,138,254.57497048406137,48,34.78260869565217,Microempresa,5,3.6231884057971016,133,4,1,0,0,Lanchonetes,138,15,0,1,3,49,25,5,40
RN,1765,NOVA CRUZ,2408300.0,35514.0,138,388.57915188376415,40,28.985507246376812,Microempresa,4,2.898550724637681,134,1,3,0,0,Lanchonetes,138,19,0,2,6,38,27,18,28
PI,1223,URUCUI,2211209.0,27031.0,138,510.5249528319337,71,51.449275362318836,Microempresa,14,10.144927536231885,124,13,1,0,0,Restaurantes,138,6,0,6,4,49,21,2,50
PB,1931,BANANEIRAS,2501500.0,24271.0,138,568.5797865765728,66,47.82608695652174,Microempresa,4,2.898550724637681,134,1,3,0,0,Restaurantes,138,15,0,4,2,29,20,14,54
SC,8219,MORRO DA FUMACA,4211207.0,19708.0,138,700.2232595900142,60,43.47826086956522,Microempresa,1,0.7246376811594203,137,1,0,0,0,Lanchonetes,138,15,0,9,1,48,23,13,29
PA,477,JURUTI,1503903.0,54546.0,138,252.99747002529975,63,45.65217391304348,Microempresa,1,0.7246376811594203,137,0,1,0,0,Restaurantes,138,6,0,2,9,34,20,11,56
MG,5299,SAO TIAGO,3165008.0,11598.0,137,1181.2381445076737,60,43.79562043795621,Microempresa,6,4.37956204379562,131,6,0,0,0,Outros Food Service,137,12,0,1,2,30,66,10,16
RS,8921,TAPEJARA,4320909.0,25257.0,137,542.4238824880232,55,40.14598540145985,Microempresa,8,5.839416058394161,129,6,2,0,0,Outros Food Service,137,21,0,2,2,31,32,22,27
RS,8939,TRES DE MAIO,4321808.0,25466.0,137,537.9721982250844,56,40.87591240875913,Microempresa,7,5.109489051094891,130,6,1,0,0,Restaurantes,137,15,0,5,9,34,23,14,37
BA,3863,SANTA MARIA DA VITORIA,2928109.0,40486.0,137,338.38857876796914,53,38.68613138686132,Microempresa,7,5.109489051094891,130,7,0,0,0,Lanchonetes,137,4,1,1,2,41,40,11,37
BA,3485,CORRENTINA,2909307.0,34347.0,137,398.8703525781,67,48.9051094890511,Microempresa,9,6.569343065693431,128,7,2,0,0,Lanchonetes,137,13,2,0,6,46,14,13,43
CE,1409,ICO,2305407.0,64691.0,137,211.7759812029494,74,54.01459854014598,Microempresa,1,0.7299270072992701,136,1,0,0,0,Restaurantes,137,13,1,3,5,40,22,9,44
RS,8941,TRES PASSOS,4321907.0,26304.0,136,517.0316301703162,39,28.676470588235293,Microempresa,7,5.147058823529411,129,5,2,0,0,Restaurantes,136,22,2,0,3,33,21,16,39
RN,1643,CANGUARETAMA,2402204.0,30773.0,136,441.9458616319501,46,33.82352941176471,Microempresa,3,2.2058823529411766,133,3,0,0,0,Restaurantes,136,15,1,5,8,25,13,12,57
PR,7523,CORBELIA,4106308.0,18004.0,136,755.3876916240835,43,31.61764705882353,Microempresa,3,2.2058823529411766,133,3,0,0,0,Lanchonetes,136,18,0,0,7,46,23,12,30
CE,1593,ICAPUI,2305357.0,22747.0,136,597.8810392579242,46,33.82352941176471,Microempresa,5,3.6764705882352944,131,3,2,0,0,Restaurantes,136,14,0,3,2,26,17,10,64
SC,8159,ITAIOPOLIS,4208104.0,23063.0,136,589.6891124311668,68,50.0,Microempresa,5,3.6764705882352944,131,5,0,0,0,Lanchonetes,136,22,0,1,8,42,15,16,32
SP,6883,PIRAPORA DO BOM JESUS,3539103.0,19005.0,136,715.6011575901078,76,55.88235294117647,Microempresa,11,8.088235294117647,125,9,2,0,0,Restaurantes,136,23,1,6,4,27,24,22,29
MG,4219,CAMPESTRE,3111002.0,21167.0,136,642.5095667784759,45,33.088235294117645,Microempresa,1,0.7352941176470588,135,1,0,0,0,Lanchonetes,136,24,0,1,2,46,21,15,27
MG,4217,CAMPANHA,3110905.0,16406.0,136,828.965012800195,54,39.705882352941174,Microempresa,0,0.0,136,0,0,0,0,Lanchonetes,136,10,2,0,1,51,31,10,31
MG,4665,ITAOBIM,3133303.0,19177.0,136,709.182875319393,52,38.23529411764706,Microempresa,2,1.4705882352941175,134,2,0,0,0,Lanchonetes,136,13,0,7,5,44,25,15,27
MG,4643,ITAGUARA,3132206.0,14500.0,135,931.0344827586206,49,36.2962962962963,Microempresa,3,2.2222222222222223,132,3,0,0,0,Lanchonetes,135,28,0,0,7,42,12,21,25
ES,5715,PEDRO CANARIO,3204054.0,21803.0,135,619.1808466724763,69,51.11111111111111,Microempresa,2,1.4814814814814816,133,2,0,0,0,Lanchonetes,135,18,3,6,7,34,23,21,23
BA,3711,MARACAS,2920502.0,29450.0,135,458.40407470288625,48,35.55555555555556,Microempresa,4,2.9629629629629632,131,3,1,0,0,Outros Food Service,135,15,0,5,6,22,43,11,33
CE,1563,TABULEIRO DO NORTE,2313104.0,32196.0,135,419.3067461796497,62,45.925925925925924,Microempresa,4,2.9629629629629632,131,4,0,0,0,Restaurantes,135,11,0,2,5,29,19,17,52
MT,9155,SANTO ANTONIO DO LEVERGER,5107800.0,16882.0,135,799.668285748134,71,52.59259259259259,Microempresa,3,2.2222222222222223,132,1,2,0,0,Restaurantes,135,15,0,1,3,42,19,11,44
MT,9883,COMODORO,5103304.0,18477.0,135,730.6380905991232,68,50.37037037037037,Microempresa,1,0.7407407407407408,134,0,1,0,0,Lanchonetes,135,16,0,3,3,47,20,8,38
SE,3247,TOBIAS BARRETO,2807402.0,52943.0,135,254.9912169691933,58,42.96296296296296,Microempresa,10,7.4074074074074066,125,5,5,0,0,Lanchonetes,135,9,0,5,1,48,26,21,25
PR,7631,JAGUAPITA,4111902.0,16085.0,135,839.2912651538701,57,42.22222222222222,Microempresa,6,4.444444444444445,129,2,4,0,0,Lanchonetes,135,20,0,5,0,54,22,13,21
PR,7521,CONTENDA,4106209.0,20205.0,134,663.2021776787924,75,55.970149253731336,Microempresa,3,2.2388059701492535,131,3,0,0,0,Alimentação preparada,134,42,0,2,6,22,27,13,22
SE,3213,PROPRIA,2805703.0,27157.0,134,493.4271090326619,43,32.08955223880597,Microempresa,3,2.2388059701492535,131,0,3,0,0,Restaurantes,134,18,0,5,6,32,22,17,34
CE,1347,BOA VIAGEM,2302404.0,52100.0,134,257.1976967370441,33,24.62686567164179,Microempresa,1,0.7462686567164178,133,1,0,0,0,Lanchonetes,134,14,0,0,2,40,36,8,34
SP,6809,PANORAMA,3535408.0,15239.0,134,879.3227902093314,53,39.55223880597015,Microempresa,3,2.2388059701492535,131,3,0,0,0,Lanchonetes,134,16,0,0,2,54,28,8,26
MS,9147,RIO VERDE DE MATO GROSSO,5007406.0,20513.0,134,653.244284112514,52,38.80597014925373,Microempresa,6,4.477611940298507,128,3,3,0,0,Lanchonetes,134,23,0,1,5,45,26,6,28
PE,2583,SIRINHAEM,2614204.0,39113.0,134,342.5970904814256,62,46.26865671641791,Microempresa,2,1.4925373134328357,132,2,0,0,0,Restaurantes,134,16,0,4,3,34,22,11,44
RS,8895,SAO SEPE,4319604.0,21551.0,134,621.7808918379658,47,35.07462686567165,Microempresa,4,2.9850746268656714,130,2,2,0,0,Lanchonetes,134,18,0,0,2,50,23,18,23
MG,5237,SAO GONCALO DO RIO ABAIXO,3161908.0,12590.0,134,1064.3367752184274,44,32.83582089552239,Microempresa,8,5.970149253731343,126,6,2,0,0,Lanchonetes,134,29,0,4,0,37,17,17,30
AM,9843,RIO PRETO DA EVA,1303569.0,25342.0,134,528.7664746271013,64,47.76119402985074,Microempresa,15,11.194029850746269,119,11,4,0,0,Restaurantes,134,10,0,7,3,36,17,9,52
MS,9757,SONORA,5007935.0,14804.0,134,905.1607673601729,70,52.23880597014925,Microempresa,1,0.7462686567164178,133,1,0,0,0,Lanchonetes,134,26,1,0,1,41,23,14,28
SC,8397,OTACILIO COSTA,4211751.0,17965.0,133,740.3284163651545,58,43.609022556390975,Microempresa,7,5.263157894736842,126,2,5,0,0,Lanchonetes,133,15,3,5,5,46,17,16,26
BA,3445,CASTRO ALVES,2907301.0,25468.0,133,522.2239673315534,56,42.10526315789473,Microempresa,1,0.7518796992481203,132,1,0,0,0,Restaurantes,133,28,0,3,6,25,24,16,31
MG,4185,BURITIS,3109303.0,24860.0,133,534.9959774738536,60,45.11278195488722,Microempresa,4,3.007518796992481,129,1,3,0,0,Lanchonetes,133,25,2,5,4,45,16,7,29
PE,3001,FERNANDO DE NORONHA,2605459.0,3364.0,133,3953.626634958383,46,34.58646616541353,Microempresa,18,13.533834586466165,115,7,11,0,0,Restaurantes,133,13,0,1,0,29,12,3,75
MG,4177,BRASOPOLIS,3108909.0,14478.0,133,918.6351706036745,62,46.616541353383454,Microempresa,0,0.0,133,0,0,0,0,Lanchonetes,133,13,0,0,2,42,27,14,35
PI,1113,LUIS CORREIA,2205706.0,32015.0,133,415.4302670623145,65,48.87218045112782,Microempresa,6,4.511278195488721,127,5,1,0,0,Restaurantes,133,10,0,1,2,19,7,6,88
GO,9601,SAO MIGUEL DO ARAGUAIA,5220207.0,22001.0,133,604.5179764556157,75,56.390977443609025,Microempresa,3,2.2556390977443606,130,2,1,0,0,Lanchonetes,133,15,1,3,1,50,25,14,24
RS,8925,TAPES,4321105.0,14919.0,133,891.4806622427777,56,42.10526315789473,Microempresa,0,0.0,133,0,0,0,0,Lanchonetes,133,19,2,3,4,40,25,15,25
PR,7845,SANTA FE,4123402.0,11789.0,133,1128.170328272118,51,38.34586466165413,Microempresa,3,2.2556390977443606,130,3,0,0,0,Lanchonetes,133,22,1,0,8,59,16,6,21
RS,8947,TUPANCIRETA,4322202.0,20324.0,133,654.398740405432,60,45.11278195488722,Microempresa,4,3.007518796992481,129,4,0,0,0,Alimentação preparada,133,41,1,1,3,35,15,14,23
MS,9041,BELA VISTA,5002100.0,21800.0,133,610.0917431192661,64,48.1203007518797,Microempresa,1,0.7518796992481203,132,0,1,0,0,Lanchonetes,133,29,0,4,4,43,26,10,17
GO,9565,RIALMA,5218607.0,12776.0,133,1041.014402003757,50,37.59398496240601,Microempresa,4,3.007518796992481,129,2,2,0,0,Lanchonetes,133,15,1,3,1,60,22,5,26
SP,6573,ITIRAPINA,3523602.0,16473.0,133,807.3817762399077,74,55.639097744360896,Microempresa,1,0.7518796992481203,132,0,1,0,0,Lanchonetes,133,30,0,6,0,42,24,11,20
SC,8359,TRES BARRAS,4218301.0,20674.0,132,638.4831188932959,62,46.96969696969697,Microempresa,5,3.787878787878788,127,0,5,0,0,Lanchonetes,132,19,0,7,0,43,28,23,12
AL,2727,CAMPO ALEGRE,2701407.0,32499.0,132,406.16634357980246,60,45.45454545454545,Microempresa,1,0.7575757575757576,131,0,1,0,0,Lanchonetes,132,12,1,1,1,60,23,15,19
CE,1595,ITAREMA,2306553.0,46219.0,132,285.5968324714944,57,43.18181818181818,Microempresa,5,3.787878787878788,127,0,5,0,0,Restaurantes,132,11,0,4,10,20,14,3,70
SP,6489,IBIRA,3519402.0,11976.0,132,1102.2044088176353,56,42.42424242424242,Microempresa,3,2.272727272727273,129,2,1,0,0,Lanchonetes,132,25,0,2,0,46,25,11,23
MS,9103,LADARIO,5005202.0,24631.0,132,535.9100320734034,75,56.81818181818182,Microempresa,2,1.5151515151515151,130,2,0,0,0,Lanchonetes,132,35,0,8,5,42,9,15,18
PI,1211,SAO RAIMUNDO NONATO,2210607.0,41461.0,132,318.37148163334217,58,43.93939393939394,Microempresa,9,6.8181818181818175,123,7,2,0,0,Restaurantes,132,7,2,4,4,42,11,11,51
SP,6445,GUAICARA,3517208.0,11496.0,132,1148.2254697286012,60,45.45454545454545,Microempresa,0,0.0,132,0,0,0,0,Lanchonetes,132,19,0,1,8,40,19,24,21
MG,4301,CASSIA,3115102.0,17487.0,131,749.1279236003888,58,44.274809160305345,Microempresa,2,1.5267175572519083,129,2,0,0,0,Lanchonetes,131,23,0,1,1,42,19,12,33
SC,8351,TAIO,4217808.0,19003.0,131,689.3648371309794,61,46.56488549618321,Microempresa,8,6.106870229007633,123,7,1,0,0,Lanchonetes,131,20,2,4,2,45,15,19,24
MT,9091,ITIQUIRA,5104609.0,12654.0,131,1035.2457720878774,56,42.74809160305343,Microempresa,1,0.7633587786259541,130,1,0,0,0,Restaurantes,131,19,2,7,8,34,16,7,38
PR,7491,CARLOPOLIS,4104709.0,17985.0,131,728.3847650820128,36,27.480916030534353,Microempresa,0,0.0,131,0,0,0,0,Lanchonetes,131,33,1,1,2,48,18,14,14
BA,3959,VALENTE,2933000.0,25138.0,131,521.123398838412,43,32.82442748091603,Microempresa,1,0.7633587786259541,130,0,1,0,0,Restaurantes,131,15,0,1,6,28,18,18,45
BA,3279,ITABELA,2914653.0,29589.0,131,442.73209638717094,52,39.69465648854962,Microempresa,3,2.2900763358778624,128,3,0,0,0,Lanchonetes,131,20,0,1,5,39,33,8,25
ES,5661,JERONIMO MONTEIRO,3203106.0,12112.0,131,1081.5719947159841,51,38.93129770992366,Microempresa,0,0.0,131,0,0,0,0,Lanchonetes,131,20,0,3,1,49,32,9,17
BA,3397,CACHOEIRA,2904902.0,30450.0,131,430.2134646962233,50,38.16793893129771,Microempresa,5,3.816793893129771,126,5,0,0,0,Restaurantes,131,12,1,4,6,35,20,13,40
BA,3321,AMELIA RODRIGUES,2901106.0,24814.0,131,527.9277827033127,53,40.458015267175576,Microempresa,11,8.396946564885496,120,11,0,0,0,Restaurantes,131,25,0,3,2,23,30,16,32
PR,7419,ANDIRA,4101101.0,19944.0,130,651.8251103088649,65,50.0,Microempresa,3,2.307692307692308,127,3,0,0,0,Lanchonetes,130,23,0,1,0,52,15,30,9
MG,4463,DORES DO INDAIA,3123205.0,12678.0,130,1025.3983278119576,45,34.61538461538461,Microempresa,3,2.307692307692308,127,3,0,0,0,Lanchonetes,130,11,2,4,5,44,32,19,13
CE,1573,UBAJARA,2313609.0,34531.0,130,376.47331383394635,53,40.76923076923077,Microempresa,3,2.307692307692308,127,3,0,0,0,Restaurantes,130,9,0,0,4,33,19,13,52
SP,7173,TAPIRATIBA,3553609.0,11875.0,130,1094.7368421052631,42,32.30769230769231,Microempresa,2,1.5384615384615385,128,2,0,0,0,Lanchonetes,130,28,0,2,4,40,34,12,10
SC,8063,CAMPO ALEGRE,4203303.0,13007.0,130,999.4618282463289,51,39.23076923076923,Microempresa,7,5.384615384615385,123,4,3,0,0,Lanchonetes,130,18,0,3,1,51,16,15,26
SC,8097,DIONISIO CERQUEIRA,4205001.0,15337.0,130,847.6233944056856,48,36.92307692307693,Microempresa,1,0.7692307692307693,129,1,0,0,0,Lanchonetes,130,11,1,0,5,38,33,10,32
MT,9873,BRASNORTE,5101902.0,17793.0,129,725.0042151407856,55,42.63565891472868,Microempresa,3,2.3255813953488373,126,3,0,0,0,Lanchonetes,129,23,4,1,4,37,19,5,36
PE,2567,SAO JOSE DA COROA GRANDE,2613404.0,19549.0,129,659.8803007826488,62,48.06201550387597,Microempresa,3,2.3255813953488373,126,3,0,0,0,Restaurantes,129,6,1,4,3,37,25,13,40
MG,4231,CAMPOS GERAIS,3111606.0,26693.0,128,479.5264676132319,50,39.0625,Microempresa,0,0.0,128,0,0,0,0,Lanchonetes,128,19,0,1,0,47,18,10,33
RN,430,SAO MIGUEL DO GOSTOSO,2412559.0,10679.0,128,1198.614102444049,56,43.75,Microempresa,4,3.125,124,2,2,0,0,Restaurantes,128,5,2,6,0,31,14,6,64
GO,9225,ANICUNS,5201306.0,18172.0,128,704.3803653973146,69,53.90625,Microempresa,3,2.34375,125,2,1,0,0,Lanchonetes,128,19,0,5,3,40,25,18,18
PR,7779,PORECATU,4120002.0,11113.0,128,1151.8041932871413,47,36.71875,Microempresa,1,0.78125,127,1,0,0,0,Outros Food Service,128,30,0,0,0,33,37,13,15
CE,1461,MASSAPE,2308005.0,40037.0,128,319.70427354696903,56,43.75,Microempresa,1,0.78125,127,0,1,0,0,Lanchonetes,128,9,0,10,5,37,23,18,26
SP,6649,LUCELIA,3527405.0,20383.0,128,627.9742923024089,49,38.28125,Microempresa,3,2.34375,125,2,1,0,0,Lanchonetes,128,24,0,2,1,44,19,21,17
BA,3647,ITUBERA,2917300.0,22022.0,128,581.2369448733085,60,46.875,Microempresa,0,0.0,128,0,0,0,0,Lanchonetes,128,18,0,7,5,30,27,14,27
SC,8131,HERVAL D'OESTE,4206702.0,22271.0,128,574.7384491042162,58,45.3125,Microempresa,8,6.25,120,6,2,0,0,Alimentação preparada,128,37,1,5,4,34,14,14,19
PR,7443,BALSA NOVA,4102307.0,13994.0,128,914.6777190224382,52,40.625,Microempresa,9,7.03125,119,7,2,0,0,Restaurantes,128,16,0,8,2,32,23,9,38
MG,4863,MONTE SANTO DE MINAS,3143203.0,21288.0,128,601.2777151446825,57,44.53125,Microempresa,2,1.5625,126,1,1,0,0,Lanchonetes,128,28,1,1,0,45,13,15,25
PR,7511,MANGUEIRINHA,4114401.0,16709.0,128,766.0542222754204,46,35.9375,Microempresa,2,1.5625,126,2,0,0,0,Restaurantes,128,10,0,0,3,26,34,17,38
SC,8275,PRESIDENTE GETULIO,4214003.0,22226.0,128,575.9020966435706,60,46.875,Microempresa,8,6.25,120,5,3,0,0,Lanchonetes,128,14,1,1,3,43,19,13,34
SC,8305,SANTA CECILIA,4215505.0,15734.0,127,807.169187746282,45,35.43307086614173,Microempresa,6,4.724409448818897,121,3,3,0,0,Lanchonetes,127,12,2,4,2,46,18,12,31
PE,2607,TORITAMA,2615409.0,44183.0,127,287.44087092320575,66,51.96850393700787,Microempresa,8,6.299212598425196,119,7,1,0,0,Lanchonetes,127,18,0,2,2,39,21,19,26
GO,9413,ITAPACI,5210901.0,22068.0,127,575.4939278593439,53,41.732283464566926,Microempresa,3,2.3622047244094486,124,2,1,0,0,Lanchonetes,127,11,0,3,2,60,15,13,23
PE,2489,NAZARE DA MATA,2609501.0,32205.0,127,394.34870361745067,56,44.09448818897638,Microempresa,0,0.0,127,0,0,0,0,Lanchonetes,127,21,0,4,0,35,26,22,19
CE,1515,PENTECOSTE,2310704.0,40081.0,127,316.8583618173199,61,48.031496062992126,Microempresa,0,0.0,127,0,0,0,0,Restaurantes,127,19,0,1,5,29,27,13,33
MG,4533,FRANCISCO SA,3126703.0,23691.0,127,536.0685492381073,45,35.43307086614173,Microempresa,4,3.149606299212598,123,1,3,0,0,Lanchonetes,127,23,1,3,1,35,28,2,34
SP,3065,ALUMINIO,3501152.0,17621.0,127,720.7309460303047,63,49.60629921259843,Microempresa,1,0.7874015748031495,126,1,0,0,0,Lanchonetes,127,24,1,7,1,36,27,12,19
SC,8343,SCHROEDER,4217402.0,22098.0,126,570.1873472712463,66,52.38095238095239,Microempresa,5,3.968253968253968,121,4,1,0,0,Lanchonetes,126,18,0,3,7,49,13,24,12
BA,3353,BARRA,2902708.0,53745.0,126,234.44041306168018,51,40.476190476190474,Microempresa,1,0.7936507936507936,125,1,0,0,0,Restaurantes,126,17,0,3,2,31,23,8,42
MG,4899,NOVA PONTE,3145000.0,15321.0,126,822.4006265909536,62,49.2063492063492,Microempresa,3,2.380952380952381,123,1,2,0,0,Restaurantes,126,21,1,4,4,30,20,8,38
ES,5619,BOA ESPERANCA,3201001.0,14029.0,126,898.1395680376363,43,34.12698412698413,Microempresa,2,1.5873015873015872,124,2,0,0,0,Lanchonetes,126,22,0,0,3,42,32,13,14
CE,987,FORTIM,2304459.0,18365.0,126,686.087666757419,57,45.23809523809524,Microempresa,5,3.968253968253968,121,4,1,0,0,Restaurantes,126,14,2,2,7,25,14,8,54
MS,9111,MIRANDA,5005608.0,26535.0,126,474.84454494064437,52,41.269841269841265,Microempresa,4,3.1746031746031744,122,4,0,0,0,Lanchonetes,126,32,2,0,4,49,16,6,17
RJ,5835,ENGENHEIRO PAULO DE FRONTIN,3301801.0,12804.0,125,976.2574195563885,46,36.8,Microempresa,3,2.4,122,1,2,0,0,Lanchonetes,125,23,2,0,5,34,22,17,22
GO,9681,INDIARA,5209952.0,18217.0,125,686.1722566833178,61,48.8,Microempresa,2,1.6,123,2,0,0,0,Lanchonetes,125,17,0,4,3,57,13,11,20
MG,4117,BARROSO,3105905.0,20640.0,125,605.6201550387598,53,42.4,Microempresa,2,1.6,123,0,2,0,0,Lanchonetes,125,20,0,7,3,47,23,10,15
BA,3687,LENCOIS,2919306.0,11216.0,125,1114.4793152639088,33,26.400000000000002,Microempresa,7,5.6000000000000005,118,7,0,0,0,Restaurantes,125,5,0,5,1,24,10,12,68
SC,8135,IBIRAMA,4206900.0,21132.0,125,591.5199697141775,52,41.6,Microempresa,9,7.199999999999999,116,5,4,0,0,Lanchonetes,125,21,3,7,1,37,10,19,27
BA,3877,SAO DESIDERIO,2928901.0,35161.0,125,355.50752253917693,57,45.6,Microempresa,5,4.0,120,5,0,0,0,Restaurantes,125,14,1,4,3,30,23,8,42
PR,7555,FLORESTA,4107900.0,11801.0,125,1059.232268451826,63,50.4,Microempresa,0,0.0,125,0,0,0,0,Lanchonetes,125,21,0,0,2,46,22,15,19
PR,7487,CAPANEMA,4104501.0,21208.0,125,589.4002263296869,55,44.0,Microempresa,2,1.6,123,2,0,0,0,Lanchonetes,125,21,0,2,3,51,15,9,24
PR,7503,CHOPINZINHO,4105409.0,21690.0,125,576.3024435223606,44,35.199999999999996,Microempresa,7,5.6000000000000005,118,1,6,0,0,Lanchonetes,125,27,0,7,1,32,23,14,21
PR,5459,MAUA DA SERRA,4115754.0,9740.0,125,1283.3675564681723,51,40.8,Microempresa,2,1.6,123,2,0,0,0,Lanchonetes,125,13,20,2,0,37,17,9,27
PA,563,VIGIA,1508209.0,54309.0,125,230.16442946841224,73,58.4,Microempresa,4,3.2,121,4,0,0,0,Restaurantes,125,20,0,4,4,27,26,8,36
BA,3399,CACULE,2905008.0,23336.0,125,535.6530682207748,43,34.4,Microempresa,2,1.6,123,2,0,0,0,Lanchonetes,125,7,1,1,1,39,23,21,32
SP,6559,ITAPUI,3522901.0,14080.0,125,887.784090909091,65,52.0,Microempresa,0,0.0,125,0,0,0,0,Lanchonetes,125,21,5,5,0,45,28,8,13
SP,6327,CEDRAL,3511300.0,13454.0,125,929.0917199345919,72,57.599999999999994,Microempresa,2,1.6,123,0,2,0,0,Lanchonetes,125,32,0,2,1,37,19,15,19
TO,9243,ARAGUATINS,1702208.0,33364.0,124,371.6580745713943,79,63.70967741935484,Microempresa,4,3.225806451612903,120,4,0,0,0,Restaurantes,124,18,1,3,2,26,21,10,43
BA,3861,SANTALUZ,2928000.0,40196.0,124,308.48840680664745,53,42.74193548387097,Microempresa,6,4.838709677419355,118,4,2,0,0,Restaurantes,124,9,0,4,5,28,16,16,46
MG,4477,ENTRE RIOS DE MINAS,3123908.0,15191.0,124,816.2727931011783,42,33.87096774193548,Microempresa,5,4.032258064516129,119,5,0,0,0,Alimentação preparada,124,30,0,2,0,24,26,14,28
RN,1619,APODI,2401008.0,37574.0,124,330.01543620588706,42,33.87096774193548,Microempresa,3,2.4193548387096775,121,1,2,0,0,Restaurantes,124,20,0,4,4,20,25,20,31
MT,9181,PEDRA PRETA,5106372.0,19168.0,124,646.9115191986645,63,50.806451612903224,Microempresa,8,6.451612903225806,116,4,4,0,0,Restaurantes,124,19,2,4,2,30,20,11,36
SP,7161,TAGUAI,3553005.0,13124.0,124,944.8338921060652,49,39.516129032258064,Microempresa,3,2.4193548387096775,121,3,0,0,0,Lanchonetes,124,16,0,1,1,48,30,20,8
MT,9153,ROSARIO OESTE,5107701.0,14848.0,124,835.1293103448276,54,43.54838709677419,Microempresa,1,0.8064516129032258,123,1,0,0,0,Lanchonetes,124,16,1,3,3,35,25,10,31
TO,9461,MIRACEMA DO TOCANTINS,1713205.0,18576.0,124,667.5279931093885,39,31.451612903225808,Microempresa,1,0.8064516129032258,123,1,0,0,0,Lanchonetes,124,18,0,0,0,54,19,4,29
AL,2641,PARIPUEIRA,2706448.0,14208.0,124,872.7477477477477,55,44.354838709677416,Microempresa,4,3.225806451612903,120,2,2,0,0,Restaurantes,124,17,0,1,1,29,24,13,39
SP,6505,IGARATA,3520202.0,11037.0,124,1123.4937029990033,76,61.29032258064516,Microempresa,3,2.4193548387096775,121,3,0,0,0,Alimentação preparada,124,43,2,2,2,22,13,19,21
SC,5543,COCAL DO SUL,4204251.0,18295.0,124,677.7808144301721,59,47.58064516129033,Microempresa,4,3.225806451612903,120,1,3,0,0,Lanchonetes,124,15,0,5,3,37,26,20,18
SP,6347,CONCHAS,3512308.0,15314.0,123,803.1866266161682,50,40.65040650406504,Microempresa,0,0.0,123,0,0,0,0,Lanchonetes,123,15,0,0,4,50,32,10,12
MT,8993,SAO JOSE DOS QUATRO MARCOS,5107107.0,17613.0,123,698.3478112757622,48,39.02439024390244,Microempresa,5,4.0650406504065035,118,5,0,0,0,Outros Food Service,123,13,0,1,2,27,42,17,21
MG,4893,NOVA ERA,3144706.0,17818.0,123,690.3131664608823,45,36.58536585365854,Microempresa,11,8.94308943089431,112,7,4,0,0,Lanchonetes,123,24,0,6,0,29,22,13,29
MG,4251,CAPINOPOLIS,3112604.0,14847.0,123,828.4501919579712,50,40.65040650406504,Microempresa,1,0.8130081300813009,122,0,1,0,0,Lanchonetes,123,21,4,10,0,37,25,8,18
SP,6315,CARDOSO,3510708.0,11462.0,123,1073.1111498865819,49,39.83739837398374,Microempresa,2,1.6260162601626018,121,2,0,0,0,Lanchonetes,123,17,0,1,5,42,35,9,14
SP,6949,REGENTE FEIJO,3542404.0,20671.0,123,595.0365245996807,42,34.146341463414636,Microempresa,5,4.0650406504065035,118,0,5,0,0,Lanchonetes,123,24,1,7,4,30,21,9,27
SP,6827,PATROCINIO PAULISTA,3536307.0,14934.0,122,816.9278157225124,41,33.60655737704918,Microempresa,5,4.098360655737705,117,4,1,0,0,Lanchonetes,122,14,3,3,8,36,20,14,24
MG,4485,ESPINOSA,3124302.0,31366.0,122,388.9561946056239,56,45.90163934426229,Microempresa,1,0.819672131147541,121,1,0,0,0,Outros Food Service,122,17,0,0,0,36,37,12,20
PI,1157,PEDRO II,2207900.0,38978.0,122,312.9970752732311,59,48.36065573770492,Microempresa,0,0.0,122,0,0,0,0,Restaurantes,122,6,1,1,7,34,19,11,43
SP,6881,PIRANGI,3539004.0,11093.0,122,1099.7926620391238,50,40.98360655737705,Microempresa,0,0.0,122,0,0,0,0,Lanchonetes,122,28,3,2,2,44,25,8,10
PE,2359,CABROBO,2603009.0,31776.0,122,383.9375629405841,45,36.885245901639344,Microempresa,4,3.278688524590164,118,3,1,0,0,Restaurantes,122,7,0,3,5,32,30,11,34
AM,9847,TABATINGA,1304062.0,74384.0,122,164.01376640137664,63,51.63934426229508,Microempresa,7,5.737704918032787,115,7,0,0,0,Restaurantes,122,14,1,3,2,26,15,8,53
MG,4171,BRASILIA DE MINAS,3108602.0,33332.0,122,366.01464058562345,50,40.98360655737705,Microempresa,1,0.819672131147541,121,1,0,0,0,Lanchonetes,122,14,0,2,5,39,33,10,19
GO,9419,ITAPURANGA,5211206.0,26532.0,122,459.8221016131464,53,43.44262295081967,Microempresa,4,3.278688524590164,118,2,2,0,0,Lanchonetes,122,21,0,0,1,43,27,9,21
GO,9573,RUBIATABA,5218904.0,20239.0,122,602.796580858738,47,38.52459016393443,Microempresa,2,1.639344262295082,120,0,2,0,0,Lanchonetes,122,15,0,3,0,35,34,11,24
SC,8023,ANTONIO CARLOS,4201208.0,12803.0,121,945.0909942982113,55,45.45454545454545,Microempresa,20,16.528925619834713,101,17,3,0,0,Lanchonetes,121,30,0,5,6,36,11,7,26
GO,73,CHAPADAO DO CEU,5205471.0,14735.0,121,821.1740753308449,58,47.93388429752066,Microempresa,10,8.264462809917356,111,7,3,0,0,Restaurantes,121,25,0,9,5,26,17,9,30
SP,6935,QUATA,3541703.0,13423.0,121,901.437830589287,54,44.62809917355372,Microempresa,1,0.8264462809917356,120,0,1,0,0,Lanchonetes,121,17,2,1,1,38,27,13,22
MG,4165,BORDA DA MATA,3108305.0,17861.0,121,677.4536700072783,51,42.14876033057851,Microempresa,3,2.479338842975207,118,2,1,0,0,Lanchonetes,121,12,0,1,6,60,21,7,14
ES,5673,MUNIZ FREIRE,3203700.0,18806.0,120,638.0942252472615,48,40.0,Microempresa,1,0.8333333333333334,119,1,0,0,0,Lanchonetes,120,14,0,0,3,50,20,14,19
RN,1681,GOIANINHA,2404200.0,28616.0,120,419.3458205199888,59,49.166666666666664,Microempresa,1,0.8333333333333334,119,0,1,0,0,Restaurantes,120,22,2,1,3,31,22,6,33
MG,4353,CONCEICAO DO RIO VERDE,3117702.0,12751.0,120,941.1026586150106,43,35.833333333333336,Microempresa,4,3.3333333333333335,116,3,1,0,0,Lanchonetes,120,15,1,2,0,45,30,13,14
PR,7857,SANTO ANTONIO DO SUDOESTE,4124400.0,25273.0,120,474.81501998179874,46,38.333333333333336,Microempresa,1,0.8333333333333334,119,0,1,0,0,Lanchonetes,120,19,0,4,0,50,24,14,9
PR,7901,SENGES,4126306.0,17151.0,120,699.6676578625153,50,41.66666666666667,Microempresa,1,0.8333333333333334,119,1,0,0,0,Lanchonetes,120,25,0,1,2,43,25,6,18
MG,2665,IPABA,3131158.0,17619.0,120,681.0829218457346,57,47.5,Microempresa,1,0.8333333333333334,119,0,1,0,0,Lanchonetes,120,35,0,2,1,37,11,15,19
PR,7813,RIBEIRAO CLARO,4121802.0,12959.0,120,925.997376340767,37,30.833333333333336,Microempresa,0,0.0,120,0,0,0,0,Lanchonetes,120,25,1,2,5,32,26,10,19
SP,6391,DUARTINA,3514502.0,12534.0,119,949.4175841710547,50,42.016806722689076,Microempresa,0,0.0,119,0,0,0,0,Lanchonetes,119,22,0,4,0,47,20,14,12
MT,9893,NOVA OLIMPIA,5106232.0,16094.0,119,739.405989809867,66,55.46218487394958,Microempresa,7,5.88235294117647,112,3,4,0,0,Outros Food Service,119,15,1,3,6,30,32,10,22
PE,2351,BREJO DA MADRE DE DEUS,2602605.0,51492.0,119,231.10386079390972,53,44.537815126050425,Microempresa,0,0.0,119,0,0,0,0,Lanchonetes,119,18,1,3,3,34,20,17,23
MG,4737,JURUAIA,3136900.0,11755.0,119,1012.3351765206295,65,54.621848739495796,Microempresa,1,0.8403361344537815,118,1,0,0,0,Lanchonetes,119,11,0,0,3,60,12,16,17
CE,1407,IBIAPINA,2305308.0,24727.0,119,481.25530796295544,52,43.69747899159664,Microempresa,2,1.680672268907563,117,2,0,0,0,Restaurantes,119,12,0,0,0,37,17,10,43
RS,8691,HORIZONTINA,4309605.0,19252.0,118,612.9233326407646,35,29.66101694915254,Microempresa,4,3.389830508474576,114,2,2,0,0,Restaurantes,118,23,1,6,1,22,17,19,29
SP,6725,MONTE ALEGRE DO SUL,3531209.0,8967.0,118,1315.9362105497937,46,38.983050847457626,Microempresa,1,0.847457627118644,117,1,0,0,0,Lanchonetes,118,21,1,1,6,35,25,3,26
PB,1987,CATOLE DO ROCHA,2504306.0,32449.0,118,363.64757003297484,36,30.508474576271187,Microempresa,3,2.5423728813559325,115,2,1,0,0,Restaurantes,118,11,1,1,2,34,17,13,39
AC,105,BRASILEIA,1200104.0,28198.0,118,418.4693949925527,53,44.91525423728814,Microempresa,1,0.847457627118644,117,1,0,0,0,Lanchonetes,118,10,0,4,3,39,24,4,34
MG,4357,CONGONHAL,3117900.0,11483.0,118,1027.6060262997476,45,38.13559322033898,Microempresa,1,0.847457627118644,117,1,0,0,0,Restaurantes,118,26,0,1,3,31,19,4,34
SC,8087,CORUPA,4204509.0,16042.0,118,735.5691310310435,54,45.76271186440678,Microempresa,6,5.084745762711865,112,4,2,0,0,Lanchonetes,118,14,0,2,9,46,14,11,22
MS,9049,CAMAPUA,5002605.0,13935.0,117,839.6124865446717,48,41.02564102564102,Microempresa,9,7.6923076923076925,108,9,0,0,0,Lanchonetes,117,20,0,1,6,41,15,10,24
GO,9503,ORIZONA,5215306.0,17177.0,117,681.1433894160796,57,48.717948717948715,Microempresa,2,1.7094017094017095,115,1,1,0,0,Lanchonetes,117,35,0,3,1,41,12,11,14
SC,8225,NOVA TRENTO,4211504.0,14536.0,117,804.8981838194826,48,41.02564102564102,Microempresa,15,12.82051282051282,102,9,6,0,0,Restaurantes,117,15,0,4,0,31,17,11,39
RS,8537,BARRA DO RIBEIRO,4301909.0,12476.0,117,937.8005771080474,62,52.991452991452995,Microempresa,3,2.564102564102564,114,3,0,0,0,Alimentação preparada,117,30,1,4,5,30,24,3,20
SP,808,OUROESTE,3534757.0,10717.0,117,1091.7234300643838,46,39.31623931623932,Microempresa,13,11.11111111111111,104,10,3,0,0,Lanchonetes,117,17,0,4,2,44,22,8,20
ES,5651,ICONHA,3202603.0,12801.0,117,913.9910944457465,40,34.18803418803419,Microempresa,0,0.0,117,0,0,0,0,Lanchonetes,117,18,1,1,2,31,29,17,18
PR,7475,CAMPINA DA LAGOA,4103909.0,16035.0,117,729.6538821328344,42,35.8974358974359,Microempresa,0,0.0,117,0,0,0,0,Lanchonetes,117,15,0,2,5,54,13,6,22
PE,2535,RIBEIRAO,2611804.0,33464.0,117,349.62945254601965,39,33.33333333333333,Microempresa,0,0.0,117,0,0,0,0,Outros Food Service,117,12,0,0,4,31,32,9,29
SP,7139,SEVERINIA,3551900.0,14666.0,116,790.9450429564981,44,37.93103448275862,Microempresa,0,0.0,116,0,0,0,0,Lanchonetes,116,12,0,2,5,44,26,10,17
PE,2571,SAO JOSE DO EGITO,2613602.0,32523.0,116,356.6706638378993,40,34.48275862068966,Microempresa,2,1.7241379310344827,114,1,1,0,0,Padarias e confeitaria,116,18,0,3,3,26,19,27,20
RR,36,RORAINOPOLIS,1400472.0,38840.0,116,298.66117404737383,54,46.55172413793103,Microempresa,6,5.172413793103448,110,4,2,0,0,Restaurantes,116,11,0,6,0,34,19,7,39
ES,5711,RIO BANANAL,3204351.0,20467.0,116,566.7660135828406,55,47.41379310344828,Microempresa,1,0.8620689655172413,115,1,0,0,0,Alimentação preparada,116,31,0,0,8,25,21,16,15
SP,7101,SAO LUIZ DO PARAITINGA,3550001.0,10485.0,116,1106.3423938960418,46,39.6551724137931,Microempresa,2,1.7241379310344827,114,2,0,0,0,Lanchonetes,116,17,0,1,2,43,14,11,28
PE,2633,ITAPISSUMA,2607752.0,29859.0,116,388.49258180113196,42,36.206896551724135,Microempresa,5,4.310344827586207,111,2,3,0,0,Lanchonetes,116,18,1,12,1,31,24,12,17
ES,5675,MUQUI,3203809.0,14160.0,116,819.2090395480226,52,44.827586206896555,Microempresa,0,0.0,116,0,0,0,0,Alimentação preparada,116,32,0,1,5,23,30,14,11
MG,4159,BOM SUCESSO,3108008.0,17519.0,116,662.1382499001085,37,31.896551724137932,Microempresa,2,1.7241379310344827,114,1,1,0,0,Lanchonetes,116,30,0,2,1,43,18,9,13
MS,9137,PORTO MURTINHO,5006903.0,12584.0,115,913.858868404323,50,43.47826086956522,Microempresa,2,1.7391304347826086,113,2,0,0,0,Alimentação preparada,115,37,6,2,6,27,15,8,14
BA,3697,MACAUBAS,2919801.0,43587.0,115,263.84013582031344,39,33.91304347826087,Microempresa,2,1.7391304347826086,113,2,0,0,0,Lanchonetes,115,10,0,1,3,35,31,5,30
MG,4213,CAMBUQUIRA,3110707.0,12543.0,115,916.8460495894125,50,43.47826086956522,Microempresa,0,0.0,115,0,0,0,0,Lanchonetes,115,11,0,1,1,36,30,7,29
PA,441,CAMETA,1502103.0,145843.0,115,78.85191610156126,54,46.95652173913044,Microempresa,6,5.217391304347826,109,5,1,0,0,Outros Food Service,115,19,0,4,0,19,38,7,28
MG,4843,MIRAI,3142205.0,13920.0,115,826.1494252873564,49,42.608695652173914,Microempresa,4,3.4782608695652173,111,1,3,0,0,Lanchonetes,115,15,0,1,0,49,15,20,15
MG,4187,BURITIZEIRO,3109402.0,23756.0,115,484.08823034180836,50,43.47826086956522,Microempresa,4,3.4782608695652173,111,2,2,0,0,Lanchonetes,115,23,1,8,6,30,20,8,19
PI,1221,UNIAO,2211100.0,48067.0,115,239.24938107225333,42,36.52173913043478,Microempresa,5,4.3478260869565215,110,5,0,0,0,Restaurantes,115,7,0,2,7,21,30,15,33
CE,1581,VARZEA ALEGRE,2314003.0,40980.0,115,280.62469497315766,62,53.91304347826087,Microempresa,1,0.8695652173913043,114,1,0,0,0,Restaurantes,115,18,1,1,1,28,18,10,38
BA,3739,MUCUGE,2921906.0,12768.0,115,900.6892230576441,49,42.608695652173914,Microempresa,13,11.304347826086957,102,12,1,0,0,Restaurantes,115,12,1,4,3,31,6,2,56
MA,218,RAPOSA,2109452.0,32246.0,115,356.6333808844508,69,60.0,Microempresa,5,4.3478260869565215,110,5,0,0,0,Restaurantes,115,9,0,3,3,17,18,16,49
MG,5095,RIO ACIMA,3154804.0,10772.0,115,1067.5826216115856,57,49.56521739130435,Microempresa,2,1.7391304347826086,113,2,0,0,0,Lanchonetes,115,26,1,2,1,29,19,11,26
MA,793,GRAJAU,2104800.0,75281.0,115,152.76098882852247,57,49.56521739130435,Microempresa,12,10.434782608695652,103,10,2,0,0,Lanchonetes,115,6,0,3,4,43,12,4,43
SP,6911,PORANGABA,3540507.0,10915.0,115,1053.5959688502062,49,42.608695652173914,Microempresa,3,2.608695652173913,112,2,1,0,0,Lanchonetes,115,20,1,0,5,35,24,13,17
PR,7431,ARARUNA,4101705.0,14958.0,115,768.8193608771227,39,33.91304347826087,Microempresa,1,0.8695652173913043,114,1,0,0,0,Lanchonetes,115,18,0,0,3,43,26,14,11
PR,5525,ITAIPULANDIA,4110953.0,12267.0,115,937.4745251487732,67,58.26086956521739,Microempresa,0,0.0,115,0,0,0,0,Lanchonetes,115,19,0,0,3,40,30,6,17
MG,4281,CARMO DE MINAS,3114105.0,14136.0,115,813.5257498585173,53,46.08695652173913,Microempresa,4,3.4782608695652173,111,4,0,0,0,Lanchonetes,115,21,0,0,1,41,25,13,14
MG,5243,SAO JOAO BATISTA DO GLORIA,3162203.0,8003.0,114,1424.4658253155067,69,60.526315789473685,Microempresa,3,2.631578947368421,111,3,0,0,0,Restaurantes,114,21,1,1,4,27,24,6,30
RS,7379,NOVA HARTZ,4313060.0,20559.0,114,554.5016780971837,52,45.614035087719294,Microempresa,7,6.140350877192982,107,4,3,0,0,Outros Food Service,114,15,0,5,4,32,33,13,12
BA,3565,IBOTIRAMA,2913200.0,27771.0,114,410.5001620395376,46,40.35087719298245,Microempresa,0,0.0,114,0,0,0,0,Lanchonetes,114,3,0,1,2,44,17,20,27
SC,8165,ITAPIRANGA,4208401.0,17388.0,114,655.6245686680469,40,35.08771929824561,Microempresa,11,9.649122807017543,103,10,1,0,0,Lanchonetes,114,14,0,3,6,37,14,12,28
PA,435,BREVES,1501808.0,117028.0,114,97.4125850223878,45,39.473684210526315,Microempresa,17,14.912280701754385,97,17,0,0,0,Restaurantes,114,15,2,4,2,17,29,8,37
SP,6653,LUIS ANTONIO,3527603.0,12594.0,114,905.1929490233445,40,35.08771929824561,Microempresa,0,0.0,114,0,0,0,0,Lanchonetes,114,19,0,1,0,41,25,11,17
RN,1777,PARELHAS,2408904.0,22300.0,114,511.21076233183857,39,34.21052631578947,Microempresa,3,2.631578947368421,111,2,1,0,0,Alimentação preparada,114,35,1,4,6,27,10,7,24
RJ,2927,COMENDADOR LEVY GASPARIAN,3300951.0,9050.0,114,1259.668508287293,45,39.473684210526315,Microempresa,1,0.8771929824561403,113,1,0,0,0,Lanchonetes,114,19,1,3,0,49,18,13,11
TO,9365,FORMOSO DO ARAGUAIA,1708205.0,19517.0,114,584.1061638571501,51,44.73684210526316,Microempresa,2,1.7543859649122806,112,2,0,0,0,Restaurantes,114,12,1,1,4,32,26,5,33
RS,8647,ESPUMOSO,4307500.0,15478.0,114,736.5292673472024,50,43.859649122807014,Microempresa,3,2.631578947368421,111,3,0,0,0,Lanchonetes,114,10,0,2,6,29,15,27,25
CE,1419,IPUEIRAS,2305902.0,38289.0,113,295.12392593172973,45,39.823008849557525,Microempresa,2,1.7699115044247788,111,2,0,0,0,Restaurantes,113,10,1,1,5,20,24,17,35
SP,6557,ITAPORANGA,3522802.0,14231.0,113,794.0411777106317,40,35.39823008849557,Microempresa,1,0.8849557522123894,112,1,0,0,0,Lanchonetes,113,15,2,2,2,40,29,8,15
MG,5335,SERRA DO SALITRE,3166808.0,12359.0,113,914.313455781212,62,54.86725663716814,Microempresa,2,1.7699115044247788,111,0,2,0,0,Lanchonetes,113,17,0,3,10,47,16,7,13
BA,3623,ITAPARICA,2916104.0,20339.0,113,555.582870347608,50,44.24778761061947,Microempresa,4,3.5398230088495577,109,3,1,0,0,Restaurantes,113,18,0,2,1,22,29,9,32
TO,9525,PEDRO AFONSO,1716505.0,15051.0,113,750.7806790246495,48,42.47787610619469,Microempresa,1,0.8849557522123894,112,0,1,0,0,Lanchonetes,113,5,1,1,6,43,20,4,33
BA,3511,ESPLANADA,2910602.0,34179.0,113,330.6123643172709,51,45.13274336283185,Microempresa,6,5.3097345132743365,107,4,2,0,0,Lanchonetes,113,15,0,5,10,25,23,14,21
BA,3971,XIQUE-XIQUE,2933604.0,47056.0,113,240.13940836450186,49,43.36283185840708,Microempresa,3,2.6548672566371683,110,3,0,0,0,Lanchonetes,113,11,0,3,4,33,23,7,32
SE,3123,CANINDE DE SAO FRANCISCO,2801207.0,33782.0,113,334.49766147652593,41,36.283185840707965,Microempresa,4,3.5398230088495577,109,4,0,0,0,Restaurantes,113,10,0,3,2,19,14,12,53
SP,6335,CHARQUEADA,3511706.0,15827.0,113,713.9697984456941,54,47.78761061946903,Microempresa,4,3.5398230088495577,109,3,1,0,0,Lanchonetes,113,16,0,4,2,37,26,13,15
ES,5685,PRESIDENTE KENNEDY,3204302.0,15050.0,113,750.8305647840532,51,45.13274336283185,Microempresa,3,2.6548672566371683,110,3,0,0,0,Lanchonetes,113,18,0,2,5,32,26,12,18
GO,9269,BOM JESUS DE GOIAS,5203500.0,25145.0,113,449.393517597932,59,52.21238938053098,Microempresa,3,2.6548672566371683,110,3,0,0,0,Lanchonetes,113,4,1,0,3,46,21,12,26
AL,2841,PIRANHAS,2707107.0,23053.0,112,485.83698434043293,45,40.17857142857143,Microempresa,8,7.142857142857142,104,5,3,0,0,Restaurantes,112,9,0,1,2,23,8,15,54
SP,2957,VARGEM,3556354.0,10915.0,112,1026.1108566193313,44,39.285714285714285,Microempresa,3,2.6785714285714284,109,2,1,0,0,Lanchonetes,112,19,0,5,1,34,26,9,18
SC,8241,PAULO LOPES,4212304.0,10093.0,112,1109.6799762211433,43,38.392857142857146,Microempresa,9,8.035714285714286,103,7,2,0,0,Lanchonetes,112,25,0,10,1,35,9,13,19
PI,1225,VALENCA DO PIAUI,2211308.0,23121.0,111,480.08304139094327,42,37.83783783783784,Microempresa,3,2.7027027027027026,108,1,2,0,0,Lanchonetes,111,16,0,3,2,29,24,11,26
SP,6337,CHAVANTES,3557204.0,12418.0,111,893.8637461749074,40,36.03603603603604,Microempresa,1,0.9009009009009009,110,1,0,0,0,Lanchonetes,111,34,0,2,5,35,19,9,7
MG,4855,MONTE ALEGRE DE MINAS,3142809.0,20748.0,111,534.9913244650087,54,48.64864864864865,Microempresa,3,2.7027027027027026,108,3,0,0,0,Restaurantes,111,19,0,4,1,21,18,21,27
PB,2221,SOLANEA,2516003.0,27748.0,111,400.02883090673197,54,48.64864864864865,Microempresa,1,0.9009009009009009,110,0,1,0,0,Lanchonetes,111,14,0,2,5,36,22,5,27
PR,7917,TERRA BOA,4127205.0,18278.0,111,607.2874493927126,43,38.73873873873874,Microempresa,4,3.6036036036036037,107,2,2,0,0,Lanchonetes,111,14,0,3,4,26,26,22,16
SP,6111,AGUAS DE SAO PEDRO,3500600.0,2933.0,111,3784.520968291851,48,43.24324324324324,Microempresa,2,1.8018018018018018,109,2,0,0,0,Lanchonetes,111,21,0,1,5,43,7,1,33
MG,4565,GUARANESIA,3128303.0,19679.0,111,564.0530514761929,46,41.44144144144144,Microempresa,0,0.0,111,0,0,0,0,Lanchonetes,111,22,0,2,6,27,19,10,25
MG,5097,RIO CASCA,3154903.0,12785.0,110,860.3832616347282,36,32.72727272727273,Microempresa,0,0.0,110,0,0,0,0,Lanchonetes,110,19,0,4,1,43,17,6,20
MG,4097,BAEPENDI,3104908.0,18796.0,110,585.2309001915302,49,44.54545454545455,Microempresa,4,3.6363636363636362,106,1,3,0,0,Lanchonetes,110,15,0,1,2,40,15,6,31
RS,8823,ROLANTE,4316006.0,21753.0,110,505.67737783294257,55,50.0,Microempresa,11,10.0,99,8,3,0,0,Alimentação preparada,110,25,1,7,2,21,22,16,16
SC,8269,POUSO REDONDO,4213708.0,18270.0,110,602.07991242474,49,44.54545454545455,Microempresa,10,9.090909090909092,100,7,3,0,0,Lanchonetes,110,10,0,5,1,33,26,10,25
MG,4439,DIVINO,3122009.0,21521.0,110,511.1286650248594,44,40.0,Microempresa,1,0.9090909090909091,109,0,1,0,0,Lanchonetes,110,26,1,2,1,40,7,9,24
PR,7527,CORONEL VIVIDA,4106506.0,24107.0,110,456.2990002903721,53,48.18181818181818,Microempresa,5,4.545454545454546,105,3,2,0,0,Lanchonetes,110,14,0,1,1,29,24,13,28
SP,6539,ITAJOBI,3521903.0,17576.0,110,625.8534365043241,48,43.63636363636363,Microempresa,1,0.9090909090909091,109,1,0,0,0,Outros Food Service,110,15,0,1,3,31,35,11,14
MG,4749,LAGOA FORMOSA,3137502.0,19716.0,110,557.9224994927978,57,51.81818181818182,Microempresa,2,1.8181818181818181,108,2,0,0,0,Lanchonetes,110,20,0,0,0,49,12,10,19
MG,4017,AGUAS FORMOSAS,3100906.0,18859.0,110,583.2758894957316,36,32.72727272727273,Microempresa,2,1.8181818181818181,108,0,2,0,0,Lanchonetes,110,15,0,2,2,34,32,14,11
RS,6083,CANDIOTA,4304358.0,11012.0,110,998.9102796948782,53,48.18181818181818,Microempresa,3,2.727272727272727,107,2,1,0,0,Lanchonetes,110,18,1,7,0,31,21,10,22
PB,2067,LAGOA SECA,2508307.0,29356.0,109,371.30399236953264,41,37.61467889908257,Microempresa,4,3.669724770642202,105,3,1,0,0,Restaurantes,109,19,0,2,2,16,18,18,34
BA,3315,ALCOBACA,2900801.0,25769.0,109,422.98886258682916,41,37.61467889908257,Microempresa,0,0.0,109,0,0,0,0,Restaurantes,109,6,0,2,2,32,12,8,47
MG,5393,TURMALINA,3169703.0,20882.0,109,521.9806531941384,28,25.688073394495415,Microempresa,5,4.587155963302752,104,4,1,0,0,Lanchonetes,109,20,2,2,2,31,14,20,18
RS,8659,FELIZ,4308102.0,13994.0,109,778.905245105045,45,41.284403669724774,Microempresa,5,4.587155963302752,104,4,1,0,0,Lanchonetes,109,20,0,4,0,31,9,22,23
CE,1267,PINDORETAMA,2310852.0,25214.0,109,432.29951614182596,35,32.11009174311927,Microempresa,1,0.9174311926605505,108,1,0,0,0,Lanchonetes,109,11,0,1,3,39,16,7,32
RJ,5929,ITALVA,3302056.0,14510.0,109,751.2060647829084,43,39.44954128440367,Microempresa,1,0.9174311926605505,108,0,1,0,0,Lanchonetes,109,13,0,0,3,34,21,15,23
GO,55,COCALZINHO DE GOIAS,5205513.0,27741.0,109,392.9202263797268,42,38.53211009174312,Microempresa,1,0.9174311926605505,108,1,0,0,0,Lanchonetes,109,16,1,1,5,34,14,8,30
ES,5695,SAO JOSE DO CALCADO,3204807.0,11451.0,109,951.8819317090212,38,34.862385321100916,Microempresa,1,0.9174311926605505,108,1,0,0,0,Lanchonetes,109,29,0,1,5,37,15,6,16
PR,7797,QUERENCIA DO NORTE,4121000.0,10560.0,109,1032.1969696969697,53,48.62385321100918,Microempresa,0,0.0,109,0,0,0,0,Lanchonetes,109,16,0,31,0,35,13,4,10
MT,8989,ARAPUTANGA,5101258.0,14756.0,109,738.6825698021144,51,46.788990825688074,Microempresa,5,4.587155963302752,104,3,2,0,0,Outros Food Service,109,20,0,5,4,26,35,10,9
SP,6823,PARDINHO,3536109.0,7482.0,109,1456.8297246725474,38,34.862385321100916,Microempresa,8,7.339449541284404,101,4,4,0,0,Restaurantes,109,13,0,4,4,31,7,10,40
RN,1687,GUAMARE,2404507.0,16197.0,109,672.964129159721,54,49.54128440366973,Microempresa,2,1.834862385321101,107,0,2,0,0,Restaurantes,109,29,3,4,0,19,18,4,32
SP,6821,PARAPUA,3536000.0,10712.0,109,1017.5504107542941,28,25.688073394495415,Microempresa,3,2.7522935779816518,106,3,0,0,0,Lanchonetes,109,18,0,0,3,42,32,2,12
GO,9497,NOVA VENEZA,5215009.0,9973.0,108,1082.923894515191,59,54.629629629629626,Microempresa,4,3.7037037037037033,104,3,1,0,0,Lanchonetes,108,14,0,5,2,40,14,8,25
MT,117,NOVA BANDEIRANTES,5106158.0,14519.0,108,743.8528824299194,64,59.25925925925925,Microempresa,4,3.7037037037037033,104,4,0,0,0,Lanchonetes,108,10,1,8,1,45,6,6,31
MG,5219,SAO DOMINGOS DO PRATA,3161007.0,17794.0,108,606.9461616275149,40,37.03703703703704,Microempresa,2,1.8518518518518516,106,2,0,0,0,Lanchonetes,108,11,0,1,2,45,17,12,20
MA,861,PEDREIRAS,2108207.0,38239.0,108,282.43416407332825,41,37.96296296296296,Microempresa,10,9.25925925925926,98,8,2,0,0,Lanchonetes,108,8,0,3,5,40,15,11,26
RO,45,SAO MIGUEL DO GUAPORE,1100320.0,22343.0,108,483.37286845992037,61,56.481481481481474,Microempresa,2,1.8518518518518516,106,2,0,0,0,Lanchonetes,108,14,1,3,2,34,23,8,23
PB,2179,SAO BENTO,2513901.0,33982.0,108,317.8153139897593,42,38.88888888888889,Microempresa,3,2.7777777777777777,105,1,2,0,0,Lanchonetes,108,7,0,1,4,43,12,20,21
BA,3747,MURITIBA,2922300.0,30210.0,108,357.4975173783516,49,45.370370370370374,Microempresa,2,1.8518518518518516,106,2,0,0,0,Restaurantes,108,16,1,2,1,18,28,13,29
SP,6773,NUPORANGA,3533601.0,7587.0,108,1423.4875444839856,45,41.66666666666667,Microempresa,0,0.0,108,0,0,0,0,Lanchonetes,108,16,0,4,0,45,20,7,16
PE,2597,ITAMBE,2607653.0,36677.0,108,294.46246966763914,40,37.03703703703704,Microempresa,0,0.0,108,0,0,0,0,Outros Food Service,108,11,0,0,2,27,30,17,21
PE,2519,PETROLANDIA,2611002.0,36209.0,108,298.2683863127952,42,38.88888888888889,Microempresa,5,4.62962962962963,103,5,0,0,0,Lanchonetes,108,12,0,5,1,27,27,12,24
MG,724,SAO JOSE DA BARRA,3162948.0,8203.0,108,1316.591490917957,45,41.66666666666667,Microempresa,1,0.9259259259259258,107,1,0,0,0,Lanchonetes,108,6,0,1,8,43,11,9,30
MG,4205,CALDAS,3110301.0,14666.0,108,736.3971089594982,36,33.33333333333333,Microempresa,3,2.7777777777777777,105,0,3,0,0,Lanchonetes,108,17,0,4,2,32,11,11,31
PR,7417,AMPERE,4101002.0,20479.0,108,527.3695004638898,52,48.148148148148145,Microempresa,5,4.62962962962963,103,5,0,0,0,Lanchonetes,108,7,2,0,2,41,19,6,31
SP,6871,PIQUETE,3538501.0,12468.0,107,858.1969842797561,47,43.925233644859816,Microempresa,1,0.9345794392523363,106,1,0,0,0,Lanchonetes,107,26,0,0,4,33,18,6,20
PE,2611,TRINDADE,2615607.0,32414.0,107,330.1042759301536,61,57.009345794392516,Microempresa,0,0.0,107,0,0,0,0,Restaurantes,107,11,0,0,2,27,18,12,37
RJ,5917,TRAJANO DE MORAES,3305901.0,10654.0,107,1004.3176271822789,42,39.25233644859813,Microempresa,0,0.0,107,0,0,0,0,Lanchonetes,107,10,0,1,1,48,20,6,21
SC,8121,GRAVATAL,4206207.0,13323.0,107,803.1224198754034,51,47.66355140186916,Microempresa,2,1.8691588785046727,105,2,0,0,0,Lanchonetes,107,16,0,0,1,38,13,16,23
SP,6741,MORUNGABA,3532009.0,14206.0,107,753.2028720259045,41,38.31775700934579,Microempresa,3,2.803738317757009,104,0,3,0,0,Lanchonetes,107,12,0,4,7,31,12,16,25
PA,551,SAO MIGUEL DO GUAMA,1507607.0,56135.0,107,190.61191769840562,43,40.18691588785047,Microempresa,3,2.803738317757009,104,3,0,0,0,Restaurantes,107,5,1,0,5,25,26,10,35
GO,9933,MONTIVIDIU,5213756.0,13227.0,107,808.9513873138278,50,46.728971962616825,Microempresa,3,2.803738317757009,104,1,2,0,0,Lanchonetes,107,15,1,7,1,35,25,2,21
MA,753,CAROLINA,2102804.0,24630.0,107,434.42955745026387,47,43.925233644859816,Microempresa,2,1.8691588785046727,105,2,0,0,0,Restaurantes,107,8,0,3,3,38,10,6,39
GO,9523,PARAUNA,5216403.0,10706.0,107,999.4395665981693,44,41.1214953271028,Microempresa,0,0.0,107,0,0,0,0,Lanchonetes,107,10,0,8,1,41,12,5,30
RS,8835,SANANDUVA,4316600.0,16770.0,107,638.0441264162195,41,38.31775700934579,Microempresa,3,2.803738317757009,104,2,1,0,0,Restaurantes,107,21,0,3,2,19,18,20,24
PR,7761,PIEN,4119103.0,14557.0,107,735.0415607611459,54,50.467289719626166,Microempresa,11,10.2803738317757,96,6,5,0,0,Lanchonetes,107,19,0,5,2,26,19,17,19
MG,5367,TARUMIRIM,3168408.0,15134.0,107,707.0173120126867,40,37.38317757009346,Microempresa,3,2.803738317757009,104,0,3,0,0,Lanchonetes,107,31,0,3,0,32,19,12,10
MT,9905,VERA,5108501.0,10930.0,106,969.8078682525161,51,48.113207547169814,Microempresa,4,3.7735849056603774,102,0,4,0,0,Lanchonetes,106,18,0,3,2,36,13,8,26
CE,1395,GRANJA,2304707.0,55975.0,106,189.37025457793658,43,40.56603773584906,Microempresa,0,0.0,106,0,0,0,0,Lanchonetes,106,11,0,2,9,36,10,10,28
RS,8521,ARROIO DOS RATOS,4301107.0,14934.0,106,709.789741529396,34,32.075471698113205,Microempresa,3,2.8301886792452833,103,1,2,0,0,Alimentação preparada,106,32,3,3,4,30,17,8,9
BA,3045,SOBRADINHO,2930774.0,27222.0,106,389.39093380354126,46,43.39622641509434,Microempresa,2,1.8867924528301887,104,2,0,0,0,Padarias e confeitaria,106,17,0,4,0,20,20,27,18
PE,2345,BONITO,2602308.0,39258.0,106,270.00866065515305,44,41.509433962264154,Microempresa,3,2.8301886792452833,103,2,1,0,0,Restaurantes,106,17,2,3,1,20,24,12,27
AL,971,TEOTONIO VILELA,2709152.0,39137.0,106,270.84344737716225,50,47.16981132075472,Microempresa,1,0.9433962264150944,105,1,0,0,0,Lanchonetes,106,7,0,0,3,31,20,17,28
RS,8909,SERAFINA CORREA,4320404.0,17407.0,106,608.9504222439249,33,31.132075471698112,Microempresa,7,6.60377358490566,99,3,4,0,0,Restaurantes,106,13,1,6,6,28,9,12,31
GO,9477,MOZARLANDIA,5214002.0,15287.0,106,693.3996205926604,48,45.28301886792453,Microempresa,10,9.433962264150944,96,6,4,0,0,Lanchonetes,106,15,4,2,2,34,20,4,25
RS,8917,SOBRADINHO,4320701.0,14512.0,106,730.4299889746417,36,33.9622641509434,Microempresa,8,7.547169811320755,98,8,0,0,0,Lanchonetes,106,18,0,0,7,32,15,9,25
MG,4869,MORADA NOVA DE MINAS,3143500.0,9462.0,106,1120.270555907842,59,55.660377358490564,Microempresa,0,0.0,106,0,0,0,0,Alimentação preparada,106,31,0,3,0,24,13,12,23
ES,2931,IRUPI,3202652.0,14793.0,106,716.5551274251335,41,38.67924528301887,Microempresa,1,0.9433962264150944,105,1,0,0,0,Lanchonetes,106,21,0,2,0,43,13,7,20
AM,257,MANICORE,1302702.0,58557.0,106,181.0202025376983,41,38.67924528301887,Microempresa,8,7.547169811320755,98,7,1,0,0,Restaurantes,106,7,0,0,5,33,12,13,36
GO,9653,NOVA CRIXAS,5214838.0,13210.0,106,802.4224072672218,58,54.71698113207547,Microempresa,1,0.9433962264150944,105,0,1,0,0,Lanchonetes,106,17,0,4,1,35,12,4,33
SC,8013,ALFREDO WAGNER,4200705.0,11061.0,106,958.3220323659705,49,46.22641509433962,Microempresa,1,0.9433962264150944,105,1,0,0,0,Lanchonetes,106,12,0,2,2,59,5,8,18
SP,6237,BOFETE,3506904.0,10735.0,106,987.4243129948767,48,45.28301886792453,Microempresa,6,5.660377358490567,100,2,4,0,0,Lanchonetes,106,28,0,4,3,30,13,14,14
RS,8865,SAO FRANCISCO DE ASSIS,4318101.0,17934.0,106,591.0560945689751,42,39.62264150943396,Microempresa,0,0.0,106,0,0,0,0,Lanchonetes,106,17,3,0,4,26,21,23,12
RJ,772,CARAPEBUS,3300936.0,14331.0,105,732.6774126020515,46,43.80952380952381,Microempresa,3,2.857142857142857,102,3,0,0,0,Outros Food Service,105,15,0,6,4,26,28,7,19
PE,2561,SAO CAITANO,2613107.0,39358.0,105,266.7818486711723,52,49.523809523809526,Microempresa,4,3.8095238095238098,101,4,0,0,0,Lanchonetes,105,13,0,1,2,34,13,13,29
PR,8453,TURVO,4127965.0,14110.0,105,744.1530829199149,38,36.19047619047619,Microempresa,2,1.9047619047619049,103,2,0,0,0,Lanchonetes,105,13,0,1,3,29,27,5,27
BA,3357,BARRA DO CHOCA,2902906.0,38671.0,105,271.52129502728144,50,47.61904761904761,Microempresa,2,1.9047619047619049,103,2,0,0,0,Outros Food Service,105,17,0,4,4,24,27,11,18
AC,147,TARAUACA,1200609.0,47090.0,105,222.97727755362075,63,60.0,Microempresa,1,0.9523809523809524,104,0,1,0,0,Lanchonetes,105,11,0,3,2,31,21,9,28
SP,6453,GUAPIARA,3517604.0,17197.0,105,610.5716113275571,40,38.095238095238095,Microempresa,0,0.0,105,0,0,0,0,Lanchonetes,105,15,0,1,1,39,18,12,19
RS,8515,ANTONIO PRADO,4300802.0,13332.0,105,787.5787578757876,35,33.33333333333333,Microempresa,0,0.0,105,0,0,0,0,Restaurantes,105,15,0,2,4,26,10,21,27
PR,7985,CAFELANDIA,4103453.0,20411.0,105,514.428494439273,44,41.904761904761905,Microempresa,2,1.9047619047619049,103,0,2,0,0,Lanchonetes,105,12,0,5,4,36,13,21,14
ES,5687,RIO NOVO DO SUL,3204401.0,11471.0,105,915.3517566036091,36,34.285714285714285,Microempresa,2,1.9047619047619049,103,1,1,0,0,Lanchonetes,105,18,0,3,6,24,19,19,16
PR,7725,NOVA LONDRINA,4117107.0,13065.0,105,803.6739380022962,37,35.23809523809524,Microempresa,5,4.761904761904762,100,1,4,0,0,Lanchonetes,105,18,0,5,2,26,22,10,22
MA,134,BURITICUPU,2102325.0,56590.0,105,185.5451493196678,53,50.476190476190474,Microempresa,7,6.666666666666667,98,5,2,0,0,Restaurantes,105,3,1,3,3,32,11,11,41
MG,4879,MUTUM,3144003.0,28824.0,105,364.2797668609492,52,49.523809523809526,Microempresa,1,0.9523809523809524,104,1,0,0,0,Lanchonetes,105,19,0,1,3,32,17,14,19
MG,4085,AREADO,3104304.0,14245.0,105,737.1007371007371,44,41.904761904761905,Microempresa,0,0.0,105,0,0,0,0,Lanchonetes,105,15,0,0,0,36,35,3,16
PR,862,IMBAU,4110078.0,15235.0,105,689.2024942566459,45,42.857142857142854,Microempresa,1,0.9523809523809524,104,1,0,0,0,Lanchonetes,105,13,0,0,6,48,15,5,18
SP,7221,URUPES,3556008.0,14104.0,105,744.4696539988656,32,30.476190476190478,Microempresa,0,0.0,105,0,0,0,0,Lanchonetes,105,16,0,3,4,45,4,13,20
SE,3241,SIMAO DIAS,2807105.0,44708.0,104,232.6205600787331,53,50.96153846153846,Microempresa,3,2.8846153846153846,101,1,2,0,0,Lanchonetes,104,9,0,4,2,30,10,20,29
MG,4653,ITAMBACURI,3132701.0,21129.0,104,492.21449193052206,47,45.19230769230769,Microempresa,3,2.8846153846153846,101,3,0,0,0,Lanchonetes,104,24,0,4,2,28,9,16,21
SP,7223,VALENTIM GENTIL,3556107.0,14727.0,104,706.1859170231547,40,38.46153846153847,Microempresa,1,0.9615384615384616,103,1,0,0,0,Lanchonetes,104,13,0,1,0,35,21,15,19
MA,877,PORTO FRANCO,2109007.0,24618.0,104,422.45511414412215,47,45.19230769230769,Microempresa,7,6.730769230769231,97,4,3,0,0,Restaurantes,104,5,0,6,7,18,18,8,42
AC,145,SENA MADUREIRA,1200500.0,44170.0,104,235.45392800543357,44,42.30769230769231,Microempresa,9,8.653846153846153,95,8,1,0,0,Restaurantes,104,22,0,2,1,29,11,7,32
MT,125,TABAPORA,5107941.0,9882.0,104,1052.4185387573366,56,53.84615384615385,Microempresa,2,1.9230769230769231,102,1,1,0,0,Restaurantes,104,24,0,1,5,16,21,11,26
BA,3611,ITAJUIPE,2915502.0,19138.0,104,543.4214651478734,54,51.92307692307693,Microempresa,1,0.9615384615384616,103,0,1,0,0,Outros Food Service,104,22,6,5,1,17,27,9,17
SC,8345,SEARA,4217501.0,19633.0,104,529.7203687668721,39,37.5,Microempresa,7,6.730769230769231,97,7,0,0,0,Lanchonetes,104,10,0,2,4,33,9,16,30
SP,6999,SALES OLIVEIRA,3544905.0,11708.0,104,888.2815169115136,50,48.07692307692308,Microempresa,7,6.730769230769231,97,4,3,0,0,Lanchonetes,104,20,0,6,3,22,17,19,17
SP,6841,PEDREGULHO,3537008.0,15732.0,104,661.0729722857869,35,33.65384615384615,Microempresa,1,0.9615384615384616,103,1,0,0,0,Lanchonetes,104,13,0,0,3,54,13,8,13
SC,8395,CORREIA PINTO,4204558.0,16341.0,104,636.4359586316627,42,40.38461538461539,Microempresa,7,6.730769230769231,97,5,2,0,0,Lanchonetes,104,20,0,7,5,23,22,9,18
BA,3471,CONDE,2908606.0,24484.0,104,424.7671949027937,41,39.42307692307692,Microempresa,4,3.8461538461538463,100,3,1,0,0,Restaurantes,104,11,0,2,7,19,26,9,30
BA,3541,IBICARAI,2912103.0,22067.0,104,471.29197444147366,38,36.53846153846153,Microempresa,0,0.0,104,0,0,0,0,Lanchonetes,104,18,0,1,6,30,27,4,18
PB,1921,AREIA,2501104.0,22983.0,103,448.1573336814167,60,58.252427184466015,Microempresa,5,4.854368932038835,98,3,2,0,0,Lanchonetes,103,4,0,4,5,42,21,3,24
RN,1885,TOUROS,2414407.0,34412.0,103,299.3141927234686,35,33.980582524271846,Microempresa,4,3.8834951456310676,99,0,4,0,0,Restaurantes,103,13,0,5,2,26,17,8,32
SP,6961,RIBEIRAO BRANCO,3543006.0,18953.0,103,543.4495858175486,39,37.86407766990291,Microempresa,2,1.9417475728155338,101,0,2,0,0,Lanchonetes,103,10,0,0,3,45,15,5,25
PR,7437,ASSAI,4101903.0,13320.0,103,773.2732732732733,31,30.097087378640776,Microempresa,1,0.9708737864077669,102,0,1,0,0,Alimentação preparada,103,31,0,0,5,27,13,8,19
SP,7137,SETE BARRAS,3551801.0,12895.0,103,798.7592089957348,37,35.92233009708738,Microempresa,0,0.0,103,0,0,0,0,Lanchonetes,103,19,0,5,0,36,30,2,11
MG,4617,INHAPIM,3130903.0,22854.0,103,450.6869694583005,32,31.06796116504854,Microempresa,2,1.9417475728155338,101,2,0,0,0,Lanchonetes,103,9,0,0,2,34,20,10,28
ES,5621,BOM JESUS DO NORTE,3201100.0,10867.0,103,947.823686389988,44,42.71844660194174,Microempresa,0,0.0,103,0,0,0,0,Alimentação preparada,103,27,0,0,2,24,20,14,16
MT,9183,SAO FELIX DO ARAGUAIA,5107859.0,14873.0,103,692.5300880790694,49,47.57281553398058,Microempresa,7,6.796116504854369,96,7,0,0,0,Lanchonetes,103,18,3,8,1,36,16,2,19
MG,4197,CAETANOPOLIS,3109907.0,11976.0,103,860.0534402137608,44,42.71844660194174,Microempresa,4,3.8834951456310676,99,3,1,0,0,Restaurantes,103,22,0,1,2,20,22,4,32
SP,6387,DOURADO,3514304.0,8154.0,102,1250.9197939661517,48,47.05882352941176,Microempresa,1,0.9803921568627451,101,0,1,0,0,Lanchonetes,102,14,0,3,3,38,27,4,13
GO,9329,CRIXAS,5206404.0,17616.0,102,579.0190735694822,49,48.03921568627451,Microempresa,4,3.9215686274509802,98,1,3,0,0,Lanchonetes,102,15,0,6,1,38,13,2,27
ES,5707,MARILANDIA,3203353.0,13150.0,102,775.6653992395437,54,52.94117647058824,Microempresa,3,2.941176470588235,99,3,0,0,0,Lanchonetes,102,16,2,2,5,29,25,11,12
RO,47,NOVA MAMORE,1100338.0,28894.0,102,353.01446667128124,57,55.88235294117647,Microempresa,1,0.9803921568627451,101,0,1,0,0,Restaurantes,102,5,0,2,0,29,17,16,33
RS,8501,AGUDO,4300109.0,16347.0,102,623.9677004955038,48,47.05882352941176,Microempresa,4,3.9215686274509802,98,3,1,0,0,Lanchonetes,102,8,0,3,3,36,16,25,11
RS,8635,ENCRUZILHADA DO SUL,4306908.0,24275.0,102,420.1853759011329,40,39.21568627450981,Microempresa,5,4.901960784313726,97,4,1,0,0,Outros Food Service,102,22,0,4,2,18,23,11,22
GO,9381,GUAPO,5209200.0,21373.0,102,477.2376362700604,54,52.94117647058824,Microempresa,1,0.9803921568627451,101,0,1,0,0,Restaurantes,102,17,0,0,2,26,13,10,34
PI,1199,SAO JOAO DO PIAUI,2210003.0,22231.0,102,458.81876658719807,42,41.17647058823529,Microempresa,7,6.862745098039216,95,7,0,0,0,Restaurantes,102,13,0,4,0,26,18,9,32
PR,7723,NOVA FATIMA,4117008.0,7083.0,102,1440.0677678949596,35,34.31372549019608,Microempresa,1,0.9803921568627451,101,0,1,0,0,Outros Food Service,102,12,0,2,1,26,46,7,8
MA,943,TUTOIA,2112506.0,55107.0,102,185.09445261037618,50,49.01960784313725,Microempresa,7,6.862745098039216,95,5,2,0,0,Restaurantes,102,3,0,5,3,20,12,10,49
TO,367,LAGOA DA CONFUSAO,1711902.0,16934.0,102,602.3384906106058,50,49.01960784313725,Microempresa,0,0.0,102,0,0,0,0,Restaurantes,102,5,3,3,4,27,13,10,37
SC,8141,IMARUI,4207205.0,12171.0,101,829.8414263413032,50,49.504950495049506,Microempresa,1,0.9900990099009901,100,1,0,0,0,Lanchonetes,101,15,0,0,1,39,14,13,19
PE,2581,SERTANIA,2614105.0,34273.0,101,294.69261517812856,50,49.504950495049506,Microempresa,4,3.9603960396039604,97,4,0,0,0,Restaurantes,101,11,0,2,2,32,14,6,34
BA,3841,RIO REAL,2927002.0,36938.0,101,273.4311549082246,38,37.62376237623762,Microempresa,2,1.9801980198019802,99,2,0,0,0,Lanchonetes,101,9,1,5,6,26,18,16,20
RS,8751,MOSTARDAS,4312500.0,12347.0,101,818.0124726654248,47,46.53465346534654,Microempresa,0,0.0,101,0,0,0,0,Lanchonetes,101,10,4,2,0,31,17,11,26
MG,4817,MATIPO,3140902.0,19173.0,101,526.7824544932979,38,37.62376237623762,Microempresa,9,8.91089108910891,92,7,2,0,0,Lanchonetes,101,9,0,3,0,51,9,8,21
AM,225,COARI,1301209.0,73403.0,101,137.59655599907362,48,47.524752475247524,Microempresa,8,7.920792079207921,93,7,1,0,0,Restaurantes,101,7,0,5,0,29,16,13,31
MG,4489,ESTIVA,3124500.0,11921.0,101,847.2443586947403,50,49.504950495049506,Microempresa,5,4.9504950495049505,96,4,1,0,0,Lanchonetes,101,10,1,0,1,47,13,8,21
AL,2887,VICOSA,2709400.0,24411.0,101,413.74790053664333,38,37.62376237623762,Microempresa,3,2.9702970297029703,98,3,0,0,0,Lanchonetes,101,6,0,2,1,28,24,12,28
MG,5015,PIRANGA,3150802.0,17356.0,101,581.931320580779,31,30.693069306930692,Microempresa,0,0.0,101,0,0,0,0,Alimentação preparada,101,31,0,1,1,28,17,9,14
MG,4091,ASTOLFO DUTRA,3104601.0,14697.0,101,687.2150779070558,38,37.62376237623762,Microempresa,0,0.0,101,0,0,0,0,Lanchonetes,101,15,0,1,3,33,20,9,20
RJ,2915,CARDOSO MOREIRA,3301157.0,13418.0,101,752.7202265613355,41,40.5940594059406,Microempresa,0,0.0,101,0,0,0,0,Lanchonetes,101,6,1,4,0,46,18,9,17
PR,7951,ALTONIA,4100509.0,18525.0,101,545.2091767881242,35,34.65346534653465,Microempresa,0,0.0,101,0,0,0,0,Lanchonetes,101,12,0,0,1,42,22,13,11
MG,4715,JEQUITINHONHA,3135803.0,24523.0,101,411.8582555152306,46,45.54455445544555,Microempresa,2,1.9801980198019802,99,1,1,0,0,Lanchonetes,101,15,0,1,5,25,21,15,19
BA,3723,MEDEIROS NETO,2921104.0,22524.0,101,448.4105842656722,41,40.5940594059406,Microempresa,3,2.9702970297029703,98,3,0,0,0,Lanchonetes,101,13,0,1,6,31,19,8,23
RO,19,PRESIDENTE MEDICI,1100254.0,20372.0,101,495.7785195366189,60,59.4059405940594,Microempresa,1,0.9900990099009901,100,1,0,0,0,Lanchonetes,101,16,0,1,3,26,18,13,24
AL,2711,BARRA DE SAO MIGUEL,2700607.0,8124.0,100,1230.9207287050715,49,49.0,Microempresa,3,3.0,97,2,1,0,0,Restaurantes,100,13,0,2,1,19,24,2,39
PI,1073,ESPERANTINA,2203701.0,42873.0,100,233.24703193151868,51,51.0,Microempresa,3,3.0,97,2,1,0,0,Lanchonetes,100,12,0,1,5,36,8,17,21
MG,5051,POUSO ALTO,3152600.0,6801.0,100,1470.3720041170416,49,49.0,Microempresa,4,4.0,96,4,0,0,0,Lanchonetes,100,11,0,1,2,42,27,5,12
MG,5077,RAPOSOS,3153905.0,16854.0,100,593.3309600094933,44,44.0,Microempresa,3,3.0,97,1,2,0,0,Alimentação preparada,100,26,0,2,3,21,16,14,18
SC,8373,URUSSANGA,4219002.0,21539.0,100,464.27410743302846,46,46.0,Microempresa,8,8.0,92,3,5,0,0,Lanchonetes,100,10,0,5,2,37,15,14,17
SP,5447,SAO LOURENCO DA SERRA,3549953.0,16541.0,100,604.5583701106342,43,43.0,Microempresa,2,2.0,98,2,0,0,0,Restaurantes,100,8,0,1,9,20,16,8,38
BA,3725,MIGUEL CALMON,2921203.0,25213.0,100,396.62079086185696,35,35.0,Microempresa,0,0.0,100,0,0,0,0,Alimentação preparada,100,36,0,3,7,24,14,4,12
RN,1849,SAO PAULO DO POTENGI,2412609.0,17419.0,100,574.085768413801,46,46.0,Microempresa,2,2.0,98,0,2,0,0,Outros Food Service,100,14,1,4,3,23,24,11,20
RS,7333,TERRA DE AREIA,4321436.0,10575.0,100,945.6264775413712,38,38.0,Microempresa,0,0.0,100,0,0,0,0,Lanchonetes,100,15,1,2,1,29,16,13,23
RS,8679,GIRUA,4309001.0,16273.0,100,614.5148405333989,38,38.0,Microempresa,2,2.0,98,1,1,0,0,Alimentação preparada,100,21,0,2,6,20,20,14,17
ES,5605,ALFREDO CHAVES,3200300.0,14376.0,100,695.6037840845854,36,36.0,Microempresa,1,1.0,99,1,0,0,0,Lanchonetes,100,23,1,1,5,26,15,3,26
PI,1109,JOSE DE FREITAS,2205508.0,44959.0,100,222.42487599813165,41,41.0,Microempresa,4,4.0,96,4,0,0,0,Restaurantes,100,8,3,3,7,21,20,16,22
SP,6379,DIVINOLANDIA,3513900.0,11296.0,100,885.2691218130311,37,37.0,Microempresa,0,0.0,100,0,0,0,0,Outros Food Service,100,6,1,0,2,25,36,19,11
AL,2845,PORTO CALVO,2707305.0,24505.0,100,408.0799836768007,46,46.0,Microempresa,3,3.0,97,3,0,0,0,Lanchonetes,100,9,0,2,5,40,18,10,16
PR,7919,TERRA RICA,4127304.0,14938.0,99,662.7393225331369,43,43.43434343434344,Microempresa,2,2.0202020202020203,97,1,1,0,0,Lanchonetes,99,18,0,3,1,38,18,11,10
SE,3125,CAPELA,2801306.0,32847.0,99,301.397387889305,33,33.33333333333333,Microempresa,1,1.0101010101010102,98,0,1,0,0,Lanchonetes,99,6,0,3,5,29,21,13,22
SP,7021,SANTA BRANCA,3546009.0,14226.0,99,695.9088991986504,52,52.52525252525253,Microempresa,0,0.0,99,0,0,0,0,Lanchonetes,99,26,0,1,3,27,15,13,14
SP,6225,BERNARDINO DE CAMPOS,3506300.0,11906.0,99,831.5135225936504,47,47.474747474747474,Microempresa,0,0.0,99,0,0,0,0,Lanchonetes,99,21,0,1,7,28,22,15,5
MG,4167,BOTELHOS,3108404.0,15144.0,99,653.7242472266244,40,40.4040404040404,Microempresa,1,1.0101010101010102,98,1,0,0,0,Lanchonetes,99,18,0,1,1,28,13,21,17
SP,6233,BOA ESPERANCA DO SUL,3506706.0,13093.0,99,756.1292293591996,41,41.41414141414141,Microempresa,0,0.0,99,0,0,0,0,Lanchonetes,99,24,0,4,0,43,10,7,11
SP,6171,AREIOPOLIS,3503604.0,10229.0,99,967.8365431615994,42,42.42424242424242,Microempresa,2,2.0202020202020203,97,2,0,0,0,Outros Food Service,99,22,2,2,1,20,33,9,10
MG,4901,NOVA RESENDE,3145109.0,16981.0,99,583.0045344797127,39,39.39393939393939,Microempresa,1,1.0101010101010102,98,1,0,0,0,Lanchonetes,99,14,0,1,3,26,17,18,20
PI,1165,PIRACURUCA,2208304.0,29801.0,99,332.2036173282776,42,42.42424242424242,Microempresa,11,11.11111111111111,88,10,1,0,0,Lanchonetes,99,11,1,0,9,22,12,22,22
PI,1057,CORRENTE,2202901.0,28477.0,99,347.64897987849844,37,37.37373737373738,Microempresa,4,4.040404040404041,95,4,0,0,0,Lanchonetes,99,11,0,4,1,29,15,13,26
MG,4547,GONCALVES,3127404.0,4951.0,99,1999.5960412037973,31,31.313131313131315,Microempresa,2,2.0202020202020203,97,1,1,0,0,Restaurantes,99,13,0,5,8,22,10,4,37
PA,501,OBIDOS,1505106.0,55774.0,99,177.50206189263815,34,34.34343434343434,Microempresa,0,0.0,99,0,0,0,0,Restaurantes,99,12,0,4,4,25,19,6,29
BA,3575,INHAMBUPE,2913705.0,35384.0,99,279.78747456477504,45,45.45454545454545,Microempresa,0,0.0,99,0,0,0,0,Restaurantes,99,11,0,6,5,18,23,12,24
BA,3411,CAMACAN,2905602.0,22239.0,99,445.16390125455285,43,43.43434343434344,Microempresa,1,1.0101010101010102,98,0,1,0,0,Lanchonetes,99,10,0,4,1,26,24,13,21
PB,2159,RIO TINTO,2512903.0,25600.0,99,386.71875,36,36.36363636363637,Microempresa,6,6.0606060606060606,93,2,4,0,0,Lanchonetes,99,7,0,5,1,30,21,17,18
SE,3163,ITAPORANGA D'AJUDA,2803203.0,36272.0,98,270.1808557565064,37,37.755102040816325,Microempresa,1,1.0204081632653061,97,0,1,0,0,Lanchonetes,98,9,0,7,3,34,15,11,19
SP,7171,TAPIRAI,3553500.0,8121.0,98,1206.7479374461273,31,31.63265306122449,Microempresa,3,3.061224489795918,95,3,0,0,0,Lanchonetes,98,10,1,2,3,33,31,2,16
SC,8239,PAPANDUVA,4212205.0,19869.0,98,493.23066082842615,41,41.83673469387755,Microempresa,6,6.122448979591836,92,5,1,0,0,Lanchonetes,98,18,0,0,4,34,14,9,19
PR,7673,MAMBORE,4114005.0,13519.0,98,724.905688290554,39,39.795918367346935,Microempresa,0,0.0,98,0,0,0,0,Lanchonetes,98,25,2,1,2,28,18,13,9
MG,4667,ITAPAGIPE,3133402.0,14024.0,98,698.8020536223617,45,45.91836734693878,Microempresa,0,0.0,98,0,0,0,0,Lanchonetes,98,20,0,11,1,34,20,3,9
GO,9451,MARA ROSA,5212808.0,10797.0,98,907.6595350560341,43,43.87755102040816,Microempresa,4,4.081632653061225,94,2,2,0,0,Lanchonetes,98,22,0,6,1,28,10,9,22
MG,5731,ITAU DE MINAS,3133758.0,14614.0,98,670.5898453537704,37,37.755102040816325,Microempresa,13,13.26530612244898,85,11,2,0,0,Lanchonetes,98,12,0,1,0,29,26,14,16
ES,5633,CONCEICAO DO CASTELO,3201704.0,12475.0,98,785.5711422845692,44,44.89795918367347,Microempresa,2,2.0408163265306123,96,1,1,0,0,Outros Food Service,98,14,0,2,3,22,31,9,17
SP,7123,SARAPUI,3551108.0,10718.0,98,914.3496921067364,49,50.0,Microempresa,0,0.0,98,0,0,0,0,Lanchonetes,98,21,2,0,3,42,11,10,9
SP,6567,ITARIRI,3523305.0,15917.0,98,615.6939121693787,39,39.795918367346935,Microempresa,3,3.061224489795918,95,3,0,0,0,Outros Food Service,98,19,2,0,1,23,40,2,11
BA,3591,IRARA,2914505.0,29630.0,98,330.74586567667905,44,44.89795918367347,Microempresa,0,0.0,98,0,0,0,0,Lanchonetes,98,11,1,4,5,27,26,4,20
PR,7567,GENERAL CARNEIRO,4108502.0,10531.0,98,930.5858892792708,28,28.57142857142857,Microempresa,2,2.0408163265306123,96,2,0,0,0,Restaurantes,98,7,0,1,3,31,15,7,34
RJ,5913,SUMIDOURO,3305703.0,15695.0,98,624.4026760114687,28,28.57142857142857,Microempresa,0,0.0,98,0,0,0,0,Lanchonetes,98,20,0,0,1,30,18,4,25
RJ,2919,APERIBE,3300159.0,11429.0,98,857.4678449558141,43,43.87755102040816,Microempresa,0,0.0,98,0,0,0,0,Lanchonetes,98,17,1,3,8,29,15,8,17
MS,9089,ITAPORA,5004502.0,25732.0,97,376.9625369190113,41,42.2680412371134,Microempresa,1,1.0309278350515463,96,0,1,0,0,Alimentação preparada,97,27,2,4,8,23,13,8,12
RJ,5831,DUAS BARRAS,3301603.0,11356.0,97,854.1740049313138,34,35.051546391752574,Microempresa,0,0.0,97,0,0,0,0,Lanchonetes,97,21,0,4,1,26,17,13,15
MS,9045,BRASILANDIA,5002308.0,11826.0,97,820.2266193133772,43,44.329896907216494,Microempresa,3,3.0927835051546393,94,3,0,0,0,Restaurantes,97,12,1,2,0,27,14,8,33
GO,9249,ARUANA,5202502.0,8623.0,97,1124.898527194712,42,43.29896907216495,Microempresa,0,0.0,97,0,0,0,0,Lanchonetes,97,12,0,8,3,34,14,5,21
AL,2847,PORTO DE PEDRAS,2707404.0,9520.0,97,1018.9075630252102,53,54.63917525773196,Microempresa,9,9.278350515463918,88,9,0,0,0,Restaurantes,97,9,0,6,0,19,8,8,47
MG,4827,MEDINA,3141405.0,20421.0,97,475.00122422995935,40,41.23711340206185,Microempresa,3,3.0927835051546393,94,3,0,0,0,Alimentação preparada,97,22,0,1,3,21,18,13,19
MG,4809,MARTINHO CAMPOS,3140506.0,14626.0,97,663.2025160672774,36,37.11340206185567,Microempresa,7,7.216494845360824,90,6,1,0,0,Lanchonetes,97,16,2,3,3,26,18,12,17
MG,4055,ANDRELANDIA,3102803.0,12157.0,97,797.8942173233528,45,46.391752577319586,Microempresa,0,0.0,97,0,0,0,0,Lanchonetes,97,19,1,2,7,33,12,7,16
AL,2707,ATALAIA,2700409.0,38461.0,96,249.60349444892228,40,41.66666666666667,Microempresa,4,4.166666666666666,92,2,2,0,0,Outros Food Service,96,7,0,3,1,26,29,9,21
RJ,5889,RIO DAS FLORES,3304508.0,9269.0,96,1035.7104326248786,38,39.58333333333333,Microempresa,1,1.0416666666666665,95,1,0,0,0,Outros Food Service,96,13,0,1,0,27,31,5,19
MG,4279,CARMO DA MATA,3114006.0,11302.0,96,849.4071845691028,41,42.70833333333333,Microempresa,1,1.0416666666666665,95,1,0,0,0,Lanchonetes,96,15,0,2,3,33,11,15,17
PR,7979,NOVA SANTA ROSA,4117222.0,8624.0,96,1113.1725417439702,39,40.625,Microempresa,0,0.0,96,0,0,0,0,Outros Food Service,96,19,0,0,3,12,42,10,10
SC,8297,RODEIO,4215109.0,13665.0,96,702.5246981339187,44,45.83333333333333,Microempresa,1,1.0416666666666665,95,1,0,0,0,Lanchonetes,96,12,0,0,5,32,20,13,14
MG,4229,CAMPOS ALTOS,3111507.0,13020.0,96,737.3271889400921,44,45.83333333333333,Microempresa,1,1.0416666666666665,95,0,1,0,0,Lanchonetes,96,21,0,2,2,36,10,6,19
SP,6107,AGUAS DA PRATA,3500402.0,7457.0,96,1287.3809843100441,26,27.083333333333332,Microempresa,2,2.083333333333333,94,2,0,0,0,Lanchonetes,96,8,0,1,0,41,20,7,19
AL,2709,BARRA DE SANTO ANTONIO,2700508.0,16764.0,96,572.6556907659269,40,41.66666666666667,Microempresa,8,8.333333333333332,88,6,2,0,0,Restaurantes,96,12,0,1,1,16,18,8,40
BA,3521,FORMOSA DO RIO PRETO,2911105.0,27700.0,96,346.57039711191334,53,55.208333333333336,Microempresa,5,5.208333333333334,91,3,2,0,0,Restaurantes,96,6,0,3,2,32,6,3,44
ES,5665,MANTENOPOLIS,3203304.0,13090.0,96,733.3842627960275,49,51.041666666666664,Microempresa,2,2.083333333333333,94,2,0,0,0,Lanchonetes,96,10,0,2,3,29,22,11,19
GO,9285,CACU,5204300.0,14062.0,96,682.6909401223154,39,40.625,Microempresa,1,1.0416666666666665,95,0,1,0,0,Lanchonetes,96,10,0,2,1,44,11,6,22
PR,7875,SAO JOAO DO IVAI,4125001.0,10586.0,96,906.8581144908369,44,45.83333333333333,Microempresa,2,2.083333333333333,94,2,0,0,0,Lanchonetes,96,13,0,4,6,37,20,8,8
GO,9263,BARRO ALTO,5203203.0,10967.0,96,875.353332725449,52,54.166666666666664,Microempresa,7,7.291666666666667,89,6,1,0,0,Restaurantes,96,9,0,3,7,24,6,14,33
GO,9287,CAIAPONIA,5204409.0,16602.0,96,578.2435851102277,34,35.41666666666667,Microempresa,2,2.083333333333333,94,2,0,0,0,Lanchonetes,96,7,1,1,1,40,13,7,26
SP,6397,ELDORADO,3514809.0,13062.0,96,734.9563619660082,34,35.41666666666667,Microempresa,5,5.208333333333334,91,3,2,0,0,Lanchonetes,96,25,0,3,3,30,20,2,13
RS,8923,TAPERA,4321006.0,10824.0,96,886.9179600886918,31,32.29166666666667,Microempresa,0,0.0,96,0,0,0,0,Lanchonetes,96,19,0,1,3,29,6,16,22
MG,4555,GRAO MOGOL,3127800.0,13987.0,96,686.3516122113391,37,38.54166666666667,Microempresa,0,0.0,96,0,0,0,0,Restaurantes,96,8,4,5,1,17,20,8,33
SP,7155,TABATINGA,3552700.0,15000.0,96,640.0,40,41.66666666666667,Microempresa,2,2.083333333333333,94,2,0,0,0,Lanchonetes,96,12,0,2,1,38,29,9,5
TO,9621,TOCANTINOPOLIS,1721208.0,23246.0,96,412.9742751441108,48,50.0,Microempresa,3,3.125,93,3,0,0,0,Lanchonetes,96,10,0,1,1,33,16,12,23
RS,5779,ARAMBARE,4300851.0,4215.0,96,2277.5800711743773,44,45.83333333333333,Microempresa,4,4.166666666666666,92,4,0,0,0,Lanchonetes,96,17,1,3,2,32,18,9,14
PR,7509,CLEVELANDIA,4105706.0,14699.0,95,646.302469555752,39,41.05263157894737,Microempresa,1,1.0526315789473684,94,1,0,0,0,Outros Food Service,95,12,0,1,0,23,34,6,19
BA,3637,ITARANTIM,2916807.0,17456.0,95,544.2254812098992,47,49.473684210526315,Microempresa,2,2.1052631578947367,93,2,0,0,0,Outros Food Service,95,5,0,1,5,15,44,6,19
AL,2827,PAO DE ACUCAR,2706406.0,24291.0,95,391.0913507060228,34,35.78947368421053,Microempresa,1,1.0526315789473684,94,1,0,0,0,Lanchonetes,95,9,0,1,2,34,6,10,33
MG,5383,TOMBOS,3169208.0,8609.0,95,1103.4963410384482,36,37.89473684210527,Microempresa,0,0.0,95,0,0,0,0,Lanchonetes,95,17,0,1,2,35,23,6,11
MG,5033,POCO FUNDO,3151701.0,16856.0,95,563.5975320360702,51,53.68421052631579,Microempresa,0,0.0,95,0,0,0,0,Lanchonetes,95,12,0,0,3,40,19,10,11
MG,4973,PEDRA AZUL,3148707.0,25088.0,95,378.6670918367347,39,41.05263157894737,Microempresa,4,4.2105263157894735,91,2,2,0,0,Lanchonetes,95,13,0,5,0,26,23,9,19
AM,243,ITAPIRANGA,1302009.0,11090.0,95,856.6275924256087,67,70.52631578947368,Microempresa,6,6.315789473684211,89,5,1,0,0,Restaurantes,95,10,0,9,3,20,19,2,32
SP,7241,VISTA ALEGRE DO ALTO,3556909.0,8405.0,95,1130.2795954788817,34,35.78947368421053,Microempresa,5,5.263157894736842,90,0,5,0,0,Lanchonetes,95,9,0,6,2,31,23,13,11
RS,8601,CERRO LARGO,4305207.0,14015.0,95,677.8451658936854,45,47.368421052631575,Microempresa,4,4.2105263157894735,91,4,0,0,0,Alimentação preparada,95,32,2,0,3,20,13,11,14
ES,758,BREJETUBA,3201159.0,13800.0,95,688.4057971014493,40,42.10526315789473,Microempresa,1,1.0526315789473684,94,1,0,0,0,Lanchonetes,95,10,0,0,2,34,26,10,13
SC,8195,LONTRAS,4209904.0,14066.0,95,675.3874591212854,39,41.05263157894737,Microempresa,2,2.1052631578947367,93,2,0,0,0,Restaurantes,95,14,0,4,1,14,24,13,25
BA,3771,PALMEIRAS,2923506.0,10962.0,95,866.6301769750046,48,50.526315789473685,Microempresa,3,3.1578947368421053,92,3,0,0,0,Restaurantes,95,11,0,5,1,23,8,10,37
SC,8189,LAURO MULLER,4209607.0,14633.0,95,649.2175220392264,35,36.84210526315789,Microempresa,2,2.1052631578947367,93,2,0,0,0,Lanchonetes,95,9,0,1,0,37,18,12,18
PA,623,ULIANOPOLIS,1508126.0,39153.0,95,242.63785661379714,38,40.0,Microempresa,12,12.631578947368421,83,12,0,0,0,Restaurantes,95,3,0,2,2,28,19,9,32
MA,807,ITAPECURU MIRIM,2105401.0,62260.0,95,152.58592997108897,50,52.63157894736842,Microempresa,8,8.421052631578947,87,4,4,0,0,Restaurantes,95,9,0,2,6,20,15,10,33
ES,768,VILA VALERIO,3205176.0,14289.0,95,664.8470851704109,45,47.368421052631575,Microempresa,1,1.0526315789473684,94,1,0,0,0,Outros Food Service,95,19,0,0,3,22,23,8,20
MG,4995,PERDIZES,3149804.0,18145.0,94,518.049049324883,47,50.0,Microempresa,4,4.25531914893617,90,1,3,0,0,Lanchonetes,94,18,0,5,2,36,19,8,6
RS,9823,BOM PRINCIPIO,4302352.0,13665.0,94,687.8887669227954,22,23.404255319148938,Microempresa,8,8.51063829787234,86,6,2,0,0,Restaurantes,94,14,0,3,1,25,6,16,29
MG,4181,BUENO BRANDAO,3109105.0,11176.0,94,841.0880458124553,34,36.17021276595745,Microempresa,0,0.0,94,0,0,0,0,Lanchonetes,94,12,0,0,1,36,17,11,17
MT,9199,SAO JOSE DO RIO CLARO,5107305.0,14250.0,94,659.6491228070175,44,46.808510638297875,Microempresa,6,6.382978723404255,88,6,0,0,0,Lanchonetes,94,20,1,2,4,32,16,8,11
PR,7647,JATAIZINHO,4112702.0,11992.0,94,783.8559039359573,33,35.1063829787234,Microempresa,0,0.0,94,0,0,0,0,Lanchonetes,94,16,0,1,1,28,19,14,15
SC,8077,CATANDUVAS,4204004.0,11126.0,94,844.8678770447601,39,41.48936170212766,Microempresa,3,3.1914893617021276,91,1,2,0,0,Outros Food Service,94,12,0,2,0,28,30,3,19
PR,7413,ALVORADA DO SUL,4100806.0,10483.0,94,896.6898788514738,37,39.361702127659576,Microempresa,2,2.127659574468085,92,0,2,0,0,Lanchonetes,94,23,0,2,4,35,10,9,11
PA,515,PORTEL,1505809.0,68236.0,94,137.75719561521777,54,57.446808510638306,Microempresa,15,15.957446808510639,79,15,0,0,0,Outros Food Service,94,6,0,3,4,19,32,6,24
RN,1847,SAO MIGUEL,2412500.0,24509.0,94,383.5325798686197,56,59.57446808510638,Microempresa,3,3.1914893617021276,91,1,2,0,0,Lanchonetes,94,15,0,0,3,31,11,12,22
PR,7453,BELA VISTA DO PARAISO,4102802.0,14967.0,94,628.048373087459,40,42.5531914893617,Microempresa,0,0.0,94,0,0,0,0,Lanchonetes,94,15,0,0,4,32,20,10,13
SP,6925,PRESIDENTE BERNARDES,3541208.0,14830.0,93,627.1072151045179,31,33.33333333333333,Microempresa,1,1.0752688172043012,92,1,0,0,0,Lanchonetes,93,16,0,2,1,29,27,12,6
SC,8363,TREZE TILIAS,4218509.0,9749.0,93,953.943994255821,39,41.935483870967744,Microempresa,12,12.903225806451612,81,7,5,0,0,Restaurantes,93,12,0,8,0,23,5,8,37
BA,3663,JEREMOABO,2918100.0,39573.0,93,235.0087180653476,34,36.55913978494624,Microempresa,1,1.0752688172043012,92,0,1,0,0,Restaurantes,93,6,0,1,4,10,21,14,37
MG,4423,DELFINOPOLIS,3121209.0,8938.0,93,1040.5012307003803,53,56.98924731182796,Microempresa,3,3.225806451612903,90,3,0,0,0,Lanchonetes,93,20,2,6,2,27,10,3,23
SP,7059,SANTO ANTONIO DA ALEGRIA,3547908.0,6947.0,93,1338.707355693105,32,34.40860215053764,Microempresa,0,0.0,93,0,0,0,0,Lanchonetes,93,12,0,6,0,33,22,12,8
BA,3835,RIO DE CONTAS,2926707.0,13641.0,93,681.7681988124039,40,43.01075268817204,Microempresa,0,0.0,93,0,0,0,0,Restaurantes,93,15,0,2,6,13,12,10,35
RO,27,CEREJEIRAS,1100056.0,16957.0,93,548.4460694698355,49,52.68817204301075,Microempresa,5,5.376344086021505,88,5,0,0,0,Lanchonetes,93,18,0,2,2,36,5,10,20
SC,8207,MASSARANDUBA,4210605.0,18344.0,93,506.9777583951156,37,39.784946236559136,Microempresa,7,7.526881720430108,86,6,1,0,0,Lanchonetes,93,15,0,2,6,29,6,18,17
GO,9367,GOIANAPOLIS,5208400.0,14956.0,93,621.8240171168761,37,39.784946236559136,Microempresa,0,0.0,93,0,0,0,0,Lanchonetes,93,12,0,4,5,36,13,7,16
MG,4479,ERVALIA,3124005.0,21222.0,93,438.22448402601077,43,46.236559139784944,Microempresa,5,5.376344086021505,88,4,1,0,0,Lanchonetes,93,12,1,2,4,33,19,4,18
SP,7213,UCHOA,3555604.0,10698.0,93,869.3213684800896,27,29.03225806451613,Microempresa,2,2.1505376344086025,91,0,2,0,0,Lanchonetes,93,22,0,3,1,33,6,10,18
PR,7789,PRIMEIRO DE MAIO,4120507.0,10018.0,93,928.3290077859851,33,35.483870967741936,Microempresa,0,0.0,93,0,0,0,0,Lanchonetes,93,18,0,2,0,39,18,9,7
MT,1032,CAMPOS DE JULIO,5102686.0,10281.0,92,894.8545861297539,44,47.82608695652174,Microempresa,4,4.3478260869565215,88,4,0,0,0,Lanchonetes,92,14,0,4,4,26,15,15,14
MG,5285,SAO ROQUE DE MINAS,3164308.0,7397.0,92,1243.74746518859,41,44.565217391304344,Microempresa,0,0.0,92,0,0,0,0,Restaurantes,92,18,0,1,3,25,10,8,27
RS,8891,SAO PEDRO DO SUL,4319406.0,15863.0,92,579.965958519826,41,44.565217391304344,Microempresa,1,1.0869565217391304,91,1,0,0,0,Lanchonetes,92,19,0,3,6,22,18,10,14
BA,3341,ARACI,2902104.0,50282.0,92,182.96806014080585,45,48.91304347826087,Microempresa,1,1.0869565217391304,91,1,0,0,0,Outros Food Service,92,7,0,2,2,20,28,9,24
BA,3477,CORACAO DE MARIA,2908903.0,28544.0,92,322.30941704035877,39,42.391304347826086,Microempresa,2,2.1739130434782608,90,2,0,0,0,Lanchonetes,92,16,1,4,5,21,17,8,20
BA,3531,GOVERNADOR MANGABEIRA,2911600.0,21387.0,92,430.16785897975404,33,35.869565217391305,Microempresa,4,4.3478260869565215,88,4,0,0,0,Lanchonetes,92,14,0,3,6,24,23,8,14
AC,651,EPITACIOLANDIA,1200252.0,19997.0,92,460.0690103515527,55,59.78260869565217,Microempresa,3,3.260869565217391,89,3,0,0,0,Restaurantes,92,9,0,2,2,25,7,6,41
TO,9685,AUGUSTINOPOLIS,1702554.0,18341.0,92,501.60841829780276,43,46.73913043478261,Microempresa,0,0.0,92,0,0,0,0,Restaurantes,92,11,0,1,5,21,20,9,25
RJ,5817,CAMBUCI,3300902.0,15060.0,92,610.8897742363878,32,34.78260869565217,Microempresa,0,0.0,92,0,0,0,0,Alimentação preparada,92,36,0,2,1,17,21,3,12
SP,6939,QUELUZ,3541901.0,9009.0,92,1021.2010212010211,28,30.434782608695656,Microempresa,2,2.1739130434782608,90,0,2,0,0,Lanchonetes,92,12,0,1,1,28,24,7,19
MG,4249,CAPIM BRANCO,3112505.0,11316.0,92,813.0081300813009,44,47.82608695652174,Microempresa,1,1.0869565217391304,91,1,0,0,0,Restaurantes,92,15,0,1,3,19,18,14,22
MG,4341,CONCEICAO DA APARECIDA,3117108.0,10740.0,92,856.6108007448789,33,35.869565217391305,Microempresa,0,0.0,92,0,0,0,0,Outros Food Service,92,9,0,0,3,25,33,11,11
MG,4937,PAPAGAIOS,3146909.0,14197.0,92,648.0242304712262,36,39.130434782608695,Microempresa,4,4.3478260869565215,88,1,3,0,0,Restaurantes,92,18,1,2,1,15,19,11,25
SC,8075,CAPINZAL,4203907.0,24647.0,92,373.27058059804443,26,28.26086956521739,Microempresa,9,9.782608695652174,83,9,0,0,0,Lanchonetes,92,10,0,2,1,31,9,16,23
PR,7801,QUITANDINHA,4121208.0,18963.0,92,485.15530243104996,42,45.65217391304348,Microempresa,0,0.0,92,0,0,0,0,Outros Food Service,92,8,0,1,0,18,31,14,20
SC,8227,NOVA VENEZA,4211603.0,14042.0,92,655.1773251673551,49,53.2608695652174,Microempresa,17,18.478260869565215,75,10,7,0,0,Lanchonetes,92,9,0,9,2,29,9,9,25
PR,7911,TAPEJARA,4126801.0,16404.0,91,554.7427456717874,43,47.25274725274725,Microempresa,6,6.593406593406594,85,5,1,0,0,Lanchonetes,91,14,0,3,4,27,16,16,11
RJ,5891,SANTA MARIA MADALENA,3304607.0,10580.0,91,860.1134215500945,30,32.967032967032964,Microempresa,0,0.0,91,0,0,0,0,Restaurantes,91,21,0,6,0,17,16,5,26
MG,4239,CANDEIAS,3112000.0,14188.0,91,641.3870876797293,38,41.75824175824176,Microempresa,2,2.197802197802198,89,2,0,0,0,Padarias e confeitaria,91,14,0,1,4,21,8,30,13
CE,1441,JAGUARUANA,2307007.0,33159.0,91,274.4352966012244,29,31.868131868131865,Microempresa,2,2.197802197802198,89,0,2,0,0,Restaurantes,91,11,0,3,6,19,15,9,28
PR,7757,PEABIRU,4118808.0,13476.0,91,675.2745621846245,35,38.46153846153847,Microempresa,3,3.296703296703297,88,3,0,0,0,Lanchonetes,91,14,0,0,2,34,12,11,18
ES,5613,ATILIO VIVACQUA,3200706.0,11078.0,91,821.4479147860625,37,40.65934065934066,Microempresa,1,1.098901098901099,90,1,0,0,0,Lanchonetes,91,13,0,0,3,26,21,4,24
CE,1535,RERIUTABA,2311702.0,19043.0,91,477.86588247650053,24,26.373626373626376,Microempresa,0,0.0,91,0,0,0,0,Restaurantes,91,17,0,0,4,17,10,5,38
CE,9857,VARJOTA,2313955.0,18754.0,91,485.2298176389037,41,45.05494505494506,Microempresa,1,1.098901098901099,90,1,0,0,0,Lanchonetes,91,8,0,1,8,26,18,6,24
RJ,776,MACUCO,3302452.0,5603.0,91,1624.1299303944315,33,36.26373626373626,Microempresa,0,0.0,91,0,0,0,0,Lanchonetes,91,22,0,1,3,31,17,2,15
SP,6235,BOCAINA,3506805.0,11492.0,91,791.8552036199095,40,43.956043956043956,Microempresa,2,2.197802197802198,89,1,1,0,0,Lanchonetes,91,19,0,7,1,23,14,14,13
SC,8237,PALMITOS,4212106.0,15750.0,91,577.7777777777777,41,45.05494505494506,Microempresa,8,8.791208791208792,83,7,1,0,0,Restaurantes,91,12,0,2,2,21,17,15,22
MG,4797,MARIA DA FE,3139904.0,14577.0,91,624.2711120257941,36,39.56043956043956,Microempresa,1,1.098901098901099,90,1,0,0,0,Lanchonetes,91,11,0,2,1,27,12,18,20
MG,4497,EUGENOPOLIS,3124906.0,11116.0,90,809.6437567470314,38,42.22222222222222,Microempresa,2,2.2222222222222223,88,0,2,0,0,Lanchonetes,90,13,0,3,1,27,22,6,18
MG,4561,GUAPE,3128105.0,14079.0,90,639.249946729171,41,45.55555555555556,Microempresa,0,0.0,90,0,0,0,0,Lanchonetes,90,8,0,2,2,30,18,11,19
SE,3251,UMBAUBA,2807600.0,24693.0,90,364.47576236180294,36,40.0,Microempresa,3,3.3333333333333335,87,2,1,0,0,Restaurantes,90,19,0,0,1,15,13,20,22
MG,4795,MAR DE ESPANHA,3139805.0,13238.0,90,679.8610061942892,32,35.55555555555556,Microempresa,0,0.0,90,0,0,0,0,Lanchonetes,90,10,0,0,0,27,14,12,27
SP,6167,AREALVA,3503406.0,8299.0,90,1084.4680081937581,35,38.88888888888889,Microempresa,0,0.0,90,0,0,0,0,Lanchonetes,90,14,0,0,1,40,14,12,9
MA,891,ROSARIO,2109601.0,39759.0,90,226.3638421489474,48,53.333333333333336,Microempresa,1,1.1111111111111112,89,1,0,0,0,Restaurantes,90,10,0,1,5,23,20,6,25
SC,8289,RIO DOS CEDROS,4214706.0,11247.0,90,800.2133902373967,33,36.666666666666664,Microempresa,3,3.3333333333333335,87,1,2,0,0,Lanchonetes,90,14,0,4,1,27,11,17,16
SP,6673,MANDURI,3528601.0,10148.0,90,886.8742609381159,28,31.11111111111111,Microempresa,0,0.0,90,0,0,0,0,Outros Food Service,90,9,0,2,1,27,30,9,12
MG,4355,CONCEICAO DOS OUROS,3117801.0,11250.0,90,800.0,48,53.333333333333336,Microempresa,2,2.2222222222222223,88,0,2,0,0,Lanchonetes,90,9,0,2,3,37,14,17,8
PR,5499,CANDOI,4104428.0,15173.0,90,593.1589006788374,31,34.44444444444444,Microempresa,0,0.0,90,0,0,0,0,Lanchonetes,90,6,0,7,0,43,15,6,13
MA,769,COROATA,2103604.0,61324.0,90,146.76146370099798,43,47.77777777777778,Microempresa,14,15.555555555555555,76,14,0,0,0,Outros Food Service,90,12,0,4,4,17,22,16,15
SC,8153,IRANI,4207809.0,10622.0,90,847.2980606288835,29,32.22222222222222,Microempresa,3,3.3333333333333335,87,2,1,0,0,Lanchonetes,90,6,1,0,4,38,10,11,20
PR,7501,CERRO AZUL,4105201.0,15681.0,90,573.9429883298259,46,51.11111111111111,Microempresa,4,4.444444444444445,86,4,0,0,0,Lanchonetes,90,4,0,2,3,39,14,8,20
RS,8975,SALTO DO JACUI,4316451.0,10357.0,90,868.9775031379743,31,34.44444444444444,Microempresa,3,3.3333333333333335,87,2,1,0,0,Lanchonetes,90,15,0,0,0,25,15,14,21
MG,4089,ARINOS,3104502.0,17574.0,90,512.1201775349949,50,55.55555555555556,Microempresa,3,3.3333333333333335,87,1,2,0,0,Lanchonetes,90,6,0,5,2,36,21,2,18
MG,4273,CARLOS CHAGAS,3113701.0,18717.0,90,480.8462894694662,37,41.11111111111111,Microempresa,5,5.555555555555555,85,4,1,0,0,Lanchonetes,90,13,0,3,1,29,20,9,15
BA,3845,RUY BARBOSA,2927200.0,29575.0,90,304.3110735418428,34,37.77777777777778,Microempresa,1,1.1111111111111112,89,0,1,0,0,Lanchonetes,90,16,0,1,7,25,16,5,20
RS,8931,TENENTE PORTELA,4321402.0,14820.0,90,607.2874493927126,27,30.0,Microempresa,1,1.1111111111111112,89,1,0,0,0,Lanchonetes,90,13,1,3,0,25,18,12,18
MG,4023,AIURUOCA,3101201.0,6397.0,90,1406.9094888228858,33,36.666666666666664,Microempresa,0,0.0,90,0,0,0,0,Restaurantes,90,11,0,2,1,27,17,4,28
MG,5113,RIO PIRACICABA,3155702.0,15069.0,89,590.616497445086,31,34.831460674157306,Microempresa,1,1.1235955056179776,88,1,0,0,0,Lanchonetes,89,14,0,1,1,25,14,11,23
CE,1533,REDENCAO,2311603.0,28405.0,89,313.3251188171097,45,50.56179775280899,Microempresa,0,0.0,89,0,0,0,0,Lanchonetes,89,5,1,2,7,30,14,3,27
SP,6973,RIFAINA,3543600.0,4198.0,89,2120.057170080991,33,37.07865168539326,Microempresa,0,0.0,89,0,0,0,0,Lanchonetes,89,15,0,2,3,25,16,3,25
PA,629,NOVO REPARTIMENTO,1505064.0,63836.0,89,139.41976314305407,47,52.80898876404494,Microempresa,5,5.617977528089887,84,5,0,0,0,Restaurantes,89,9,0,0,4,22,12,9,33
GO,9235,ARAGOIANIA,5201801.0,13053.0,89,681.8355933501878,40,44.9438202247191,Microempresa,4,4.49438202247191,85,2,2,0,0,Lanchonetes,89,8,0,2,1,31,21,8,18
SP,6287,CAJOBI,3509304.0,9191.0,89,968.3385921009683,28,31.46067415730337,Microempresa,0,0.0,89,0,0,0,0,Lanchonetes,89,9,0,2,3,44,10,9,12
PR,7547,ENGENHEIRO BELTRAO,4107504.0,12258.0,89,726.0564529286996,23,25.842696629213485,Microempresa,2,2.247191011235955,87,2,0,0,0,Lanchonetes,89,15,0,4,2,36,7,12,13
MG,4953,PASSA TEMPO,3147709.0,8735.0,89,1018.8895248998282,32,35.95505617977528,Microempresa,3,3.3707865168539324,86,3,0,0,0,Alimentação preparada,89,34,0,1,2,23,9,7,13
PR,7605,IPORA,4110607.0,16149.0,89,551.1177162672611,35,39.325842696629216,Microempresa,3,3.3707865168539324,86,2,1,0,0,Lanchonetes,89,17,0,6,10,27,11,8,10
PR,5497,VENTANIA,4128534.0,9742.0,89,913.5701088072265,44,49.43820224719101,Microempresa,0,0.0,89,0,0,0,0,Lanchonetes,89,8,0,1,1,38,9,8,24
PR,7507,CIDADE GAUCHA,4105607.0,11730.0,88,750.2131287297527,33,37.5,Microempresa,3,3.4090909090909087,85,0,3,0,0,Lanchonetes,88,17,0,5,3,30,9,16,8
PR,9969,SANTA TEREZA DO OESTE,4124020.0,14113.0,88,623.5385814497272,39,44.31818181818182,Microempresa,3,3.4090909090909087,85,3,0,0,0,Lanchonetes,88,14,0,0,2,28,13,8,23
SP,6197,BANANAL,3504909.0,10089.0,88,872.237089899891,35,39.77272727272727,Microempresa,0,0.0,88,0,0,0,0,Lanchonetes,88,9,0,0,8,30,25,1,15
MG,4235,CANAPOLIS,3111804.0,10678.0,88,824.1243678591496,32,36.36363636363637,Microempresa,4,4.545454545454546,84,3,1,0,0,Lanchonetes,88,11,1,0,3,30,13,5,25
BA,3881,SAO FELIPE,2929107.0,20927.0,88,420.5093897835332,38,43.18181818181818,Microempresa,0,0.0,88,0,0,0,0,Alimentação preparada,88,21,0,2,2,21,19,16,7
PR,7409,ALTO PARANA,4100608.0,14198.0,88,619.8056064234399,23,26.136363636363637,Microempresa,3,3.4090909090909087,85,3,0,0,0,Lanchonetes,88,8,1,1,2,40,18,9,9
BA,3891,SAPEACU,2929602.0,18699.0,88,470.61340178619173,35,39.77272727272727,Microempresa,3,3.4090909090909087,85,3,0,0,0,Outros Food Service,88,9,2,0,2,17,24,15,19
RO,681,CANDEIAS DO JAMARI,1100809.0,24454.0,88,359.85932771734684,43,48.86363636363637,Microempresa,6,6.8181818181818175,82,6,0,0,0,Restaurantes,88,12,2,1,2,18,18,6,29
SP,6803,PALMARES PAULISTA,3535101.0,9627.0,88,914.095772307053,26,29.545454545454547,Microempresa,0,0.0,88,0,0,0,0,Lanchonetes,88,13,0,1,0,42,16,10,6
MT,9109,VILA BELA DA SANTISSIMA TRINDADE,5105507.0,17798.0,88,494.4375772558714,51,57.95454545454546,Microempresa,0,0.0,88,0,0,0,0,Lanchonetes,88,13,2,0,4,24,12,9,24
PR,7459,BOCAIUVA DO SUL,4103107.0,13541.0,88,649.8781478472786,38,43.18181818181818,Microempresa,2,2.272727272727273,86,2,0,0,0,Lanchonetes,88,11,0,0,3,38,14,8,14
AL,2771,JAPARATINGA,2703601.0,9462.0,88,930.0359332065102,42,47.72727272727273,Microempresa,3,3.4090909090909087,85,3,0,0,0,Restaurantes,88,4,0,1,0,23,7,1,52
SP,6439,GENERAL SALGADO,3516903.0,10426.0,88,844.0437368118166,34,38.63636363636363,Microempresa,0,0.0,88,0,0,0,0,Lanchonetes,88,14,0,0,1,35,11,10,17
MS,9745,SANTA RITA DO PARDO,5007554.0,7156.0,88,1229.7372833985467,42,47.72727272727273,Microempresa,4,4.545454545454546,84,4,0,0,0,Lanchonetes,88,9,5,8,6,24,17,5,14
PR,7695,MARMELEIRO,4115408.0,16728.0,88,526.0640841702534,38,43.18181818181818,Microempresa,3,3.4090909090909087,85,3,0,0,0,Lanchonetes,88,9,0,0,6,28,17,8,20
SP,6705,MIRANTE DO PARANAPANEMA,3530201.0,15997.0,88,550.1031443395638,40,45.45454545454545,Microempresa,2,2.272727272727273,86,0,2,0,0,Lanchonetes,88,14,1,7,0,33,18,7,8
SP,6393,DUMONT,3514601.0,9804.0,87,887.3929008567932,34,39.08045977011494,Microempresa,1,1.1494252873563218,86,1,0,0,0,Outros Food Service,87,9,1,4,0,15,30,14,14
PB,1905,ALAGOA GRANDE,2500304.0,26544.0,87,327.75768535262205,44,50.57471264367817,Microempresa,3,3.4482758620689653,84,1,2,0,0,Lanchonetes,87,16,2,2,2,30,8,9,18
RS,8545,BOM JESUS,4302303.0,11429.0,87,761.2214541954677,35,40.229885057471265,Microempresa,1,1.1494252873563218,86,1,0,0,0,Lanchonetes,87,14,1,1,0,25,25,5,16
AL,2719,BOCA DA MATA,2701001.0,21465.0,87,405.31097134870714,43,49.42528735632184,Microempresa,0,0.0,87,0,0,0,0,Lanchonetes,87,18,0,0,5,31,10,10,13
MS,9175,DEODAPOLIS,5003454.0,14419.0,87,603.3705527429087,33,37.93103448275862,Microempresa,0,0.0,87,0,0,0,0,Lanchonetes,87,11,1,0,4,28,14,9,20
PA,407,ALENQUER,1500404.0,76889.0,87,113.15012550559898,34,39.08045977011494,Microempresa,1,1.1494252873563218,86,1,0,0,0,Restaurantes,87,10,2,0,1,20,21,3,30
SP,6697,MINEIROS DO TIETE,3529807.0,11297.0,87,770.1159599893776,31,35.63218390804598,Microempresa,0,0.0,87,0,0,0,0,Lanchonetes,87,18,3,0,0,37,10,5,14
GO,9471,MONTES CLAROS DE GOIAS,5213707.0,9074.0,87,958.7833370068328,36,41.37931034482759,Microempresa,3,3.4482758620689653,84,0,3,0,0,Lanchonetes,87,6,0,1,4,45,4,9,18
PR,7489,CAPITAO LEONIDAS MARQUES,4104600.0,14754.0,87,589.6705978039853,40,45.97701149425287,Microempresa,3,3.4482758620689653,84,3,0,0,0,Lanchonetes,87,10,0,1,1,37,9,9,20
SP,6959,RIBEIRAO BONITO,3542909.0,11006.0,87,790.477921133927,32,36.7816091954023,Microempresa,2,2.2988505747126435,85,0,2,0,0,Lanchonetes,87,9,0,3,4,32,20,8,11
PR,7969,PEROLA,4118907.0,12493.0,87,696.3899783878973,42,48.275862068965516,Microempresa,0,0.0,87,0,0,0,0,Lanchonetes,87,9,2,1,4,22,18,16,15
PB,2227,SUME,2516300.0,17936.0,87,485.0579839429081,26,29.88505747126437,Microempresa,1,1.1494252873563218,86,1,0,0,0,Restaurantes,87,12,2,0,0,24,17,7,25
TO,9463,MIRANORTE,1713304.0,13090.0,86,656.9900687547746,41,47.674418604651166,Microempresa,2,2.3255813953488373,84,1,1,0,0,Lanchonetes,86,8,0,1,0,33,16,6,22
GO,9597,SAO JOAO D'ALIANCA,5220009.0,15290.0,86,562.4591236102027,39,45.348837209302324,Microempresa,3,3.488372093023256,83,3,0,0,0,Lanchonetes,86,9,5,5,4,32,10,7,14
BA,3537,IACU,2911907.0,25299.0,86,339.93438475829083,36,41.86046511627907,Microempresa,0,0.0,86,0,0,0,0,Outros Food Service,86,8,0,5,2,14,32,11,14
PE,2401,CUSTODIA,2605103.0,39797.0,86,216.09669070532956,39,45.348837209302324,Microempresa,4,4.651162790697675,82,3,1,0,0,Lanchonetes,86,8,0,1,2,27,16,8,24
PB,2003,CUITE,2505105.0,20210.0,86,425.53191489361706,41,47.674418604651166,Microempresa,0,0.0,86,0,0,0,0,Lanchonetes,86,7,0,1,0,28,20,4,26
MG,5071,PRUDENTE DE MORAIS,3153608.0,12157.0,86,707.4113679361685,37,43.02325581395349,Microempresa,2,2.3255813953488373,84,1,1,0,0,Lanchonetes,86,15,0,3,4,24,8,15,17
PR,7941,URAI,4128401.0,10242.0,86,839.6797500488186,31,36.04651162790697,Microempresa,0,0.0,86,0,0,0,0,Lanchonetes,86,14,2,2,1,36,18,6,7
SP,6195,BALSAMO,3504800.0,9946.0,86,864.669213754273,27,31.3953488372093,Microempresa,1,1.1627906976744187,85,1,0,0,0,Lanchonetes,86,14,0,4,1,23,18,6,20
PA,399,URUARA,1508159.0,45984.0,86,187.02157272094644,57,66.27906976744185,Microempresa,6,6.976744186046512,80,6,0,0,0,Restaurantes,86,5,0,5,4,24,17,5,26
MG,5305,SAO VICENTE DE MINAS,3165305.0,6922.0,86,1242.4154868535104,31,36.04651162790697,Microempresa,0,0.0,86,0,0,0,0,Lanchonetes,86,18,0,0,0,25,21,10,12
MG,5307,SAPUCAI-MIRIM,3165404.0,6477.0,86,1327.775204570017,39,45.348837209302324,Microempresa,0,0.0,86,0,0,0,0,Lanchonetes,86,12,0,0,6,31,15,3,19
RS,8795,PIRATINI,4314605.0,17770.0,86,483.96173325830057,28,32.55813953488372,Microempresa,4,4.651162790697675,82,3,1,0,0,Lanchonetes,86,12,0,2,2,20,13,19,18
MS,9079,GLORIA DE DOURADOS,5004007.0,10856.0,86,792.1886514369934,32,37.2093023255814,Microempresa,1,1.1627906976744187,85,1,0,0,0,Lanchonetes,86,3,0,1,3,38,13,10,18
PA,403,ACARA,1500206.0,63503.0,86,135.42667275561786,45,52.32558139534884,Microempresa,8,9.30232558139535,78,7,1,0,0,Restaurantes,86,8,0,2,2,14,16,6,38
PA,495,MONTE ALEGRE,1504802.0,64350.0,86,133.64413364413363,22,25.581395348837212,Microempresa,2,2.3255813953488373,84,2,0,0,0,Restaurantes,86,6,0,1,2,19,18,9,31
PR,7807,REBOUCAS,4121505.0,14846.0,86,579.280614306884,38,44.18604651162791,Microempresa,0,0.0,86,0,0,0,0,Lanchonetes,86,6,0,1,0,42,21,6,10
RS,7329,TRES CACHOEIRAS,4321667.0,11224.0,85,757.3057733428368,24,28.235294117647058,Microempresa,2,2.3529411764705883,83,2,0,0,0,Lanchonetes,85,15,0,0,3,24,20,10,13
PR,7649,JOAQUIM TAVORA,4112801.0,12415.0,85,684.655658477648,38,44.70588235294118,Microempresa,1,1.1764705882352942,84,1,0,0,0,Outros Food Service,85,13,1,3,0,20,25,9,14
PI,1003,AGUA BRANCA,2200202.0,18269.0,85,465.2690349772839,50,58.82352941176471,Microempresa,2,2.3529411764705883,83,2,0,0,0,Lanchonetes,85,9,0,0,0,31,15,6,24
AM,261,MAUES,1302900.0,67021.0,85,126.82592023395651,35,41.17647058823529,Microempresa,0,0.0,85,0,0,0,0,Restaurantes,85,11,0,0,11,12,13,10,28
PA,493,MOJU,1504703.0,92688.0,85,91.70550664595201,42,49.411764705882355,Microempresa,3,3.5294117647058822,82,1,2,0,0,Restaurantes,85,2,0,6,0,18,22,5,32
RS,8787,PEDRO OSORIO,4314209.0,7631.0,85,1113.8776045079283,27,31.76470588235294,Microempresa,0,0.0,85,0,0,0,0,Outros Food Service,85,9,0,0,0,24,32,11,9
RO,33,ALTA FLORESTA D'OESTE,1100015.0,22724.0,85,374.0538637563809,48,56.470588235294116,Microempresa,5,5.88235294117647,80,5,0,0,0,Lanchonetes,85,13,0,2,1,26,19,12,12
PB,2039,ITABAIANA,2506905.0,23498.0,85,361.73291343944163,30,35.294117647058826,Microempresa,0,0.0,85,0,0,0,0,Outros Food Service,85,10,2,0,1,22,25,7,18
BA,3459,COARACI,2908002.0,17460.0,85,486.8270332187858,38,44.70588235294118,Microempresa,0,0.0,85,0,0,0,0,Outros Food Service,85,12,1,1,1,24,25,6,15
MG,5229,SAO GERALDO,3161502.0,10531.0,84,797.6450479536607,31,36.904761904761905,Microempresa,1,1.1904761904761905,83,1,0,0,0,Lanchonetes,84,10,0,0,7,22,16,14,15
RS,8677,GETULIO VARGAS,4308904.0,16956.0,84,495.3998584571833,23,27.380952380952383,Microempresa,2,2.380952380952381,82,0,2,0,0,Restaurantes,84,15,0,2,0,13,15,8,31
MG,4513,FELIXLANDIA,3125705.0,14281.0,84,588.1941040543379,30,35.714285714285715,Microempresa,0,0.0,84,0,0,0,0,Lanchonetes,84,14,1,0,2,33,6,8,20
BA,3023,PRESIDENTE TANCREDO NEVES,2925758.0,29622.0,84,283.57302005266354,34,40.476190476190474,Microempresa,1,1.1904761904761905,83,0,1,0,0,Outros Food Service,84,7,2,1,1,17,29,14,13
MG,5067,PRESIDENTE OLEGARIO,3153400.0,19205.0,84,437.3860973704765,37,44.047619047619044,Microempresa,2,2.380952380952381,82,1,1,0,0,Lanchonetes,84,8,0,2,5,35,7,11,16
PE,2383,CATENDE,2604205.0,32909.0,84,255.24932389315993,41,48.80952380952381,Microempresa,2,2.380952380952381,82,2,0,0,0,Lanchonetes,84,8,0,0,1,27,22,16,10
MG,5031,PLANURA,3151602.0,11579.0,84,725.451247948873,45,53.57142857142857,Microempresa,0,0.0,84,0,0,0,0,Lanchonetes,84,12,0,1,2,22,14,16,17
MG,5019,PIRANGUINHO,3151008.0,9581.0,84,876.7352050934139,33,39.285714285714285,Microempresa,5,5.952380952380952,79,5,0,0,0,Lanchonetes,84,11,0,0,0,29,11,6,27
RR,34,PACARAIMA,1400456.0,24132.0,84,348.08552958727,47,55.952380952380956,Microempresa,4,4.761904761904762,80,2,2,0,0,Restaurantes,84,6,3,4,0,26,10,3,32
RS,8547,BOM RETIRO DO SUL,4302402.0,12587.0,84,667.355207754032,25,29.761904761904763,Microempresa,6,7.142857142857142,78,1,5,0,0,Lanchonetes,84,6,0,12,0,29,14,11,12
CE,1531,QUIXERE,2311504.0,21707.0,84,386.9719445340213,43,51.19047619047619,Microempresa,1,1.1904761904761905,83,1,0,0,0,Lanchonetes,84,7,0,2,4,27,11,7,26
AP,613,LARANJAL DO JARI,1600279.0,37781.0,84,222.33397739604564,41,48.80952380952381,Microempresa,16,19.047619047619047,68,14,2,0,0,Restaurantes,84,6,1,5,2,17,15,11,27
CE,1305,ACOPIARA,2300309.0,45673.0,84,183.9160992271145,33,39.285714285714285,Microempresa,1,1.1904761904761905,83,1,0,0,0,Lanchonetes,84,9,0,0,3,22,19,12,19
MT,9789,CLAUDIA,5103056.0,9168.0,84,916.2303664921466,29,34.523809523809526,Microempresa,0,0.0,84,0,0,0,0,Lanchonetes,84,16,0,2,2,26,15,6,17
ES,5639,DORES DO RIO PRETO,3202009.0,6919.0,83,1199.595317242376,36,43.373493975903614,Microempresa,2,2.4096385542168677,81,2,0,0,0,Lanchonetes,83,5,1,3,3,31,13,6,21
PR,7455,BITURUNA,4102901.0,15615.0,83,531.54018571886,28,33.734939759036145,Microempresa,0,0.0,83,0,0,0,0,Lanchonetes,83,4,0,4,4,30,19,9,13
GO,9293,CAMPINORTE,5204706.0,13084.0,83,634.3625802506879,48,57.831325301204814,Microempresa,2,2.4096385542168677,81,1,1,0,0,Restaurantes,83,13,0,0,1,16,13,5,35
MG,2903,ARAPORA,3103751.0,9196.0,83,902.5663331883427,28,33.734939759036145,Microempresa,4,4.819277108433735,79,2,2,0,0,Lanchonetes,83,6,0,2,4,32,7,13,19
MT,9909,TERRA NOVA DO NORTE,5108055.0,10541.0,83,787.4015748031496,37,44.57831325301205,Microempresa,1,1.2048192771084338,82,1,0,0,0,Lanchonetes,83,19,0,2,0,30,3,8,21
MT,9007,ALTO GARCAS,5100409.0,14201.0,83,584.465882684318,30,36.144578313253014,Microempresa,6,7.228915662650602,77,5,1,0,0,Lanchonetes,83,11,0,2,5,27,10,8,20
RS,8571,CAMBARA DO SUL,4303608.0,6490.0,83,1278.8906009244993,34,40.963855421686745,Microempresa,3,3.614457831325301,80,3,0,0,0,Lanchonetes,83,4,0,0,2,30,15,8,24
MG,4783,MALACACHETA,3139201.0,17635.0,83,470.6549475474908,28,33.734939759036145,Microempresa,2,2.4096385542168677,81,0,2,0,0,Outros Food Service,83,18,0,5,1,18,26,8,7
MT,9885,PARANAITA,5106299.0,12167.0,83,682.1730911481877,35,42.168674698795186,Microempresa,3,3.614457831325301,80,3,0,0,0,Lanchonetes,83,19,0,1,1,37,6,7,12
PR,7741,PARAISO DO NORTE,4118006.0,13819.0,83,600.6223315724726,33,39.75903614457831,Microempresa,5,6.024096385542169,78,5,0,0,0,Lanchonetes,83,14,0,5,4,25,20,3,12
SP,7203,TUPI PAULISTA,3555109.0,16307.0,83,508.98387195682835,20,24.096385542168676,Microempresa,0,0.0,83,0,0,0,0,Lanchonetes,83,11,1,0,2,29,24,7,9
CE,1471,MOMBACA,2308500.0,38264.0,83,216.91407066694543,37,44.57831325301205,Microempresa,0,0.0,83,0,0,0,0,Restaurantes,83,5,0,4,5,22,14,3,30
BA,3943,UBAITABA,2932200.0,17797.0,83,466.37073664100694,38,45.78313253012048,Microempresa,0,0.0,83,0,0,0,0,Lanchonetes,83,16,0,0,6,22,12,9,18
GO,9635,URUANA,5221700.0,13843.0,83,599.5810156757929,39,46.98795180722892,Microempresa,1,1.2048192771084338,82,1,0,0,0,Lanchonetes,83,7,0,11,1,30,23,3,8
SP,6799,PACAEMBU,3534906.0,15322.0,83,541.7047382848192,29,34.93975903614458,Microempresa,0,0.0,83,0,0,0,0,Lanchonetes,83,12,1,1,2,31,19,2,15
RO,23,COLORADO DO OESTE,1100064.0,16432.0,83,505.11197663096397,48,57.831325301204814,Microempresa,3,3.614457831325301,80,3,0,0,0,Lanchonetes,83,15,1,3,0,21,18,15,10
SC,8335,SAO LUDGERO,4217006.0,14667.0,83,565.8962296311447,40,48.19277108433735,Microempresa,6,7.228915662650602,77,6,0,0,0,Lanchonetes,83,10,0,1,5,30,8,12,17
PE,2343,BOM JARDIM,2602209.0,39300.0,83,211.19592875318065,46,55.42168674698795,Microempresa,2,2.4096385542168677,81,2,0,0,0,Restaurantes,83,9,0,3,4,11,17,6,33
PE,2399,CUPIRA,2605004.0,24382.0,83,340.41506029037816,32,38.55421686746988,Microempresa,0,0.0,83,0,0,0,0,Lanchonetes,83,4,1,1,5,25,18,10,19
SP,6343,COLOMBIA,3512100.0,6822.0,83,1216.6520082087366,35,42.168674698795186,Microempresa,1,1.2048192771084338,82,0,1,0,0,Lanchonetes,83,22,0,4,2,29,13,3,10
BA,3455,CICERO DANTAS,2907806.0,32314.0,83,256.85461409915206,29,34.93975903614458,Microempresa,1,1.2048192771084338,82,1,0,0,0,Lanchonetes,83,7,0,4,4,24,19,9,16
MG,5369,TEIXEIRAS,3168507.0,12745.0,83,651.2357787367596,23,27.710843373493976,Microempresa,0,0.0,83,0,0,0,0,Alimentação preparada,83,21,0,3,6,20,14,9,10
MG,4045,ALVINOPOLIS,3102308.0,15355.0,82,534.028003907522,35,42.68292682926829,Microempresa,0,0.0,82,0,0,0,0,Lanchonetes,82,15,0,2,1,21,19,8,16
GO,9305,CAVALCANTE,5205307.0,9739.0,82,841.9755621727077,28,34.146341463414636,Microempresa,1,1.2195121951219512,81,0,1,0,0,Restaurantes,82,1,0,2,8,23,14,10,24
RN,428,TIBAU,2411056.0,5816.0,82,1409.9037138927097,38,46.34146341463415,Microempresa,0,0.0,82,0,0,0,0,Restaurantes,82,3,1,3,0,21,14,5,35
MG,5083,RESENDE COSTA,3154200.0,11567.0,82,708.9132878015043,21,25.609756097560975,Microempresa,0,0.0,82,0,0,0,0,Lanchonetes,82,9,0,0,0,31,13,5,24
RO,8,CUJUBIM,1100940.0,15872.0,82,516.633064516129,45,54.87804878048781,Microempresa,1,1.2195121951219512,81,1,0,0,0,Lanchonetes,82,4,2,1,0,38,13,4,20
PB,2041,ITAPORANGA,2507002.0,24842.0,82,330.0861444328154,26,31.70731707317073,Microempresa,0,0.0,82,0,0,0,0,Lanchonetes,82,7,3,2,2,26,9,11,22
BA,3765,OLIVEIRA DOS BREJINHOS,2923209.0,21315.0,82,384.70560638048323,21,25.609756097560975,Microempresa,0,0.0,82,0,0,0,0,Restaurantes,82,10,0,1,5,21,12,5,28
PB,2129,PICUI,2511400.0,18888.0,82,434.1380770859805,34,41.46341463414634,Microempresa,3,3.6585365853658534,79,2,1,0,0,Restaurantes,82,12,0,4,0,19,11,8,28
CE,1511,PEDRA BRANCA,2310506.0,42198.0,82,194.32200578226457,34,41.46341463414634,Microempresa,0,0.0,82,0,0,0,0,Lanchonetes,82,9,5,0,3,27,11,8,19
MT,1042,NOVA UBIRATA,5106240.0,9929.0,82,825.8636317856782,47,57.3170731707317,Microempresa,3,3.6585365853658534,79,3,0,0,0,Restaurantes,82,19,1,2,2,14,6,6,32
MG,4143,BOCAINA DE MINAS,3107208.0,5551.0,82,1477.211313276887,29,35.36585365853659,Microempresa,4,4.878048780487805,78,4,0,0,0,Restaurantes,82,5,0,0,5,22,8,5,37
MT,9189,JUSCIMEIRA,5105200.0,11728.0,82,699.181446111869,37,45.1219512195122,Microempresa,9,10.975609756097562,73,9,0,0,0,Alimentação preparada,82,21,0,2,1,20,15,6,17
RS,8621,CRUZEIRO DO SUL,4306205.0,12574.0,82,652.1393351359949,34,41.46341463414634,Microempresa,2,2.4390243902439024,80,2,0,0,0,Lanchonetes,82,15,0,1,3,26,14,14,9
CE,1323,ARACOIABA,2301208.0,26806.0,82,305.9016638066105,40,48.78048780487805,Microempresa,0,0.0,82,0,0,0,0,Restaurantes,82,8,0,7,1,22,5,8,31
CE,1235,BARREIRA,2301950.0,23591.0,82,347.59018269679115,24,29.268292682926827,Microempresa,0,0.0,82,0,0,0,0,Lanchonetes,82,12,1,1,2,24,16,7,19
SP,7019,AGUAS DE SANTA BARBARA,3500550.0,7508.0,82,1092.1683537559936,30,36.58536585365854,Microempresa,1,1.2195121951219512,81,0,1,0,0,Lanchonetes,82,5,0,1,1,30,17,5,23
SP,7217,URANIA,3555802.0,8973.0,82,913.8526691184665,30,36.58536585365854,Microempresa,1,1.2195121951219512,81,1,0,0,0,Lanchonetes,82,13,0,3,3,25,8,9,21
MG,5153,SANTA JULIANA,3157708.0,17058.0,81,474.8505100246218,43,53.086419753086425,Microempresa,5,6.172839506172839,76,4,1,0,0,Lanchonetes,81,13,1,1,2,30,14,7,13
PI,1045,CANTO DO BURITI,2202307.0,19613.0,81,412.99138326620096,38,46.913580246913575,Microempresa,1,1.2345679012345678,80,1,0,0,0,Restaurantes,81,12,0,3,3,15,19,5,24
PA,445,CAPITAO POCO,1502301.0,60663.0,81,133.52455368181592,23,28.39506172839506,Microempresa,2,2.4691358024691357,79,2,0,0,0,Restaurantes,81,7,0,1,2,23,13,7,28
MT,9889,NOVA CANAA DO NORTE,5106216.0,11697.0,81,692.4852526288792,38,46.913580246913575,Microempresa,0,0.0,81,0,0,0,0,Lanchonetes,81,12,0,0,3,40,8,3,15
CE,1463,MAURITI,2308104.0,47592.0,81,170.19667170953102,31,38.2716049382716,Microempresa,2,2.4691358024691357,79,2,0,0,0,Restaurantes,81,9,0,2,2,17,9,10,32
MG,5253,SAO JOAO DO PARAISO,3162708.0,24802.0,81,326.5865655995484,30,37.03703703703704,Microempresa,0,0.0,81,0,0,0,0,Outros Food Service,81,13,0,1,0,25,29,3,10
PA,539,SANTO ANTONIO DO TAUA,1507003.0,29330.0,81,276.1677463348108,46,56.79012345679012,Microempresa,6,7.4074074074074066,75,5,1,0,0,Outros Food Service,81,11,1,6,2,14,27,6,14
SE,3171,LARANJEIRAS,2803609.0,23932.0,81,338.4589670733746,32,39.50617283950617,Microempresa,2,2.4691358024691357,79,0,2,0,0,Lanchonetes,81,8,0,7,0,19,16,12,19
PE,2569,SAO JOSE DO BELMONTE,2613503.0,37017.0,81,218.8183807439825,33,40.74074074074074,Microempresa,3,3.7037037037037033,78,3,0,0,0,Restaurantes,81,6,1,1,8,15,21,7,22
SP,6997,SALES,3544806.0,6675.0,81,1213.4831460674156,25,30.864197530864196,Microempresa,0,0.0,81,0,0,0,0,Lanchonetes,81,14,0,0,0,35,11,6,15
PE,2355,BUIQUE,2602803.0,53545.0,81,151.274628816883,38,46.913580246913575,Microempresa,0,0.0,81,0,0,0,0,Restaurantes,81,5,1,0,7,22,14,4,28
BA,3543,IBICOARA,2912202.0,21952.0,81,368.9868804664723,28,34.5679012345679,Microempresa,1,1.2345679012345678,80,1,0,0,0,Restaurantes,81,2,0,3,3,24,9,6,34
MG,5235,SAO GONCALO DO PARA,3161809.0,12353.0,81,655.7111632801749,43,53.086419753086425,Microempresa,2,2.4691358024691357,79,2,0,0,0,Lanchonetes,81,17,0,1,0,30,5,8,20
PR,7671,MALLET,4113908.0,13698.0,81,591.3272010512484,24,29.629629629629626,Microempresa,1,1.2345679012345678,80,0,1,0,0,Lanchonetes,81,11,0,1,0,30,13,14,12
MG,4551,GOUVEIA,3127602.0,11524.0,81,702.8809441166262,35,43.20987654320987,Microempresa,0,0.0,81,0,0,0,0,Lanchonetes,81,13,2,2,5,20,14,12,13
PA,597,RUROPOLIS,1506195.0,37042.0,81,218.67069812645107,46,56.79012345679012,Microempresa,2,2.4691358024691357,79,2,0,0,0,Restaurantes,81,2,4,0,0,16,19,5,35
SP,6851,PEREIRAS,3537503.0,9052.0,81,894.8298718515246,29,35.80246913580247,Microempresa,2,2.4691358024691357,79,2,0,0,0,Lanchonetes,81,16,2,0,0,24,19,7,13
BA,3617,ITAMBE,2915809.0,24912.0,81,325.1445086705202,40,49.382716049382715,Microempresa,0,0.0,81,0,0,0,0,Lanchonetes,81,8,1,1,3,28,24,3,13
SP,6395,ECHAPORA,3514700.0,6288.0,81,1288.1679389312978,23,28.39506172839506,Microempresa,0,0.0,81,0,0,0,0,Lanchonetes,81,13,0,3,0,36,11,8,10
MG,4925,PADRE PARAISO,3146305.0,17394.0,80,459.92871104978724,33,41.25,Microempresa,5,6.25,75,5,0,0,0,Lanchonetes,80,3,0,0,3,30,10,9,25
PB,2169,SANTA LUZIA,2513406.0,15447.0,80,517.8999158412637,28,35.0,Microempresa,2,2.5,78,0,2,0,0,Lanchonetes,80,12,0,4,2,28,7,3,24
MG,5021,PIRAPETINGA,3151107.0,11498.0,80,695.7731779439903,27,33.75,Microempresa,2,2.5,78,1,1,0,0,Lanchonetes,80,17,0,3,2,26,12,6,14
BA,3817,QUEIMADAS,2925808.0,27490.0,80,291.01491451436885,24,30.0,Microempresa,4,5.0,76,2,2,0,0,Restaurantes,80,6,0,0,1,19,20,5,29
SC,8369,TURVO,4218806.0,13713.0,80,583.3880259607672,27,33.75,Microempresa,0,0.0,80,0,0,0,0,Lanchonetes,80,10,1,1,4,26,7,9,22
SP,6975,RINCAO,3543709.0,9061.0,80,882.9047566493765,28,35.0,Microempresa,2,2.5,78,2,0,0,0,Outros Food Service,80,17,0,0,3,22,23,1,14
BA,3463,CONCEICAO DA FEIRA,2908200.0,21556.0,80,371.12636852848397,42,52.5,Microempresa,1,1.25,79,0,1,0,0,Alimentação preparada,80,24,0,2,3,9,19,12,11
SC,8329,SAO JOSE DO CEDRO,4216701.0,14597.0,80,548.0578201000205,29,36.25,Microempresa,9,11.25,71,8,1,0,0,Restaurantes,80,8,0,1,0,20,12,13,26
MG,4193,CACHOEIRA DE MINAS,3109709.0,12353.0,80,647.615963733506,28,35.0,Microempresa,1,1.25,79,1,0,0,0,Lanchonetes,80,12,0,5,2,25,14,10,12
PA,635,TRAIRAO,1508050.0,15484.0,80,516.6623611469904,35,43.75,Microempresa,2,2.5,78,2,0,0,0,Restaurantes,80,4,1,0,0,17,8,5,45
BA,3749,MUTUIPE,2922409.0,20569.0,80,388.93480480334483,28,35.0,Microempresa,0,0.0,80,0,0,0,0,Lanchonetes,80,11,2,5,3,23,16,6,14
AC,153,SENADOR GUIOMARD,1200450.0,22447.0,80,356.39506392836455,40,50.0,Microempresa,6,7.5,74,5,1,0,0,Lanchonetes,80,16,1,4,0,25,12,1,21
BA,3283,ITATIM,2916856.0,16526.0,80,484.08568316592033,40,50.0,Microempresa,0,0.0,80,0,0,0,0,Restaurantes,80,8,0,2,1,17,11,8,33
SC,8091,CUNHA PORA,4204707.0,11276.0,80,709.471443774388,38,47.5,Microempresa,8,10.0,72,7,1,0,0,Lanchonetes,80,13,0,1,2,24,16,7,17
PR,7737,PALMITAL,4117800.0,12766.0,80,626.6645777847408,26,32.5,Microempresa,0,0.0,80,0,0,0,0,Lanchonetes,80,5,1,1,2,34,17,2,18
AM,207,AUTAZES,1300300.0,46641.0,80,171.52290902853713,46,57.49999999999999,Microempresa,5,6.25,75,5,0,0,0,Restaurantes,80,3,0,2,4,25,13,6,27
ES,764,SAO ROQUE DO CANAA,3204955.0,11222.0,80,712.8854036713598,37,46.25,Microempresa,8,10.0,72,8,0,0,0,Lanchonetes,80,9,0,1,2,20,19,10,19
MS,9159,TERENOS,5008008.0,18223.0,80,439.00565219777206,33,41.25,Microempresa,2,2.5,78,2,0,0,0,Lanchonetes,80,13,1,2,4,24,13,2,21
PA,531,SANTA MARIA DO PARA,1506609.0,25930.0,79,304.66640956421134,43,54.43037974683544,Microempresa,8,10.126582278481013,71,8,0,0,0,Restaurantes,79,8,0,2,4,18,12,4,31
PR,7899,SAPOPEMA,4126207.0,6775.0,79,1166.0516605166051,33,41.77215189873418,Microempresa,1,1.2658227848101267,78,1,0,0,0,Lanchonetes,79,24,0,1,1,27,9,6,11
GO,9357,FIRMINOPOLIS,5207808.0,10185.0,79,775.6504663721158,28,35.44303797468354,Microempresa,2,2.5316455696202533,77,2,0,0,0,Lanchonetes,79,11,0,0,2,31,10,8,17
MG,4077,ARAUJOS,3103900.0,9708.0,79,813.7618459002883,27,34.177215189873415,Microempresa,2,2.5316455696202533,77,2,0,0,0,Lanchonetes,79,9,0,1,1,29,16,12,11
MT,9741,RIBEIRAO CASCALHEIRA,5107180.0,10650.0,79,741.7840375586854,43,54.43037974683544,Microempresa,10,12.658227848101266,69,9,1,0,0,Lanchonetes,79,5,3,3,1,37,12,1,17
SC,8001,ABELARDO LUZ,4200101.0,17797.0,79,443.89503848963307,34,43.037974683544306,Microempresa,1,1.2658227848101267,78,1,0,0,0,Lanchonetes,79,9,0,1,2,22,18,10,17
RJ,2917,VARRE-SAI,3306156.0,10565.0,79,747.7520113582584,31,39.24050632911392,Microempresa,2,2.5316455696202533,77,2,0,0,0,Alimentação preparada,79,28,0,0,6,10,14,5,16
SP,6985,RIOLANDIA,3544202.0,10436.0,79,756.9950172479878,36,45.56962025316456,Microempresa,0,0.0,79,0,0,0,0,Lanchonetes,79,15,0,0,3,37,5,8,11
PB,2083,MARI,2509107.0,22212.0,79,355.6636052584189,38,48.10126582278481,Microempresa,0,0.0,79,0,0,0,0,Lanchonetes,79,11,0,1,2,25,18,6,16
SE,3115,BOQUIM,2800670.0,24978.0,79,316.27832492593484,29,36.708860759493675,Microempresa,2,2.5316455696202533,77,2,0,0,0,Padarias e confeitaria,79,11,0,4,6,19,8,21,10
PR,7449,BARRACAO,4102604.0,9904.0,79,797.6575121163166,22,27.848101265822784,Microempresa,0,0.0,79,0,0,0,0,Lanchonetes,79,5,0,0,3,27,9,11,24
RO,41,NOVA BRASILANDIA D'OESTE,1100148.0,16251.0,79,486.1239308350256,39,49.36708860759494,Microempresa,0,0.0,79,0,0,0,0,Lanchonetes,79,17,0,2,0,23,11,11,15
MG,5111,RIO PARDO DE MINAS,3155603.0,29083.0,79,271.63635113296425,18,22.78481012658228,Microempresa,2,2.5316455696202533,77,2,0,0,0,Lanchonetes,79,9,1,4,0,28,16,4,17
MG,4905,NOVO CRUZEIRO,3145307.0,27094.0,79,291.5774710267956,28,35.44303797468354,Microempresa,3,3.79746835443038,76,0,3,0,0,Restaurantes,79,12,0,3,4,16,13,13,18
SP,6459,GUARACI,3517901.0,10566.0,79,747.6812417187205,35,44.303797468354425,Microempresa,2,2.5316455696202533,77,0,2,0,0,Lanchonetes,79,23,0,2,3,30,10,6,5
SC,8043,BENEDITO NOVO,4202206.0,10755.0,79,734.5420734542073,36,45.56962025316456,Microempresa,6,7.59493670886076,73,4,2,0,0,Lanchonetes,79,18,1,2,2,30,8,11,7
MT,1038,GAUCHA DO NORTE,5103858.0,9610.0,79,822.0603537981269,42,53.16455696202531,Microempresa,5,6.329113924050633,74,2,3,0,0,Lanchonetes,79,7,0,1,5,27,10,5,24
BA,3017,OUROLANDIA,2923357.0,20236.0,78,385.45167029057126,30,38.46153846153847,Microempresa,1,1.282051282051282,77,1,0,0,0,Lanchonetes,78,8,1,5,0,20,18,8,18
PA,40,ANAPU,1500859.0,36304.0,78,214.8523578669017,47,60.256410256410255,Microempresa,3,3.8461538461538463,75,3,0,0,0,Restaurantes,78,4,1,2,2,22,8,6,33
SP,7195,TORRINHA,3554706.0,9484.0,78,822.4377899620413,29,37.17948717948718,Microempresa,2,2.564102564102564,76,2,0,0,0,Outros Food Service,78,9,1,1,1,20,25,6,15
MT,111,NOVA MARINGA,5108907.0,5636.0,78,1383.9602555003548,50,64.1025641025641,Microempresa,3,3.8461538461538463,75,3,0,0,0,Alimentação preparada,78,24,0,11,1,20,6,8,8
MG,574,BRASILANDIA DE MINAS,3108552.0,15535.0,78,502.092050209205,49,62.82051282051282,Microempresa,3,3.8461538461538463,75,1,2,0,0,Lanchonetes,78,8,1,2,0,44,4,7,12
MG,4459,DORES DE CAMPOS,3123007.0,10401.0,78,749.9278915488895,25,32.05128205128205,Microempresa,0,0.0,78,0,0,0,0,Lanchonetes,78,20,0,0,5,26,14,7,6
CE,1403,GUARAMIRANGA,2305100.0,5833.0,78,1337.2192696725529,39,50.0,Microempresa,4,5.128205128205128,74,4,0,0,0,Restaurantes,78,4,2,0,3,17,9,8,35
MT,9899,MARCELANDIA,5105580.0,11298.0,78,690.3876792352629,34,43.58974358974359,Microempresa,4,5.128205128205128,74,4,0,0,0,Lanchonetes,78,21,1,4,0,29,6,4,13
SP,6759,NOVA EUROPA,3532900.0,9460.0,78,824.524312896406,39,50.0,Microempresa,2,2.564102564102564,76,1,1,0,0,Lanchonetes,78,17,0,4,1,24,10,8,14
PE,2525,POMBOS,2611309.0,29261.0,78,266.5664194661836,24,30.76923076923077,Microempresa,1,1.282051282051282,77,0,1,0,0,Restaurantes,78,13,0,2,2,16,13,14,18
MG,4277,CARMO DA CACHOEIRA,3113909.0,11758.0,78,663.378125531553,36,46.15384615384615,Microempresa,0,0.0,78,0,0,0,0,Lanchonetes,78,9,0,1,1,34,6,10,17
GO,9317,CORUMBA DE GOIAS,5205802.0,10733.0,78,726.7306438088139,21,26.923076923076923,Microempresa,0,0.0,78,0,0,0,0,Lanchonetes,78,6,0,0,5,36,9,3,19
MS,9085,IGUATEMI,5004304.0,13906.0,78,560.9089601610815,31,39.743589743589745,Microempresa,2,2.564102564102564,76,2,0,0,0,Lanchonetes,78,17,0,0,1,38,6,8,8
PE,2341,BOM CONSELHO,2602100.0,46212.0,78,168.7873279667619,34,43.58974358974359,Microempresa,2,2.564102564102564,76,1,1,0,0,Lanchonetes,78,5,0,3,1,24,15,6,24
RN,1729,LAGOA NOVA,2406502.0,16274.0,78,479.29212240383436,28,35.8974358974359,Microempresa,0,0.0,78,0,0,0,0,Restaurantes,78,10,0,0,2,17,19,7,23
BA,3367,BELMONTE,2903409.0,20490.0,78,380.6734992679356,31,39.743589743589745,Microempresa,1,1.282051282051282,77,0,1,0,0,Restaurantes,78,8,0,2,4,14,20,5,25
MG,4421,DELFIM MOREIRA,3121100.0,8137.0,78,958.5842448076687,30,38.46153846153847,Microempresa,1,1.282051282051282,77,1,0,0,0,Lanchonetes,78,14,0,0,4,27,9,4,20
SP,6499,IEPE,3519907.0,7739.0,78,1007.8821553172244,39,50.0,Microempresa,2,2.564102564102564,76,1,1,0,0,Lanchonetes,78,15,0,1,0,25,20,5,12
SP,6527,IPUA,3521309.0,14711.0,77,523.4178505879954,26,33.76623376623377,Microempresa,4,5.194805194805195,73,2,2,0,0,Lanchonetes,77,14,0,2,1,24,20,10,6
SP,2939,SANTO ANTONIO DO ARACANGUA,3548054.0,8616.0,77,893.686165273909,36,46.75324675324675,Microempresa,1,1.2987012987012987,76,0,1,0,0,Lanchonetes,77,8,0,0,3,26,17,3,20
SC,8033,ASCURRA,4201703.0,8804.0,77,874.602453430259,35,45.45454545454545,Microempresa,4,5.194805194805195,73,3,1,0,0,Lanchonetes,77,8,0,2,5,27,14,8,13
ES,5653,ITAGUACU,3202702.0,14004.0,77,549.842902027992,23,29.87012987012987,Microempresa,1,1.2987012987012987,76,1,0,0,0,Lanchonetes,77,8,0,0,1,30,19,8,11
SC,8071,CANELINHA,4203709.0,13819.0,77,557.203849772053,35,45.45454545454545,Microempresa,0,0.0,77,0,0,0,0,Lanchonetes,77,12,0,2,1,36,4,6,16
RS,8859,SANTO AUGUSTO,4317806.0,14196.0,77,542.4063116370809,36,46.75324675324675,Microempresa,4,5.194805194805195,73,4,0,0,0,Lanchonetes,77,14,0,5,4,20,10,10,14
SP,6421,FLORIDA PAULISTA,3516002.0,13179.0,77,584.2628424007892,37,48.05194805194805,Microempresa,0,0.0,77,0,0,0,0,Lanchonetes,77,6,1,0,1,26,26,6,11
PR,7993,TUPASSI,4127957.0,8213.0,77,937.5380494338244,28,36.36363636363637,Microempresa,1,1.2987012987012987,76,1,0,0,0,Lanchonetes,77,20,0,0,8,25,7,6,11
MG,4291,CARRANCAS,3114600.0,4168.0,77,1847.408829174664,37,48.05194805194805,Microempresa,0,0.0,77,0,0,0,0,Lanchonetes,77,9,0,0,1,26,11,4,26
TO,9213,ALVORADA,1700707.0,9161.0,77,840.5195939307936,27,35.064935064935064,Microempresa,2,2.5974025974025974,75,2,0,0,0,Restaurantes,77,4,3,1,2,15,9,7,36
MG,5107,RIO NOVO,3155405.0,8678.0,77,887.3012214796037,38,49.35064935064935,Microempresa,2,2.5974025974025974,75,0,2,0,0,Lanchonetes,77,8,2,0,1,37,14,5,10
MG,4859,MONTE BELO,3143005.0,13353.0,76,569.1604882797873,23,30.263157894736842,Microempresa,1,1.3157894736842104,75,1,0,0,0,Lanchonetes,76,13,0,0,3,33,15,6,6
PR,7957,CEU AZUL,4105300.0,11258.0,76,675.0755018653402,31,40.78947368421053,Microempresa,4,5.263157894736842,72,4,0,0,0,Lanchonetes,76,12,0,1,2,33,6,7,15
SP,6381,DOBRADA,3514007.0,9011.0,76,843.413605593164,28,36.84210526315789,Microempresa,1,1.3157894736842104,75,1,0,0,0,Lanchonetes,76,16,0,0,4,26,14,5,11
PE,2479,MACAPARANA,2609006.0,24658.0,76,308.21640035688216,28,36.84210526315789,Microempresa,0,0.0,76,0,0,0,0,Outros Food Service,76,13,0,1,1,14,29,13,5
RJ,5905,SAO SEBASTIAO DO ALTO,3305307.0,7990.0,76,951.188986232791,31,40.78947368421053,Microempresa,0,0.0,76,0,0,0,0,Lanchonetes,76,7,0,2,0,22,9,18,18
PE,2391,CONDADO,2604601.0,25446.0,76,298.6716969268254,31,40.78947368421053,Microempresa,1,1.3157894736842104,75,1,0,0,0,Lanchonetes,76,8,0,1,3,21,13,17,13
BA,3433,CANDIDO SALES,2906709.0,26472.0,76,287.0957993351466,33,43.42105263157895,Microempresa,0,0.0,76,0,0,0,0,Outros Food Service,76,17,0,1,3,13,21,8,13
PE,2599,TAQUARITINGA DO NORTE,2615003.0,25523.0,76,297.7706382478549,40,52.63157894736842,Microempresa,1,1.3157894736842104,75,1,0,0,0,Restaurantes,76,6,0,0,3,20,10,11,26
SC,8155,IRINEOPOLIS,4207908.0,10416.0,76,729.6466973886329,27,35.526315789473685,Microempresa,2,2.631578947368421,74,2,0,0,0,Lanchonetes,76,18,0,2,1,30,8,5,12
AL,2813,OLHO D'AGUA DAS FLORES,2705705.0,21137.0,76,359.5590670388419,25,32.89473684210527,Microempresa,5,6.578947368421052,71,5,0,0,0,Lanchonetes,76,10,0,4,3,20,13,7,19
AL,2801,MATRIZ DE CAMARAGIBE,2705101.0,24331.0,76,312.35871932925073,25,32.89473684210527,Microempresa,5,6.578947368421052,71,5,0,0,0,Lanchonetes,76,7,0,2,0,24,15,13,15
SP,6497,ICEM,3519808.0,7992.0,76,950.950950950951,36,47.368421052631575,Microempresa,2,2.631578947368421,74,2,0,0,0,Lanchonetes,76,10,0,1,0,21,20,5,19
PR,7837,SALTO DO LONTRA,4123006.0,15800.0,76,481.01265822784814,30,39.473684210526315,Microempresa,1,1.3157894736842104,75,1,0,0,0,Lanchonetes,76,11,0,0,4,25,10,2,24
MT,1036,FELIZ NATAL,5103700.0,10482.0,76,725.0524709024995,48,63.1578947368421,Microempresa,3,3.9473684210526314,73,3,0,0,0,Lanchonetes,76,15,0,2,2,23,20,5,9
MG,5053,PRADOS,3152709.0,9409.0,76,807.737272823892,29,38.15789473684211,Microempresa,0,0.0,76,0,0,0,0,Lanchonetes,76,3,0,0,3,31,5,12,22
BA,3437,CARAVELAS,2906907.0,21719.0,76,349.92402965145726,29,38.15789473684211,Microempresa,0,0.0,76,0,0,0,0,Restaurantes,76,14,0,3,1,10,7,8,33
PR,7743,PARANACITY,4118105.0,9506.0,76,799.4950557542604,15,19.736842105263158,Microempresa,2,2.631578947368421,74,0,2,0,0,Lanchonetes,76,13,0,3,0,33,15,7,5
SP,6641,LINDOIA,3527009.0,7167.0,76,1060.4157946142038,31,40.78947368421053,Microempresa,4,5.263157894736842,72,4,0,0,0,Restaurantes,76,15,0,2,2,20,7,6,24
CE,1345,BELA CRUZ,2302305.0,34776.0,76,218.54152288934895,34,44.73684210526316,Microempresa,0,0.0,76,0,0,0,0,Lanchonetes,76,6,0,0,5,24,11,10,20
MT,95,PONTAL DO ARAGUAIA,5106653.0,7580.0,76,1002.6385224274406,37,48.68421052631579,Microempresa,4,5.263157894736842,72,1,3,0,0,Alimentação preparada,76,22,0,2,1,18,18,3,12
SC,8257,PIRATUBA,4213104.0,6233.0,76,1219.3165409914968,31,40.78947368421053,Microempresa,5,6.578947368421052,71,5,0,0,0,Lanchonetes,76,8,0,0,2,29,5,8,24
PR,7641,JAPURA,4112405.0,9430.0,76,805.9384941675504,32,42.10526315789473,Microempresa,0,0.0,76,0,0,0,0,Outros Food Service,76,6,0,0,0,24,34,7,5
MT,9921,JURUENA,5105176.0,9965.0,76,762.6693426994481,51,67.10526315789474,Microempresa,6,7.894736842105263,70,6,0,0,0,Lanchonetes,76,8,0,1,2,36,11,5,13
SP,6441,GETULINA,3517000.0,10321.0,76,736.3627555469432,22,28.947368421052634,Microempresa,0,0.0,76,0,0,0,0,Lanchonetes,76,18,0,1,1,20,12,8,16
MT,9911,ALTO TAQUARI,5100607.0,12136.0,76,626.2359920896506,34,44.73684210526316,Microempresa,1,1.3157894736842104,75,0,1,0,0,Lanchonetes,76,9,0,1,2,24,18,4,18
SP,7117,SAO SEBASTIAO DA GRAMA,3550803.0,10378.0,76,732.3183657737522,20,26.31578947368421,Microempresa,1,1.3157894736842104,75,1,0,0,0,Lanchonetes,76,10,1,1,1,42,10,0,11
SP,6753,NHANDEARA,3532603.0,9888.0,76,768.6084142394822,28,36.84210526315789,Microempresa,2,2.631578947368421,74,2,0,0,0,Lanchonetes,76,10,0,0,1,24,10,15,16
PR,7853,SANTA MARIANA,4123907.0,10856.0,76,700.0736919675755,30,39.473684210526315,Microempresa,1,1.3157894736842104,75,1,0,0,0,Lanchonetes,76,18,0,0,3,20,20,8,7
PE,2613,TRIUNFO,2615706.0,15141.0,76,501.94835215639654,33,43.42105263157895,Microempresa,3,3.9473684210526314,73,3,0,0,0,Lanchonetes,76,14,0,2,4,19,8,11,18
MG,584,CATAS ALTAS,3115359.0,5741.0,75,1306.392614527086,29,38.666666666666664,Microempresa,1,1.3333333333333335,74,0,1,0,0,Restaurantes,75,13,0,1,2,15,15,13,16
SP,7235,VERA CRUZ,3556602.0,10256.0,75,731.2792511700468,29,38.666666666666664,Microempresa,0,0.0,75,0,0,0,0,Lanchonetes,75,7,0,0,1,31,18,3,15
MG,4157,BOM REPOUSO,3107901.0,13434.0,75,558.2849486377847,38,50.66666666666667,Microempresa,0,0.0,75,0,0,0,0,Lanchonetes,75,7,0,1,1,36,9,11,10
SP,2999,CAMPINA DO MONTE ALEGRE,3509452.0,6101.0,75,1229.306671037535,39,52.0,Microempresa,0,0.0,75,0,0,0,0,Lanchonetes,75,13,1,0,0,22,19,4,16
MA,887,RIACHAO,2109502.0,22776.0,75,329.2939936775553,44,58.666666666666664,Microempresa,3,4.0,72,1,2,0,0,Restaurantes,75,4,0,2,0,25,10,3,31
MT,1184,IPIRANGA DO NORTE,5104526.0,8904.0,75,842.3180592991913,36,48.0,Microempresa,3,4.0,72,3,0,0,0,Lanchonetes,75,17,0,0,3,24,12,8,11
SP,7129,SERRA AZUL,3551405.0,13153.0,75,570.2121189082338,35,46.666666666666664,Microempresa,0,0.0,75,0,0,0,0,Outros Food Service,75,8,0,0,3,15,22,9,18
PA,369,SANTA BARBARA DO PARA,1506351.0,22764.0,75,329.4675803900896,45,60.0,Microempresa,5,6.666666666666667,70,5,0,0,0,Outros Food Service,75,2,0,1,2,9,30,6,25
ES,5657,ITARANA,3202900.0,10997.0,75,682.0041829589887,34,45.33333333333333,Microempresa,1,1.3333333333333335,74,1,0,0,0,Lanchonetes,75,15,0,2,3,18,12,9,16
ES,1114,GOVERNADOR LINDENBERG,3202256.0,11501.0,75,652.117207199374,39,52.0,Microempresa,0,0.0,75,0,0,0,0,Lanchonetes,75,17,0,0,1,25,9,11,12
GO,9775,BONFINOPOLIS,5203559.0,11218.0,75,668.5683722588697,28,37.333333333333336,Microempresa,3,4.0,72,0,3,0,0,Lanchonetes,75,11,0,4,4,27,15,6,8
SP,6977,RINOPOLIS,3543808.0,9314.0,75,805.2394245222246,34,45.33333333333333,Microempresa,0,0.0,75,0,0,0,0,Lanchonetes,75,8,1,0,0,26,13,6,21
PB,2139,PITIMBU,2511905.0,17168.0,75,436.85927306616964,39,52.0,Microempresa,7,9.333333333333334,68,4,3,0,0,Restaurantes,75,3,0,3,0,18,10,6,35
PI,288,CAJUEIRO DA PRAIA,2202083.0,8284.0,75,905.3597295992274,35,46.666666666666664,Microempresa,4,5.333333333333334,71,2,2,0,0,Restaurantes,75,5,0,3,0,18,3,5,41
PE,2537,RIO FORMOSO,2611903.0,20322.0,75,369.0581635665781,24,32.0,Microempresa,3,4.0,72,2,1,0,0,Lanchonetes,75,7,0,0,0,25,18,1,24
ES,2933,SAO DOMINGOS DO NORTE,3204658.0,9089.0,74,814.1709759049401,34,45.94594594594595,Microempresa,7,9.45945945945946,67,7,0,0,0,Lanchonetes,74,9,0,9,0,24,16,9,7
CE,1555,SENADOR POMPEU,2312700.0,25076.0,74,295.1028872228425,24,32.432432432432435,Microempresa,0,0.0,74,0,0,0,0,Restaurantes,74,9,0,1,6,19,12,4,23
GO,9541,PIRANHAS,5217203.0,11965.0,74,618.4705390722942,34,45.94594594594595,Microempresa,4,5.405405405405405,70,4,0,0,0,Lanchonetes,74,8,0,2,5,21,14,3,21
AM,283,SAO GABRIEL DA CACHOEIRA,1303809.0,58359.0,74,126.80135026302713,27,36.486486486486484,Microempresa,4,5.405405405405405,70,3,1,0,0,Lanchonetes,74,6,0,1,2,28,13,2,22
PA,475,JACUNDA,1503804.0,37086.0,74,199.5362131262471,37,50.0,Microempresa,3,4.054054054054054,71,2,1,0,0,Lanchonetes,74,8,0,0,3,21,18,6,18
MT,9895,PORTO ALEGRE DO NORTE,5106778.0,12774.0,74,579.301706591514,36,48.64864864864865,Microempresa,4,5.405405405405405,70,3,1,0,0,Restaurantes,74,5,1,3,3,18,6,6,32
SP,6801,PALESTINA,3535002.0,11717.0,74,631.5609797729794,37,50.0,Microempresa,3,4.054054054054054,71,0,3,0,0,Alimentação preparada,74,19,0,4,3,18,10,11,9
RR,307,BONFIM,1400159.0,15922.0,74,464.76573294812215,34,45.94594594594595,Microempresa,3,4.054054054054054,71,2,1,0,0,Lanchonetes,74,4,0,0,2,27,15,3,23
PR,8465,DOURADINA,4107256.0,9737.0,74,759.9876758755264,30,40.54054054054054,Microempresa,2,2.7027027027027026,72,2,0,0,0,Lanchonetes,74,4,0,2,8,29,14,6,11
PB,1939,BELEM,2501906.0,16682.0,74,443.59189545618034,32,43.24324324324324,Microempresa,1,1.3513513513513513,73,0,1,0,0,Lanchonetes,74,13,1,1,2,21,14,8,14
BA,3801,PLANALTO,2925006.0,24018.0,74,308.1022566408527,28,37.83783783783784,Microempresa,1,1.3513513513513513,73,1,0,0,0,Restaurantes,74,4,0,1,4,17,17,8,23
MS,9029,BANDEIRANTES,5001508.0,8406.0,74,880.3235783963836,36,48.64864864864865,Microempresa,3,4.054054054054054,71,3,0,0,0,Alimentação preparada,74,18,0,6,6,18,14,2,10
MS,9039,BATAYPORA,5002001.0,10935.0,74,676.7261088248742,29,39.189189189189186,Microempresa,5,6.756756756756757,69,4,1,0,0,Lanchonetes,74,12,0,2,1,22,12,5,20
ES,5717,AGUA DOCE DO NORTE,3200169.0,12610.0,74,586.8358445678033,38,51.35135135135135,Microempresa,2,2.7027027027027026,72,2,0,0,0,Lanchonetes,74,8,0,0,0,24,15,9,18
PR,7643,JARDIM ALEGRE,4112504.0,12118.0,74,610.6618253837266,20,27.027027027027028,Microempresa,0,0.0,74,0,0,0,0,Lanchonetes,74,14,0,0,1,38,8,2,11
SC,8049,BOM RETIRO,4202602.0,8378.0,74,883.265695870136,36,48.64864864864865,Microempresa,6,8.108108108108109,68,4,2,0,0,Lanchonetes,74,9,0,4,1,23,9,10,18
ES,6011,IBITIRAMA,3202553.0,10119.0,74,731.2975590473367,28,37.83783783783784,Microempresa,0,0.0,74,0,0,0,0,Lanchonetes,74,10,0,1,0,31,8,3,21
MG,702,SANTA CRUZ DE MINAS,3157336.0,8357.0,73,873.5192054565035,36,49.31506849315068,Microempresa,0,0.0,73,0,0,0,0,Alimentação preparada,73,22,0,0,3,16,11,12,9
MG,4593,IBIRACI,3129707.0,10753.0,73,678.8803124709384,27,36.986301369863014,Microempresa,0,0.0,73,0,0,0,0,Lanchonetes,73,7,0,0,3,29,10,10,14
MG,5409,URUCANIA,3170503.0,10921.0,73,668.4369563226811,27,36.986301369863014,Microempresa,0,0.0,73,0,0,0,0,Lanchonetes,73,13,0,0,2,22,20,6,10
BA,3457,CIPO,2907905.0,17910.0,73,407.59352317141264,39,53.42465753424658,Microempresa,0,0.0,73,0,0,0,0,Outros Food Service,73,6,0,1,2,18,22,5,19
MG,5025,PIRAUBA,3151305.0,12052.0,73,605.7085960836376,19,26.027397260273972,Microempresa,2,2.73972602739726,71,1,1,0,0,Lanchonetes,73,7,0,1,0,29,9,9,18
SP,6187,AVANHANDAVA,3504404.0,11435.0,73,638.3909051158723,28,38.35616438356164,Microempresa,0,0.0,73,0,0,0,0,Alimentação preparada,73,20,0,0,2,15,16,5,15
PA,44,BELTERRA,1501451.0,19191.0,73,380.38663957063204,30,41.0958904109589,Microempresa,1,1.36986301369863,72,1,0,0,0,Restaurantes,73,8,0,1,4,12,18,3,27
MG,4183,BUENOPOLIS,3109204.0,9117.0,73,800.7019853021827,28,38.35616438356164,Microempresa,1,1.36986301369863,72,1,0,0,0,Lanchonetes,73,12,0,2,2,23,12,2,20
PA,457,CURUCA,1502905.0,45330.0,73,161.04125303331128,32,43.83561643835616,Microempresa,0,0.0,73,0,0,0,0,Outros Food Service,73,6,0,3,4,14,19,9,18
RS,8723,JAGUARI,4311106.0,10771.0,73,677.7457989044657,23,31.506849315068493,Microempresa,0,0.0,73,0,0,0,0,Outros Food Service,73,10,0,3,1,19,20,9,11
SC,8067,CAMPO ERE,4203501.0,9884.0,73,738.5673816268717,14,19.17808219178082,Microempresa,3,4.10958904109589,70,1,2,0,0,Lanchonetes,73,6,2,1,1,26,14,7,16
MS,9115,NIOAQUE,5005806.0,13298.0,73,548.9547300345916,24,32.87671232876712,Microempresa,3,4.10958904109589,70,1,2,0,0,Lanchonetes,73,10,0,2,2,29,7,6,17
GO,57,TEREZOPOLIS DE GOIAS,5221197.0,8435.0,73,865.4416123295791,31,42.465753424657535,Microempresa,7,9.58904109589041,66,6,1,0,0,Restaurantes,73,12,0,0,1,18,8,4,30
MG,4929,PAINS,3146503.0,8364.0,73,872.7881396461023,35,47.94520547945205,Microempresa,2,2.73972602739726,71,0,2,0,0,Lanchonetes,73,6,0,3,2,34,6,10,12
RO,20,SAO FRANCISCO DO GUAPORE,1101492.0,17601.0,72,409.0676666098517,43,59.72222222222222,Microempresa,3,4.166666666666666,69,1,2,0,0,Lanchonetes,72,7,1,2,2,29,14,6,11
MS,1196,PARAISO DAS AGUAS,5006275.0,5904.0,72,1219.5121951219512,44,61.111111111111114,Microempresa,0,0.0,72,0,0,0,0,Lanchonetes,72,12,3,8,2,22,5,3,17
SC,8271,PRAIA GRANDE,4213807.0,8788.0,72,819.2990441511151,36,50.0,Microempresa,4,5.555555555555555,68,4,0,0,0,Restaurantes,72,8,0,0,0,22,6,10,26
TO,9643,XAMBIOA,1722107.0,10591.0,72,679.8224907940705,29,40.27777777777778,Microempresa,4,5.555555555555555,68,2,2,0,0,Restaurantes,72,7,0,1,3,20,6,1,34
MG,4189,CABO VERDE,3109501.0,11150.0,72,645.7399103139014,29,40.27777777777778,Microempresa,1,1.3888888888888888,71,0,1,0,0,Lanchonetes,72,5,0,0,1,30,22,6,8
PI,2245,BAIXA GRANDE DO RIBEIRO,2201150.0,14114.0,72,510.13178404421143,33,45.83333333333333,Microempresa,5,6.944444444444445,67,5,0,0,0,Restaurantes,72,6,0,5,1,12,13,6,29
MT,9135,PORTO DOS GAUCHOS,5106802.0,5720.0,72,1258.741258741259,41,56.94444444444444,Microempresa,4,5.555555555555555,68,3,1,0,0,Lanchonetes,72,5,0,1,6,25,10,7,18
MT,9025,ARENAPOLIS,5101308.0,10791.0,72,667.2226855713094,35,48.61111111111111,Microempresa,0,0.0,72,0,0,0,0,Outros Food Service,72,11,1,3,1,15,19,11,11
MG,5351,SIMONESIA,3167608.0,20518.0,72,350.91139487279463,28,38.88888888888889,Microempresa,1,1.3888888888888888,71,1,0,0,0,Lanchonetes,72,8,0,0,6,22,19,4,13
PA,625,BREU BRANCO,1501782.0,46792.0,72,153.8724568302274,22,30.555555555555557,Microempresa,7,9.722222222222223,65,6,1,0,0,Restaurantes,72,7,0,3,2,16,15,9,20
RN,1615,ANGICOS,2400802.0,11997.0,72,600.1500375093774,37,51.388888888888886,Microempresa,1,1.3888888888888888,71,0,1,0,0,Lanchonetes,72,10,0,1,1,26,9,5,20
BA,3589,IRAQUARA,2914406.0,24901.0,72,289.14501425645557,33,45.83333333333333,Microempresa,2,2.7777777777777777,70,2,0,0,0,Restaurantes,72,8,0,1,3,10,17,7,26
BA,3031,SAO FELIX DO CORIBE,2929057.0,15816.0,72,455.2352048558422,19,26.38888888888889,Microempresa,1,1.3888888888888888,71,1,0,0,0,Lanchonetes,72,4,1,1,2,24,20,5,15
SE,3129,CARMOPOLIS,2801504.0,14226.0,72,506.1155630535639,25,34.72222222222222,Microempresa,2,2.7777777777777777,70,2,0,0,0,Restaurantes,72,18,0,3,4,7,3,7,30
MG,4835,MINAS NOVAS,3141801.0,23514.0,72,306.2005613676958,18,25.0,Microempresa,4,5.555555555555555,68,4,0,0,0,Lanchonetes,72,11,0,2,2,20,8,11,18
PR,8469,MISSAL,4116059.0,11459.0,72,628.3270791517584,34,47.22222222222222,Microempresa,3,4.166666666666666,69,3,0,0,0,Lanchonetes,72,10,0,1,2,25,10,13,11
MA,813,LAGO DA PEDRA,2105708.0,45857.0,72,157.0098349216041,34,47.22222222222222,Microempresa,4,5.555555555555555,68,2,2,0,0,Restaurantes,72,2,0,4,3,17,19,3,24
PR,7405,AGUDOS DO SUL,4100301.0,10891.0,72,661.0963180607841,31,43.05555555555556,Microempresa,0,0.0,72,0,0,0,0,Lanchonetes,72,13,0,0,4,22,16,4,13
MG,4099,BALDIM,3105004.0,7577.0,72,950.2441599577669,28,38.88888888888889,Microempresa,0,0.0,72,0,0,0,0,Lanchonetes,72,8,0,2,1,26,10,12,13
PR,7557,FLORESTOPOLIS,4108007.0,11667.0,72,617.1252249935717,31,43.05555555555556,Microempresa,4,5.555555555555555,68,2,2,0,0,Lanchonetes,72,11,0,3,0,28,11,8,11
BA,3497,CURACA,2909901.0,36220.0,72,198.78520154610712,35,48.61111111111111,Microempresa,6,8.333333333333332,66,5,1,0,0,Restaurantes,72,5,0,9,2,18,7,5,26
MG,5437,VIRGINOPOLIS,3171808.0,10503.0,72,685.5184233076264,23,31.944444444444443,Microempresa,4,5.555555555555555,68,4,0,0,0,Alimentação preparada,72,24,0,3,2,17,2,14,10
PE,2313,ALIANCA,2600708.0,37328.0,71,190.20574367766824,29,40.845070422535215,Microempresa,2,2.8169014084507045,69,1,1,0,0,Lanchonetes,71,8,0,0,2,22,15,6,18
PR,7581,GUARANIACU,4109302.0,13718.0,71,517.5681586237062,25,35.2112676056338,Microempresa,1,1.4084507042253522,70,1,0,0,0,Lanchonetes,71,5,0,3,2,28,19,5,9
MG,4747,LAGOA DOURADA,3137403.0,13186.0,71,538.4498710753829,31,43.66197183098591,Microempresa,0,0.0,71,0,0,0,0,Lanchonetes,71,3,0,0,0,30,13,10,15
PB,2147,PRINCESA ISABEL,2512309.0,21688.0,71,327.36997417926966,29,40.845070422535215,Microempresa,7,9.859154929577464,64,6,1,0,0,Restaurantes,71,6,0,2,1,22,13,4,23
PB,2043,ITAPOROROCA,2507101.0,19270.0,71,368.44836533471715,20,28.169014084507044,Microempresa,0,0.0,71,0,0,0,0,Lanchonetes,71,8,0,1,3,23,9,4,23
SC,8011,AGUAS MORNAS,4200606.0,7301.0,71,972.4695247226408,29,40.845070422535215,Microempresa,6,8.450704225352112,65,6,0,0,0,Lanchonetes,71,12,0,1,2,21,14,10,11
PE,2413,FLORESTA,2605707.0,31771.0,71,223.47423751219665,36,50.70422535211267,Microempresa,2,2.8169014084507045,69,2,0,0,0,Restaurantes,71,9,0,0,7,16,19,0,20
BA,3677,LAJE,2918803.0,21706.0,71,327.09849811112133,22,30.985915492957744,Microempresa,0,0.0,71,0,0,0,0,Restaurantes,71,7,0,1,1,13,22,4,23
BA,3641,ITIUBA,2917003.0,35489.0,71,200.06199103947702,18,25.352112676056336,Microempresa,1,1.4084507042253522,70,1,0,0,0,Lanchonetes,71,4,1,1,2,21,13,8,21
RS,952,ARARICA,4300877.0,8831.0,71,803.9859585550901,41,57.74647887323944,Microempresa,0,0.0,71,0,0,0,0,Outros Food Service,71,8,0,1,0,17,29,2,14
MG,5125,RODEIRO,3156304.0,9267.0,71,766.1594906658034,41,57.74647887323944,Microempresa,2,2.8169014084507045,69,2,0,0,0,Lanchonetes,71,14,0,5,0,27,3,10,12
MG,5163,SANTA MARIA DO SUACUI,3158201.0,12741.0,71,557.2561023467546,30,42.25352112676056,Microempresa,0,0.0,71,0,0,0,0,Alimentação preparada,71,20,0,0,0,18,17,2,14
MT,9875,PORTO ESPERIDIAO,5106828.0,10011.0,71,709.2198581560284,33,46.478873239436616,Microempresa,6,8.450704225352112,65,3,3,0,0,Restaurantes,71,11,3,3,0,20,7,3,24
CE,1423,IRAUCUBA,2306108.0,24977.0,71,284.26152059895105,22,30.985915492957744,Microempresa,0,0.0,71,0,0,0,0,Restaurantes,71,4,0,0,2,15,11,13,26
GO,53,SANTO ANTONIO DE GOIAS,5219738.0,8254.0,71,860.1889992730796,35,49.29577464788733,Microempresa,0,0.0,71,0,0,0,0,Lanchonetes,71,10,0,0,3,23,14,6,15
MG,4609,ILICINEA,3130507.0,13321.0,71,532.9930185421515,32,45.07042253521127,Microempresa,0,0.0,71,0,0,0,0,Lanchonetes,71,14,0,0,2,30,9,8,8
GO,9277,BURITI ALEGRE,5203906.0,11028.0,71,643.8157417482771,35,49.29577464788733,Microempresa,1,1.4084507042253522,70,1,0,0,0,Lanchonetes,71,16,0,1,1,21,7,4,21
PR,7609,IRETAMA,4110805.0,10836.0,70,645.9948320413437,34,48.57142857142857,Microempresa,1,1.4285714285714286,69,1,0,0,0,Lanchonetes,70,8,0,0,1,25,18,5,13
BA,3731,MONTE SANTO,2921500.0,49793.0,70,140.58200951941035,39,55.714285714285715,Microempresa,1,1.4285714285714286,69,1,0,0,0,Outros Food Service,70,2,0,1,5,14,22,10,16
SE,3159,ITABAIANINHA,2803005.0,42339.0,70,165.33219962682162,30,42.857142857142854,Microempresa,0,0.0,70,0,0,0,0,Lanchonetes,70,7,0,1,6,22,10,8,16
RN,1733,LAJES,2406700.0,10082.0,70,694.3066851815116,36,51.42857142857142,Microempresa,4,5.714285714285714,66,1,3,0,0,Lanchonetes,70,8,1,5,2,22,9,8,15
BA,3773,PARAMIRIM,2923605.0,21104.0,70,331.6906747536012,20,28.57142857142857,Microempresa,4,5.714285714285714,66,4,0,0,0,Lanchonetes,70,9,0,1,6,19,13,7,15
BA,3713,MARAGOGIPE,2920601.0,36875.0,70,189.83050847457628,24,34.285714285714285,Microempresa,4,5.714285714285714,66,4,0,0,0,Lanchonetes,70,12,0,2,2,19,11,5,19
PB,2125,PEDRAS DE FOGO,2511202.0,31549.0,70,221.8770800976259,35,50.0,Microempresa,2,2.857142857142857,68,0,2,0,0,Restaurantes,70,7,0,2,1,16,16,8,20
PE,2559,SAO BENTO DO UNA,2613008.0,51075.0,70,137.05335291238376,28,40.0,Microempresa,0,0.0,70,0,0,0,0,Lanchonetes,70,7,0,3,5,17,11,14,13
SP,7153,TABAPUA,3552601.0,11497.0,70,608.854483778377,17,24.285714285714285,Microempresa,0,0.0,70,0,0,0,0,Lanchonetes,70,14,0,0,4,24,21,2,5
PR,7903,SERTANEJA,4126405.0,5642.0,70,1240.694789081886,22,31.428571428571427,Microempresa,1,1.4285714285714286,69,1,0,0,0,Restaurantes,70,15,0,0,2,13,15,9,16
MT,9121,NOSSA SENHORA DO LIVRAMENTO,5106109.0,11659.0,70,600.3945449867056,29,41.42857142857143,Microempresa,6,8.571428571428571,64,3,3,0,0,Lanchonetes,70,14,0,1,3,19,13,5,15
RS,8557,CACEQUI,4302907.0,11299.0,70,619.5238516682892,31,44.285714285714285,Microempresa,3,4.285714285714286,67,3,0,0,0,Lanchonetes,70,15,2,2,1,17,17,9,7
PA,557,SOURE,1507904.0,25409.0,70,275.4929355740092,43,61.42857142857143,Microempresa,0,0.0,70,0,0,0,0,Restaurantes,70,6,0,4,0,11,17,3,29
PA,587,MAE DO RIO,1504059.0,37881.0,70,184.7892083102347,26,37.142857142857146,Microempresa,2,2.857142857142857,68,2,0,0,0,Restaurantes,70,6,0,3,0,12,12,8,29
PA,473,ITUPIRANGA,1503705.0,52213.0,70,134.0662287169862,36,51.42857142857142,Microempresa,2,2.857142857142857,68,2,0,0,0,Lanchonetes,70,2,0,2,1,23,18,5,19
SP,6691,MENDONCA,3529500.0,6466.0,70,1082.5858335910918,32,45.714285714285715,Microempresa,1,1.4285714285714286,69,0,1,0,0,Lanchonetes,70,13,0,1,3,27,9,2,15
SP,6577,ITOBI,3523800.0,8242.0,70,849.3084202863382,32,45.714285714285715,Microempresa,1,1.4285714285714286,69,1,0,0,0,Lanchonetes,70,10,0,6,1,29,16,2,6
GO,9531,PETROLINA DE GOIAS,5216809.0,9464.0,70,739.6449704142011,26,37.142857142857146,Microempresa,2,2.857142857142857,68,0,2,0,0,Lanchonetes,70,11,0,0,2,18,15,9,15
ES,5635,DIVINO DE SAO LOURENCO,3201803.0,5391.0,70,1298.4603969578927,36,51.42857142857142,Microempresa,0,0.0,70,0,0,0,0,Lanchonetes,70,1,0,2,4,22,19,3,19
MT,133,SAO JOSE DO XINGU,5107354.0,6299.0,70,1111.287505953326,36,51.42857142857142,Microempresa,0,0.0,70,0,0,0,0,Lanchonetes,70,5,1,3,1,28,3,8,21
MS,9807,ITAQUIRAI,5004601.0,20122.0,70,347.8779445383163,29,41.42857142857143,Microempresa,3,4.285714285714286,67,3,0,0,0,Restaurantes,70,7,0,0,3,22,9,6,23
CE,1591,FORQUILHA,2304350.0,25460.0,70,274.9410840534171,37,52.85714285714286,Microempresa,1,1.4285714285714286,69,1,0,0,0,Restaurantes,70,9,0,4,3,18,9,6,21
AL,2869,SAO LUIS DO QUITUNDE,2708501.0,31783.0,70,220.24352641349148,22,31.428571428571427,Microempresa,0,0.0,70,0,0,0,0,Lanchonetes,70,4,0,0,4,21,17,11,13
MS,9171,ARAL MOREIRA,5001243.0,11163.0,70,627.0715757412883,37,52.85714285714286,Microempresa,2,2.857142857142857,68,2,0,0,0,Restaurantes,70,10,0,3,10,14,10,6,17
PR,7617,ITAPEJARA D'OESTE,4111209.0,12980.0,70,539.291217257319,24,34.285714285714285,Microempresa,3,4.285714285714286,67,1,2,0,0,Lanchonetes,70,6,1,0,4,28,8,5,18
PR,7621,IVAI,4111407.0,13501.0,70,518.480112584253,38,54.285714285714285,Microempresa,0,0.0,70,0,0,0,0,Lanchonetes,70,11,0,0,0,27,18,3,11
PA,619,SAO GERALDO DO ARAGUAIA,1507458.0,24882.0,69,277.30889799855316,41,59.42028985507246,Microempresa,10,14.492753623188406,59,8,2,0,0,Restaurantes,69,1,0,3,2,22,9,2,30
MG,4731,NOVA UNIAO,3136603.0,6129.0,69,1125.7953989231523,30,43.47826086956522,Microempresa,4,5.797101449275362,65,1,3,0,0,Restaurantes,69,12,0,0,2,19,10,5,21
MG,4005,ABRE CAMPO,3100302.0,14395.0,69,479.3331017714484,22,31.88405797101449,Microempresa,6,8.695652173913043,63,4,2,0,0,Lanchonetes,69,11,0,2,1,24,12,3,16
PR,7891,SAO PEDRO DO IVAI,4125803.0,8423.0,69,819.185563338478,22,31.88405797101449,Microempresa,2,2.898550724637681,67,1,1,0,0,Lanchonetes,69,11,0,1,0,17,17,14,9
SP,6405,ESTRELA D'OESTE,3515202.0,9733.0,69,708.9283879584917,29,42.028985507246375,Microempresa,2,2.898550724637681,67,0,2,0,0,Lanchonetes,69,11,0,5,2,20,13,10,8
SC,9941,APIUNA,4201257.0,10061.0,69,685.8165192326807,35,50.72463768115942,Microempresa,5,7.246376811594203,64,4,1,0,0,Lanchonetes,69,6,0,1,0,19,15,13,15
MG,4119,BELA VISTA DE MINAS,3106002.0,10442.0,69,660.7929515418502,31,44.927536231884055,Microempresa,5,7.246376811594203,64,5,0,0,0,Lanchonetes,69,15,0,0,5,19,9,5,16
PB,2073,LUCENA,2508604.0,13153.0,69,524.5951493955752,29,42.028985507246375,Microempresa,1,1.4492753623188406,68,0,1,0,0,Alimentação preparada,69,18,3,7,0,12,7,8,14
MG,4375,CORACAO DE JESUS,3118809.0,26125.0,69,264.11483253588517,26,37.68115942028986,Microempresa,0,0.0,69,0,0,0,0,Lanchonetes,69,7,0,1,2,29,13,4,13
RN,3003,BARAUNA,2401453.0,28552.0,69,241.66433174558702,30,43.47826086956522,Microempresa,6,8.695652173913043,63,3,3,0,0,Restaurantes,69,6,1,5,0,14,10,10,23
RN,1755,MONTE ALEGRE,2407807.0,24055.0,69,286.84265225524837,37,53.62318840579711,Microempresa,2,2.898550724637681,67,2,0,0,0,Outros Food Service,69,12,1,1,1,9,25,8,12
RS,8731,LAVRAS DO SUL,4311502.0,7290.0,69,946.5020576131686,29,42.028985507246375,Microempresa,3,4.3478260869565215,66,2,1,0,0,Lanchonetes,69,8,0,0,0,30,18,7,6
MG,4851,MONSENHOR PAULO,3142601.0,8579.0,69,804.289544235925,37,53.62318840579711,Microempresa,0,0.0,69,0,0,0,0,Lanchonetes,69,8,0,2,0,23,13,9,14
SP,2959,ESTIVA GERBI,3557303.0,11647.0,69,592.4272344809823,36,52.17391304347826,Microempresa,0,0.0,69,0,0,0,0,Lanchonetes,69,8,0,6,1,20,12,9,13
GO,9349,EDEIA,5207402.0,12010.0,69,574.5212323064113,39,56.52173913043478,Microempresa,1,1.4492753623188406,68,0,1,0,0,Lanchonetes,69,8,0,6,2,29,4,6,14
MT,1186,ITANHANGA,5104542.0,8463.0,69,815.3137185395251,34,49.275362318840585,Microempresa,3,4.3478260869565215,66,3,0,0,0,Lanchonetes,69,13,0,1,1,22,11,3,18
GO,9995,RIO QUENTE,5218789.0,4072.0,69,1694.499017681729,29,42.028985507246375,Microempresa,2,2.898550724637681,67,2,0,0,0,Restaurantes,69,5,0,0,0,19,11,1,33
PE,2305,AGRESTINA,2600302.0,24740.0,69,278.9005658852061,33,47.82608695652174,Microempresa,3,4.3478260869565215,66,0,3,0,0,Lanchonetes,69,5,0,3,5,25,11,1,19
SP,6993,SABINO,3544608.0,5179.0,69,1332.303533500676,23,33.33333333333333,Microempresa,0,0.0,69,0,0,0,0,Outros Food Service,69,14,0,2,0,15,24,4,10
MG,4473,ENGENHEIRO CALDAS,3123700.0,14684.0,69,469.89921002451644,16,23.18840579710145,Microempresa,1,1.4492753623188406,68,1,0,0,0,Lanchonetes,69,11,0,1,1,25,12,7,12
MG,4607,IJACI,3130408.0,7422.0,69,929.6685529506872,28,40.57971014492754,Microempresa,2,2.898550724637681,67,2,0,0,0,Lanchonetes,69,18,0,0,0,25,4,9,13
RS,8595,CASCA,4304903.0,9698.0,69,711.486904516395,30,43.47826086956522,Microempresa,0,0.0,69,0,0,0,0,Restaurantes,69,8,1,0,1,18,6,11,24
GO,9319,CORUMBAIBA,5205901.0,9549.0,69,722.5887527489789,26,37.68115942028986,Microempresa,3,4.3478260869565215,66,3,0,0,0,Lanchonetes,69,16,0,2,0,32,5,1,13
MG,4519,FLORESTAL,3126000.0,8548.0,69,807.2063640617688,34,49.275362318840585,Microempresa,3,4.3478260869565215,66,1,2,0,0,Lanchonetes,69,9,0,1,2,26,2,7,22
MG,4449,DOM CAVATI,3122504.0,4954.0,69,1392.8138877674605,28,40.57971014492754,Microempresa,0,0.0,69,0,0,0,0,Outros Food Service,69,12,0,0,1,19,25,2,10
PR,7479,CAMPO DO TENENTE,4104105.0,7717.0,68,881.1714396786316,23,33.82352941176471,Microempresa,0,0.0,68,0,0,0,0,Lanchonetes,68,10,0,0,0,23,18,3,14
MG,5183,SANTA RITA DE CALDAS,3159209.0,8537.0,68,796.5327398383508,28,41.17647058823529,Microempresa,0,0.0,68,0,0,0,0,Lanchonetes,68,10,0,0,1,21,16,6,14
PB,1907,ALAGOA NOVA,2500403.0,21916.0,68,310.2755977368133,15,22.058823529411764,Microempresa,1,1.4705882352941175,67,1,0,0,0,Outros Food Service,68,4,2,0,0,11,27,7,17
RS,7375,PANTANO GRANDE,4313953.0,10443.0,68,651.153882983817,26,38.23529411764706,Microempresa,3,4.411764705882353,65,3,0,0,0,Lanchonetes,68,7,0,4,2,20,15,7,13
MS,9017,ANTONIO JOAO,5000906.0,9790.0,68,694.5863125638407,34,50.0,Microempresa,0,0.0,68,0,0,0,0,Lanchonetes,68,3,2,1,2,30,11,5,14
RS,8443,CAPELA DE SANTANA,4304689.0,11424.0,68,595.2380952380952,35,51.470588235294116,Microempresa,0,0.0,68,0,0,0,0,Outros Food Service,68,13,0,2,1,16,18,14,4
SE,3191,NOSSA SENHORA DAS DORES,2804607.0,25600.0,68,265.625,23,33.82352941176471,Microempresa,1,1.4705882352941175,67,1,0,0,0,Lanchonetes,68,8,0,2,4,19,15,10,10
MG,5135,SABINOPOLIS,3156809.0,14240.0,68,477.5280898876405,18,26.47058823529412,Microempresa,5,7.352941176470589,63,5,0,0,0,Lanchonetes,68,18,0,2,0,23,12,5,8
AL,2867,SAO JOSE DA TAPERA,2708402.0,31574.0,68,215.36707417495407,31,45.588235294117645,Microempresa,4,5.88235294117647,64,4,0,0,0,Restaurantes,68,2,0,2,2,14,17,4,27
RS,8757,NONOAI,4312708.0,14074.0,68,483.1604376865141,32,47.05882352941176,Microempresa,2,2.941176470588235,66,2,0,0,0,Lanchonetes,68,9,1,0,0,23,10,10,15
SP,5445,SALTINHO,3545159.0,8441.0,68,805.5917545314536,20,29.411764705882355,Microempresa,2,2.941176470588235,66,2,0,0,0,Alimentação preparada,68,20,0,1,2,18,12,4,11
MG,4611,INCONFIDENTES,3130606.0,7561.0,68,899.351937574395,19,27.941176470588236,Microempresa,0,0.0,68,0,0,0,0,Lanchonetes,68,6,1,0,2,30,11,9,9
PI,1065,DEMERVAL LOBAO,2203305.0,17294.0,68,393.19995374118196,39,57.35294117647059,Microempresa,0,0.0,68,0,0,0,0,Restaurantes,68,6,0,0,5,20,3,9,25
GO,9423,ITAUCU,5211404.0,7573.0,68,897.9268453717152,15,22.058823529411764,Microempresa,0,0.0,68,0,0,0,0,Lanchonetes,68,13,0,7,0,20,13,5,10
RS,8673,GENERAL CAMARA,4308805.0,7743.0,68,878.2125791037066,28,41.17647058823529,Microempresa,0,0.0,68,0,0,0,0,Lanchonetes,68,15,0,1,0,22,14,10,6
SP,6829,PAULICEIA,3536406.0,8303.0,68,818.9810911718656,36,52.94117647058824,Microempresa,3,4.411764705882353,65,2,1,0,0,Lanchonetes,68,6,1,1,3,30,8,7,12
ES,5689,SANTA LEOPOLDINA,3204500.0,13950.0,68,487.4551971326165,24,35.294117647058826,Microempresa,2,2.941176470588235,66,2,0,0,0,Alimentação preparada,68,21,0,4,2,16,13,5,7
SP,6359,COSMORAMA,3512902.0,9064.0,68,750.2206531332745,31,45.588235294117645,Microempresa,1,1.4705882352941175,67,0,1,0,0,Lanchonetes,68,12,0,3,0,27,11,7,8
RN,1711,JARDIM DO SERIDO,2405702.0,11933.0,68,569.8483197854689,27,39.705882352941174,Microempresa,0,0.0,68,0,0,0,0,Lanchonetes,68,23,0,0,3,24,7,3,8
AM,215,BOCA DO ACRE,1300706.0,39176.0,68,173.57565856646926,36,52.94117647058824,Microempresa,6,8.823529411764707,62,5,1,0,0,Lanchonetes,68,5,0,1,4,21,16,4,17
MG,5009,PIMENTA,3150505.0,8839.0,68,769.317796130784,28,41.17647058823529,Microempresa,0,0.0,68,0,0,0,0,Lanchonetes,68,17,0,0,3,19,12,6,11
MG,5263,SAO JOSE DO ALEGRE,3163201.0,4261.0,68,1595.869514198545,28,41.17647058823529,Microempresa,1,1.4705882352941175,67,0,1,0,0,Outros Food Service,68,5,0,1,0,12,26,8,16
PR,7485,CANDIDO DE ABREU,4104402.0,14995.0,67,446.81560520173394,17,25.37313432835821,Microempresa,0,0.0,67,0,0,0,0,Lanchonetes,67,9,0,0,1,32,8,3,14
AC,113,FEIJO,1200302.0,37874.0,67,176.90236045836193,28,41.7910447761194,Microempresa,0,0.0,67,0,0,0,0,Restaurantes,67,9,0,2,5,9,18,2,22
PR,884,TAMARANA,4126678.0,10444.0,67,641.5166602834164,22,32.83582089552239,Microempresa,1,1.4925373134328357,66,1,0,0,0,Lanchonetes,67,11,2,0,0,25,14,6,9
RN,1645,CARAUBAS,2402303.0,20202.0,67,331.6503316503316,24,35.82089552238806,Microempresa,7,10.44776119402985,60,2,5,0,0,Restaurantes,67,4,1,5,0,12,10,8,27
GO,85,ALTO HORIZONTE,5200555.0,6595.0,67,1015.9211523881729,39,58.2089552238806,Microempresa,3,4.477611940298507,64,1,2,0,0,Lanchonetes,67,13,0,4,1,19,3,9,18
CE,1465,MERUOCA,2308203.0,15952.0,67,420.0100300902708,27,40.298507462686565,Microempresa,3,4.477611940298507,64,3,0,0,0,Restaurantes,67,4,0,0,2,17,11,9,24
SP,6747,NATIVIDADE DA SERRA,3532306.0,7164.0,67,935.2317141261866,24,35.82089552238806,Microempresa,0,0.0,67,0,0,0,0,Lanchonetes,67,8,0,0,0,33,14,3,9
MG,5355,SOLEDADE DE MINAS,3167806.0,5733.0,67,1168.6725972440258,28,41.7910447761194,Microempresa,1,1.4925373134328357,66,0,1,0,0,Lanchonetes,67,10,0,2,2,19,19,9,6
MG,5381,TOLEDO,3169109.0,7705.0,67,869.5652173913044,37,55.223880597014926,Microempresa,0,0.0,67,0,0,0,0,Lanchonetes,67,6,0,1,0,31,9,6,14
PB,1911,ALHANDRA,2500601.0,23318.0,67,287.33167510078056,41,61.19402985074627,Microempresa,3,4.477611940298507,64,1,2,0,0,Restaurantes,67,5,0,4,2,17,15,6,18
SP,6785,ORINDIUVA,3534203.0,6167.0,67,1086.4277606615858,27,40.298507462686565,Microempresa,1,1.4925373134328357,66,0,1,0,0,Lanchonetes,67,15,0,3,0,22,12,3,12
PR,7947,VITORINO,4128708.0,10724.0,67,624.7668780305856,31,46.26865671641791,Microempresa,2,2.9850746268656714,65,2,0,0,0,Lanchonetes,67,15,0,2,3,21,3,8,15
SP,7025,SANTA CRUZ DA CONCEICAO,3546207.0,4383.0,67,1528.6333561487565,28,41.7910447761194,Microempresa,3,4.477611940298507,64,3,0,0,0,Restaurantes,67,13,0,0,2,16,11,5,20
MG,4315,CENTRALINA,3115805.0,10454.0,67,640.9030036349723,35,52.23880597014925,Microempresa,7,10.44776119402985,60,5,2,0,0,Lanchonetes,67,4,0,4,0,31,8,9,11
BA,3559,IBIRATAIA,2912905.0,19379.0,67,345.73507404922856,35,52.23880597014925,Microempresa,0,0.0,67,0,0,0,0,Outros Food Service,67,9,1,2,3,14,22,7,9
PI,1023,BARRAS,2201200.0,49856.0,67,134.3870346598203,25,37.3134328358209,Microempresa,3,4.477611940298507,64,3,0,0,0,Alimentação preparada,67,17,0,2,1,13,11,10,13
PR,7881,SAO JORGE D'OESTE,4125209.0,9605.0,67,697.5533576262363,27,40.298507462686565,Microempresa,0,0.0,67,0,0,0,0,Lanchonetes,67,9,0,0,0,30,15,4,9
PR,7543,DOUTOR CAMARGO,4107306.0,6547.0,67,1023.3694822055904,26,38.80597014925373,Microempresa,0,0.0,67,0,0,0,0,Lanchonetes,67,6,0,2,3,24,14,7,11
PR,7411,ALTO PIQUIRI,4100707.0,9744.0,67,687.6026272577997,30,44.776119402985074,Microempresa,0,0.0,67,0,0,0,0,Alimentação preparada,67,21,0,0,1,18,11,9,7
MG,5435,VIRGINIA,3171709.0,9184.0,66,718.6411149825784,17,25.757575757575758,Microempresa,0,0.0,66,0,0,0,0,Lanchonetes,66,8,0,0,1,32,13,6,6
MG,4057,ANTONIO CARLOS,3102902.0,11356.0,66,581.1905600563579,27,40.909090909090914,Microempresa,0,0.0,66,0,0,0,0,Outros Food Service,66,8,0,0,1,19,23,8,7
GO,9295,CAMPO ALEGRE DE GOIAS,5204805.0,7901.0,66,835.3372990760664,21,31.818181818181817,Microempresa,3,4.545454545454546,63,3,0,0,0,Lanchonetes,66,7,3,3,3,31,2,6,11
MG,4105,BANDEIRA DO SUL,3105301.0,6218.0,66,1061.434544869733,31,46.96969696969697,Microempresa,0,0.0,66,0,0,0,0,Lanchonetes,66,11,0,0,1,23,15,6,10
AL,2809,MURICI,2705507.0,25923.0,66,254.60016201828492,31,46.96969696969697,Microempresa,3,4.545454545454546,63,2,1,0,0,Lanchonetes,66,5,0,2,5,30,9,6,9
MA,897,SANTA LUZIA,2110005.0,58667.0,66,112.49936079908638,37,56.060606060606055,Microempresa,6,9.090909090909092,60,5,1,0,0,Restaurantes,66,2,0,3,3,21,11,3,23
MA,809,JOAO LISBOA,2105500.0,25331.0,66,260.55031384469623,35,53.03030303030303,Microempresa,1,1.5151515151515151,65,1,0,0,0,Restaurantes,66,4,0,1,3,13,12,4,29
RS,8805,PORTO XAVIER,4315107.0,10127.0,66,651.7231164214477,26,39.39393939393939,Microempresa,0,0.0,66,0,0,0,0,Outros Food Service,66,8,1,0,0,13,30,3,11
CE,1239,CHOROZINHO,2303956.0,20850.0,66,316.54676258992805,26,39.39393939393939,Microempresa,1,1.5151515151515151,65,1,0,0,0,Restaurantes,66,2,0,2,1,16,18,3,24
PR,7965,NOVA AURORA,4116703.0,14448.0,66,456.8106312292359,24,36.36363636363637,Microempresa,3,4.545454545454546,63,1,2,0,0,Alimentação preparada,66,18,0,2,1,17,16,7,5
MS,9173,ELDORADO,5003751.0,11612.0,66,568.3775404753703,24,36.36363636363637,Microempresa,0,0.0,66,0,0,0,0,Lanchonetes,66,8,0,2,1,25,16,3,11
SP,6471,GUAREI,3518503.0,15299.0,66,431.40074514674166,29,43.93939393939394,Microempresa,0,0.0,66,0,0,0,0,Lanchonetes,66,8,1,0,0,22,16,8,11
PI,1051,CASTELO DO PIAUI,2202604.0,19674.0,66,335.4681305275999,28,42.42424242424242,Microempresa,1,1.5151515151515151,65,1,0,0,0,Lanchonetes,66,8,0,0,2,25,12,6,13
MG,4227,CAMPO FLORIDO,3111408.0,9019.0,66,731.7884466127065,36,54.54545454545454,Microempresa,2,3.0303030303030303,64,2,0,0,0,Lanchonetes,66,5,0,2,3,20,14,9,13
PE,2591,TABIRA,2614600.0,29261.0,66,225.55620108677078,26,39.39393939393939,Microempresa,0,0.0,66,0,0,0,0,Lanchonetes,66,5,0,0,1,27,14,7,12
SC,8003,AGROLANDIA,4200200.0,11798.0,66,559.4168503136125,27,40.909090909090914,Microempresa,4,6.0606060606060606,62,3,1,0,0,Lanchonetes,66,13,0,3,1,28,8,6,7
MG,4253,CAPITAO ENEAS,3112703.0,14406.0,66,458.1424406497293,32,48.484848484848484,Microempresa,0,0.0,66,0,0,0,0,Outros Food Service,66,9,0,1,0,19,20,3,14
MG,4847,MOEMA,3142403.0,7843.0,66,841.5147265077138,30,45.45454545454545,Microempresa,1,1.5151515151515151,65,1,0,0,0,Lanchonetes,66,3,0,0,0,23,15,7,18
BA,3393,BUERAREMA,2904704.0,14853.0,66,444.35467582306603,26,39.39393939393939,Microempresa,0,0.0,66,0,0,0,0,Outros Food Service,66,8,0,1,5,14,16,7,15
PR,7793,QUATIGUA,4120705.0,8491.0,66,777.2936049935225,22,33.33333333333333,Microempresa,2,3.0303030303030303,64,2,0,0,0,Lanchonetes,66,9,0,0,0,28,11,9,9
MT,1034,CARLINDA,5102793.0,10196.0,66,647.3126716359357,30,45.45454545454545,Microempresa,2,3.0303030303030303,64,2,0,0,0,Lanchonetes,66,12,0,0,1,19,8,13,13
PR,8451,CANTAGALO,4104451.0,10548.0,66,625.7110352673493,28,42.42424242424242,Microempresa,0,0.0,66,0,0,0,0,Restaurantes,66,5,0,0,4,13,12,10,22
GO,9275,BRITANIA,5203807.0,5808.0,66,1136.3636363636365,23,34.84848484848485,Microempresa,0,0.0,66,0,0,0,0,Lanchonetes,66,6,0,0,2,24,12,3,19
PR,7499,CENTENARIO DO SUL,4105102.0,10881.0,66,606.5618968844775,15,22.727272727272727,Microempresa,0,0.0,66,0,0,0,0,Lanchonetes,66,10,0,0,0,28,13,8,7
MG,4373,COQUEIRAL,3118700.0,9179.0,66,719.0325743545048,18,27.27272727272727,Microempresa,0,0.0,66,0,0,0,0,Lanchonetes,66,14,0,0,4,19,11,8,10
MG,5287,SAO SEBASTIAO DA BELA VISTA,3164407.0,6857.0,66,962.5200525010938,26,39.39393939393939,Microempresa,7,10.606060606060606,59,2,5,0,0,Restaurantes,66,13,0,4,1,16,6,6,20
RS,8837,SANTA BARBARA DO SUL,4316709.0,8268.0,66,798.2583454281566,27,40.909090909090914,Microempresa,2,3.0303030303030303,64,2,0,0,0,Restaurantes,66,10,0,0,1,10,14,10,21
SP,6845,PEDRO DE TOLEDO,3537206.0,11650.0,66,566.5236051502146,39,59.09090909090909,Microempresa,1,1.5151515151515151,65,1,0,0,0,Lanchonetes,66,6,0,0,5,20,18,3,14
MG,4785,MANGA,3139300.0,19109.0,66,345.3869904233607,26,39.39393939393939,Microempresa,1,1.5151515151515151,65,1,0,0,0,Lanchonetes,66,5,2,0,1,22,15,5,16
RO,35,ALVORADA D'OESTE,1100346.0,13611.0,66,484.901917566674,37,56.060606060606055,Microempresa,4,6.0606060606060606,62,4,0,0,0,Lanchonetes,66,9,1,4,0,23,12,5,12
TO,9481,NATIVIDADE,1714203.0,8950.0,66,737.4301675977654,23,34.84848484848485,Microempresa,1,1.5151515151515151,65,0,1,0,0,Restaurantes,66,11,2,3,0,8,9,7,26
BA,3945,UBATA,2932309.0,15605.0,66,422.94136494713234,26,39.39393939393939,Microempresa,0,0.0,66,0,0,0,0,Outros Food Service,66,8,0,1,2,15,23,4,13
MG,4149,BOM JARDIM DE MINAS,3107505.0,7007.0,65,927.643784786642,29,44.61538461538462,Microempresa,0,0.0,65,0,0,0,0,Lanchonetes,65,4,0,2,3,28,12,6,10
PB,2155,REMIGIO,2512705.0,18424.0,65,352.8006947459835,26,40.0,Microempresa,1,1.5384615384615385,64,0,1,0,0,Lanchonetes,65,10,0,1,2,21,11,6,14
PB,2037,INGA,2506806.0,18268.0,65,355.8134442741406,20,30.76923076923077,Microempresa,1,1.5384615384615385,64,0,1,0,0,Lanchonetes,65,4,0,3,1,23,5,7,22
PB,2239,UIRAUNA,2516904.0,15475.0,65,420.03231017770594,27,41.53846153846154,Microempresa,1,1.5384615384615385,64,1,0,0,0,Lanchonetes,65,15,0,1,1,16,13,11,8
MA,765,COELHO NETO,2103406.0,42774.0,65,151.96147192219573,26,40.0,Microempresa,7,10.76923076923077,58,7,0,0,0,Restaurantes,65,2,0,0,2,18,18,6,19
PR,7827,RONCADOR,4122503.0,11321.0,65,574.1542266584224,24,36.92307692307693,Microempresa,0,0.0,65,0,0,0,0,Lanchonetes,65,7,0,1,2,30,8,5,12
PA,627,GOIANESIA DO PARA,1503093.0,26361.0,65,246.57638177610863,26,40.0,Microempresa,2,3.076923076923077,63,2,0,0,0,Restaurantes,65,4,0,1,0,16,11,6,27
RS,6021,PICADA CAFE,4314423.0,5473.0,65,1187.648456057007,22,33.84615384615385,Microempresa,4,6.153846153846154,61,4,0,0,0,Lanchonetes,65,6,0,0,0,23,7,7,22
PR,7533,CRUZ MACHADO,4106803.0,15632.0,65,415.813715455476,27,41.53846153846154,Microempresa,0,0.0,65,0,0,0,0,Lanchonetes,65,16,0,1,2,18,18,3,7
PA,377,ELDORADO DOS CARAJAS,1502954.0,29154.0,65,222.95396858064072,30,46.15384615384615,Microempresa,0,0.0,65,0,0,0,0,Lanchonetes,65,2,1,0,3,35,7,2,15
SE,3187,NEOPOLIS,2804409.0,16394.0,65,396.48651945833836,21,32.30769230769231,Microempresa,3,4.615384615384616,62,2,1,0,0,Outros Food Service,65,10,0,1,4,14,17,4,15
RR,303,CARACARAI,1400209.0,23061.0,65,281.86115086076063,31,47.69230769230769,Microempresa,0,0.0,65,0,0,0,0,Restaurantes,65,3,0,0,1,22,9,4,26
SP,6633,LAVRINHAS,3526605.0,7365.0,65,882.5526137135099,32,49.23076923076923,Microempresa,3,4.615384615384616,62,2,1,0,0,Lanchonetes,65,14,0,1,1,21,9,5,14
SP,6745,NARANDIBA,3532207.0,5999.0,65,1083.5139189864976,36,55.38461538461539,Microempresa,4,6.153846153846154,61,2,2,0,0,Lanchonetes,65,6,0,3,2,20,10,12,12
PR,7849,SANTA ISABEL DO IVAI,4123709.0,9052.0,65,718.073353954927,36,55.38461538461539,Microempresa,0,0.0,65,0,0,0,0,Lanchonetes,65,7,0,3,7,22,15,7,4
BA,3435,CANSANCAO,2906808.0,39878.0,65,162.99714128090676,23,35.38461538461539,Microempresa,3,4.615384615384616,62,3,0,0,0,Lanchonetes,65,8,0,4,1,21,12,8,11
GO,9507,OUVIDOR,5215504.0,7785.0,65,834.9389852280027,32,49.23076923076923,Microempresa,4,6.153846153846154,61,1,3,0,0,Lanchonetes,65,6,0,4,0,24,5,6,20
SC,8263,PONTE SERRADA,4213401.0,10708.0,65,607.0227867015316,30,46.15384615384615,Microempresa,3,4.615384615384616,62,3,0,0,0,Outros Food Service,65,5,0,2,0,13,22,8,15
AM,201,NOVO AIRAO,1303205.0,16648.0,65,390.4372897645363,34,52.307692307692314,Microempresa,2,3.076923076923077,63,2,0,0,0,Lanchonetes,65,10,0,1,1,23,7,2,21
MG,4641,ITACARAMBI,3132107.0,17485.0,65,371.74721189591077,18,27.692307692307693,Microempresa,0,0.0,65,0,0,0,0,Restaurantes,65,7,0,1,1,16,13,3,24
MT,8991,JAURU,5105002.0,7522.0,65,864.1318798191969,28,43.07692307692308,Microempresa,0,0.0,65,0,0,0,0,Outros Food Service,65,6,0,4,6,15,23,5,6
BA,3951,URANDI,2932606.0,15759.0,65,412.462719715718,12,18.461538461538463,Microempresa,0,0.0,65,0,0,0,0,Lanchonetes,65,11,0,2,1,27,5,9,10
SP,7009,SALTO GRANDE,3545407.0,9229.0,65,704.3016578177484,28,43.07692307692308,Microempresa,3,4.615384615384616,62,3,0,0,0,Lanchonetes,65,7,0,1,2,23,18,5,9
AP,671,PORTO GRANDE,1600535.0,19103.0,65,340.2606920378998,35,53.84615384615385,Microempresa,1,1.5384615384615385,64,1,0,0,0,Restaurantes,65,13,0,2,4,12,6,3,25
MG,4657,ITAMOGI,3132909.0,11120.0,64,575.5395683453238,26,40.625,Microempresa,0,0.0,64,0,0,0,0,Lanchonetes,64,6,0,2,1,33,8,5,9
ES,5719,ALTO RIO NOVO,3200359.0,7772.0,64,823.4688625836336,24,37.5,Microempresa,0,0.0,64,0,0,0,0,Lanchonetes,64,8,0,0,1,32,7,6,10
MG,4857,MONTE AZUL,3142908.0,20421.0,64,313.4028695950247,23,35.9375,Microempresa,2,3.125,62,2,0,0,0,Restaurantes,64,10,0,1,0,18,10,5,20
SP,6751,NEVES PAULISTA,3532504.0,9981.0,64,641.2183147981164,20,31.25,Microempresa,2,3.125,62,2,0,0,0,Lanchonetes,64,13,1,2,3,22,11,5,7
GO,9577,SANTA BARBARA DE GOIAS,5219100.0,6332.0,64,1010.739102969046,30,46.875,Microempresa,4,6.25,60,2,2,0,0,Lanchonetes,64,17,2,3,2,19,6,4,11
BA,3743,MUNDO NOVO,2922102.0,16997.0,64,376.53703594752017,18,28.125,Microempresa,0,0.0,64,0,0,0,0,Outros Food Service,64,5,4,1,2,10,26,9,7
CE,1507,PARAMBU,2310308.0,32916.0,64,194.43431765706646,33,51.5625,Microempresa,0,0.0,64,0,0,0,0,Lanchonetes,64,3,0,2,0,22,16,6,15
PB,2047,JACARAU,2507309.0,15013.0,64,426.29720908545926,32,50.0,Microempresa,2,3.125,62,1,1,0,0,Lanchonetes,64,3,0,2,1,26,17,5,10
RS,8735,MACHADINHO,4311700.0,5867.0,64,1090.8471109596046,31,48.4375,Microempresa,2,3.125,62,2,0,0,0,Lanchonetes,64,13,1,3,1,15,9,9,13
BA,3555,IBIRAPITANGA,2912707.0,27029.0,64,236.7827148618151,26,40.625,Microempresa,0,0.0,64,0,0,0,0,Restaurantes,64,11,0,2,1,5,14,11,20
MA,162,GOVERNADOR EDISON LOBAO,2104552.0,19010.0,64,336.66491320357704,48,75.0,Microempresa,2,3.125,62,0,2,0,0,Outros Food Service,64,5,0,4,1,13,20,3,18
PR,7815,RIBEIRAO DO PINHAL,4121901.0,13129.0,64,487.47048518546734,33,51.5625,Microempresa,0,0.0,64,0,0,0,0,Restaurantes,64,9,0,1,4,16,9,5,20
PE,552,LAGOA GRANDE,2608750.0,25020.0,64,255.79536370903278,35,54.6875,Microempresa,1,1.5625,63,0,1,0,0,Restaurantes,64,4,0,1,4,19,10,3,23
BA,3621,ITANHEM,2916005.0,18172.0,64,352.1901826986573,17,26.5625,Microempresa,0,0.0,64,0,0,0,0,Lanchonetes,64,5,1,2,3,21,10,6,16
PI,1115,LUZILANDIA,2205805.0,26189.0,64,244.37741036312954,31,48.4375,Microempresa,0,0.0,64,0,0,0,0,Outros Food Service,64,9,0,3,2,5,23,1,21
BA,3643,ITORORO,2917102.0,16920.0,64,378.25059101654847,19,29.6875,Microempresa,1,1.5625,63,1,0,0,0,Lanchonetes,64,7,0,2,0,18,8,14,15
MG,650,MARTINS SOARES,3140530.0,8866.0,64,721.8587863749154,29,45.3125,Microempresa,0,0.0,64,0,0,0,0,Lanchonetes,64,4,0,2,0,30,3,10,15
MG,564,ALTO CAPARAO,3102050.0,6043.0,64,1059.0766175740525,27,42.1875,Microempresa,1,1.5625,63,1,0,0,0,Lanchonetes,64,8,0,0,3,29,8,1,15
PR,7603,IPIRANGA,4110508.0,14321.0,64,446.896166468822,32,50.0,Microempresa,0,0.0,64,0,0,0,0,Lanchonetes,64,8,0,0,0,29,11,9,7
SP,6145,ANHEMBI,3502309.0,5767.0,64,1109.7624414773713,29,45.3125,Microempresa,0,0.0,64,0,0,0,0,Lanchonetes,64,9,0,1,4,24,10,7,9
MG,4793,MARAVILHAS,3139706.0,7545.0,64,848.2438701126573,26,40.625,Microempresa,0,0.0,64,0,0,0,0,Alimentação preparada,64,18,0,0,2,17,12,5,10
SP,6757,NOVA ALIANCA,3532801.0,6910.0,64,926.1939218523878,21,32.8125,Microempresa,2,3.125,62,0,2,0,0,Lanchonetes,64,13,0,3,1,23,9,6,9
SP,6735,MONTEIRO LOBATO,3531704.0,4206.0,64,1521.6357584403233,28,43.75,Microempresa,2,3.125,62,2,0,0,0,Lanchonetes,64,8,1,7,3,16,8,7,14
SC,9951,IPORA DO OESTE,4207650.0,9846.0,64,650.0101564086939,19,29.6875,Microempresa,0,0.0,64,0,0,0,0,Outros Food Service,64,8,0,0,2,10,23,11,10
AL,2779,JUNQUEIRO,2704005.0,24382.0,64,262.4887211877615,22,34.375,Microempresa,0,0.0,64,0,0,0,0,Lanchonetes,64,4,0,0,3,22,12,9,14
AL,2795,MARIBONDO,2704807.0,13971.0,63,450.9340777324458,21,33.33333333333333,Microempresa,1,1.5873015873015872,62,1,0,0,0,Lanchonetes,63,7,0,2,3,17,13,8,13
BA,3941,UBAIRA,2932101.0,19118.0,63,329.5323778637933,28,44.44444444444444,Microempresa,0,0.0,63,0,0,0,0,Outros Food Service,63,5,0,3,3,10,19,7,16
MG,4773,LUMINARIAS,3138708.0,5756.0,63,1094.5100764419735,17,26.984126984126984,Microempresa,0,0.0,63,0,0,0,0,Lanchonetes,63,12,1,1,0,22,9,8,10
PI,1155,PAULISTANA,2207801.0,21698.0,63,290.34934095308324,31,49.2063492063492,Microempresa,0,0.0,63,0,0,0,0,Lanchonetes,63,3,0,0,8,24,2,2,24
SP,6245,BORACEIA,3507308.0,4852.0,63,1298.4336356141798,26,41.269841269841265,Microempresa,1,1.5873015873015872,62,1,0,0,0,Lanchonetes,63,15,0,0,1,23,8,8,8
PR,7783,PORTO RICO,4120200.0,3410.0,63,1847.507331378299,25,39.682539682539684,Microempresa,1,1.5873015873015872,62,0,1,0,0,Lanchonetes,63,5,0,2,1,23,7,5,20
MG,4225,CAMPO DO MEIO,3111309.0,11627.0,63,541.8422636965684,24,38.095238095238095,Microempresa,2,3.1746031746031744,61,2,0,0,0,Lanchonetes,63,8,0,0,2,25,14,9,5
BA,3039,SERRA DO RAMALHO,2930154.0,36517.0,63,172.5223868335296,25,39.682539682539684,Microempresa,0,0.0,63,0,0,0,0,Restaurantes,63,12,0,1,4,12,14,5,15
PR,7895,SAO SEBASTIAO DA AMOREIRA,4126009.0,8028.0,63,784.7533632286995,22,34.92063492063492,Microempresa,0,0.0,63,0,0,0,0,Lanchonetes,63,10,0,0,0,27,6,5,15
SC,8197,LUIZ ALVES,4210001.0,12363.0,63,509.585052171803,27,42.857142857142854,Microempresa,5,7.936507936507936,58,2,3,0,0,Lanchonetes,63,11,0,5,3,21,11,6,6
SC,8281,RANCHO QUEIMADO,4214300.0,3533.0,63,1783.1870931219928,34,53.96825396825397,Microempresa,7,11.11111111111111,56,7,0,0,0,Restaurantes,63,14,4,1,0,17,3,5,19
PR,7929,TOMAZINA,4127809.0,8500.0,63,741.1764705882352,22,34.92063492063492,Microempresa,0,0.0,63,0,0,0,0,Lanchonetes,63,10,0,1,0,24,9,5,14
PR,7615,ITAMBE,4111100.0,6236.0,63,1010.2629890955742,23,36.507936507936506,Microempresa,1,1.5873015873015872,62,1,0,0,0,Lanchonetes,63,11,0,5,7,14,6,9,11
MA,773,DOM PEDRO,2103802.0,23607.0,63,266.8699961875715,27,42.857142857142854,Microempresa,4,6.349206349206349,59,1,3,0,0,Restaurantes,63,2,0,2,2,22,2,0,33
PE,2289,LAGOA DO CARRO,2608453.0,18892.0,63,333.47448655515564,22,34.92063492063492,Microempresa,0,0.0,63,0,0,0,0,Outros Food Service,63,7,0,0,2,15,17,9,13
MG,4993,PERDIGAO,3149705.0,13301.0,63,473.6485978497857,26,41.269841269841265,Microempresa,2,3.1746031746031744,61,1,1,0,0,Lanchonetes,63,11,0,1,1,18,10,5,17
PB,1961,CAAPORA,2503001.0,22014.0,63,286.1815208503679,31,49.2063492063492,Microempresa,5,7.936507936507936,58,3,2,0,0,Restaurantes,63,3,1,6,0,11,4,12,26
MG,4409,CRISTINA,3120508.0,10657.0,63,591.1607394200995,28,44.44444444444444,Microempresa,1,1.5873015873015872,62,0,1,0,0,Lanchonetes,63,12,0,1,0,24,7,8,11
MS,9081,GUIA LOPES DA LAGUNA,5004106.0,10097.0,63,623.9477072397742,31,49.2063492063492,Microempresa,3,4.761904761904762,60,3,0,0,0,Outros Food Service,63,6,0,2,0,14,22,3,16
RS,8793,PINHEIRO MACHADO,4314506.0,11394.0,63,552.9225908372828,37,58.730158730158735,Microempresa,1,1.5873015873015872,62,0,1,0,0,Outros Food Service,63,9,0,3,1,16,19,5,10
MG,594,CORREGO FUNDO,3119955.0,6355.0,63,991.3453973249411,21,33.33333333333333,Microempresa,3,4.761904761904762,60,3,0,0,0,Lanchonetes,63,11,0,1,1,17,12,13,8
RN,1675,FLORANIA,2403806.0,10582.0,63,595.3505953505953,26,41.269841269841265,Microempresa,0,0.0,63,0,0,0,0,Alimentação preparada,63,21,0,0,1,18,9,2,12
MT,9071,DOM AQUINO,5103601.0,7865.0,63,801.0171646535283,33,52.38095238095239,Microempresa,3,4.761904761904762,60,3,0,0,0,Restaurantes,63,15,0,0,4,15,11,2,16
BA,3949,UNA,2932507.0,18117.0,63,347.73969200198707,22,34.92063492063492,Microempresa,0,0.0,63,0,0,0,0,Restaurantes,63,8,0,1,3,20,8,2,21
PR,7781,PORTO AMAZONAS,4120101.0,4046.0,62,1532.3776569451309,28,45.16129032258064,Microempresa,0,0.0,62,0,0,0,0,Lanchonetes,62,12,0,1,0,25,6,12,6
MG,2685,CARNEIRINHO,3114550.0,9636.0,62,643.4205064342051,26,41.935483870967744,Microempresa,1,1.6129032258064515,61,1,0,0,0,Lanchonetes,62,14,0,0,2,24,12,4,6
RS,8675,SAO VICENTE DO SUL,4319802.0,8257.0,62,750.878042872714,24,38.70967741935484,Microempresa,0,0.0,62,0,0,0,0,Lanchonetes,62,16,0,0,0,20,10,8,8
SC,8347,SIDEROPOLIS,4217600.0,14223.0,62,435.9136609716656,27,43.54838709677419,Microempresa,5,8.064516129032258,57,5,0,0,0,Restaurantes,62,14,0,1,2,13,5,6,21
AL,2865,SAO JOSE DA LAJE,2708303.0,21175.0,62,292.79811097992916,29,46.774193548387096,Microempresa,1,1.6129032258064515,61,1,0,0,0,Outros Food Service,62,13,0,2,3,14,18,6,6
PR,7473,CAMBIRA,4103800.0,10182.0,62,608.9176978982518,28,45.16129032258064,Microempresa,0,0.0,62,0,0,0,0,Lanchonetes,62,4,0,0,1,27,11,9,10
PA,581,CURIONOPOLIS,1502772.0,21088.0,62,294.0060698027314,35,56.451612903225815,Microempresa,3,4.838709677419355,59,1,2,0,0,Restaurantes,62,8,0,7,3,13,10,1,20
SC,9967,SANTA ROSA DO SUL,4215653.0,10595.0,62,585.181689476168,33,53.2258064516129,Microempresa,2,3.225806451612903,60,2,0,0,0,Lanchonetes,62,12,1,2,1,19,4,9,14
GO,9485,NAZARIO,5214408.0,8367.0,62,741.0063344089876,22,35.483870967741936,Microempresa,0,0.0,62,0,0,0,0,Lanchonetes,62,7,0,2,1,24,9,7,12
BA,3903,SENTO SE,2930204.0,40310.0,62,153.80798809228477,26,41.935483870967744,Microempresa,5,8.064516129032258,57,3,2,0,0,Restaurantes,62,4,0,1,0,11,15,4,27
SP,6783,ORIENTE,3534104.0,6180.0,62,1003.2362459546927,18,29.03225806451613,Microempresa,0,0.0,62,0,0,0,0,Lanchonetes,62,7,0,0,3,26,17,2,7
RO,683,ITAPUA DO OESTE,1101104.0,9247.0,62,670.4877257488915,36,58.06451612903226,Microempresa,6,9.67741935483871,56,5,1,0,0,Restaurantes,62,10,2,4,0,15,8,4,19
AL,2855,ROTEIRO,2707800.0,6606.0,62,938.5407205570692,33,53.2258064516129,Microempresa,6,9.67741935483871,56,6,0,0,0,Restaurantes,62,2,0,0,1,11,16,2,30
PB,2223,SOLEDADE,2516102.0,14435.0,62,429.5116037409075,22,35.483870967741936,Microempresa,3,4.838709677419355,59,3,0,0,0,Lanchonetes,62,9,0,0,3,21,9,6,14
PR,7851,SANTA IZABEL DO OESTE,4123808.0,14519.0,62,427.0266547282871,32,51.61290322580645,Microempresa,1,1.6129032258064515,61,1,0,0,0,Lanchonetes,62,4,0,0,4,21,8,12,13
PR,7707,MOREIRA SALES,4116109.0,10955.0,62,565.9516202647193,22,35.483870967741936,Microempresa,0,0.0,62,0,0,0,0,Lanchonetes,62,12,0,1,2,26,12,4,5
RS,8663,FONTOURA XAVIER,4308300.0,9710.0,62,638.5169927909373,21,33.87096774193548,Microempresa,0,0.0,62,0,0,0,0,Lanchonetes,62,1,1,0,0,31,6,8,15
MG,602,DELTA,3121258.0,11275.0,62,549.8891352549889,34,54.83870967741935,Microempresa,2,3.225806451612903,60,1,1,0,0,Lanchonetes,62,5,0,1,0,35,6,3,12
MG,4081,ARCEBURGO,3104106.0,9323.0,62,665.0219886302692,33,53.2258064516129,Microempresa,4,6.451612903225806,58,1,3,0,0,Lanchonetes,62,8,0,6,3,20,8,8,9
SP,6325,CATIGUA,3511201.0,7097.0,62,873.608567000141,19,30.64516129032258,Microempresa,1,1.6129032258064515,61,1,0,0,0,Lanchonetes,62,8,0,0,5,28,10,3,8
RS,8603,CHAPADA,4305306.0,9751.0,62,635.8322223361706,20,32.25806451612903,Microempresa,0,0.0,62,0,0,0,0,Restaurantes,62,5,1,0,3,16,9,11,17
SP,7147,SUD MENNUCCI,3552304.0,7461.0,62,830.987803243533,16,25.806451612903224,Microempresa,0,0.0,62,0,0,0,0,Lanchonetes,62,9,0,0,2,20,12,10,9
PA,463,IGARAPE-ACU,1503200.0,37992.0,62,163.19225100021058,27,43.54838709677419,Microempresa,0,0.0,62,0,0,0,0,Restaurantes,62,8,0,0,2,17,11,2,22
MG,4039,ALTEROSA,3102001.0,14291.0,62,433.83947939262475,27,43.54838709677419,Microempresa,0,0.0,62,0,0,0,0,Lanchonetes,62,6,0,1,0,19,13,10,13
RS,8797,PLANALTO,4314704.0,10625.0,61,574.1176470588235,24,39.34426229508197,Microempresa,2,3.278688524590164,59,2,0,0,0,Outros Food Service,61,11,0,0,1,18,22,4,5
PE,2421,GLORIA DO GOITA,2606101.0,30465.0,61,200.22977186935827,23,37.704918032786885,Microempresa,2,3.278688524590164,59,0,2,0,0,Outros Food Service,61,7,0,3,3,12,16,9,11
MG,4663,ITANHOMI,3133204.0,11233.0,61,543.0428202617288,32,52.459016393442624,Microempresa,0,0.0,61,0,0,0,0,Lanchonetes,61,11,0,0,1,24,9,5,11
CE,1251,GUAIUBA,2304954.0,25227.0,61,241.80441590359536,33,54.09836065573771,Microempresa,1,1.639344262295082,60,0,1,0,0,Lanchonetes,61,8,0,3,3,17,12,5,13
SP,6941,QUINTANA,3542008.0,7291.0,61,836.6479220957344,24,39.34426229508197,Microempresa,0,0.0,61,0,0,0,0,Lanchonetes,61,9,0,2,0,32,2,8,8
MG,4605,IGUATAMA,3130309.0,6723.0,61,907.3330358470921,30,49.18032786885246,Microempresa,1,1.639344262295082,60,1,0,0,0,Lanchonetes,61,13,0,1,3,18,9,5,12
CE,1457,MARCO,2307809.0,27283.0,61,223.58245061027014,25,40.98360655737705,Microempresa,1,1.639344262295082,60,1,0,0,0,Restaurantes,61,6,0,0,4,17,3,9,22
AL,2757,GIRAU DO PONCIANO,2702900.0,37338.0,61,163.3724355884086,33,54.09836065573771,Microempresa,1,1.639344262295082,60,1,0,0,0,Lanchonetes,61,8,1,0,1,20,15,5,11
PA,599,SANTA MARIA DAS BARREIRAS,1506583.0,17051.0,61,357.7502785760366,28,45.90163934426229,Microempresa,6,9.836065573770492,55,6,0,0,0,Restaurantes,61,4,3,0,6,9,4,6,29
CE,1367,CARNAUBAL,2303402.0,17869.0,61,341.3733281101349,32,52.459016393442624,Microempresa,0,0.0,61,0,0,0,0,Restaurantes,61,7,0,2,4,13,5,9,21
MG,5159,SANTA MARIA DE ITABIRA,3158003.0,10721.0,61,568.9767745546125,21,34.42622950819672,Microempresa,5,8.19672131147541,56,4,1,0,0,Lanchonetes,61,12,0,4,3,18,8,6,10
PR,7537,CURIUVA,4107009.0,13767.0,61,443.08854507154786,21,34.42622950819672,Microempresa,2,3.278688524590164,59,2,0,0,0,Restaurantes,61,7,1,0,0,17,12,6,18
RN,1613,ALTO DO RODRIGUES,2400703.0,12890.0,61,473.2350659425911,23,37.704918032786885,Microempresa,4,6.557377049180328,57,0,4,0,0,Outros Food Service,61,5,0,4,3,9,20,8,12
MG,4603,IGARATINGA,3130200.0,11434.0,61,533.4965891201679,25,40.98360655737705,Microempresa,1,1.639344262295082,60,1,0,0,0,Padarias e confeitaria,61,1,0,2,2,17,5,20,14
MG,604,DIVISA ALEGRE,3122355.0,6568.0,61,928.7454323995128,25,40.98360655737705,Microempresa,0,0.0,61,0,0,0,0,Restaurantes,61,11,0,0,2,14,10,6,18
RN,1601,ACARI,2400109.0,10846.0,61,562.4193250968099,26,42.62295081967213,Microempresa,0,0.0,61,0,0,0,0,Alimentação preparada,61,15,1,1,4,15,9,5,11
SC,8391,MARACAJA,4210407.0,8478.0,61,719.5093182354329,34,55.73770491803278,Microempresa,3,4.918032786885246,58,1,2,0,0,Lanchonetes,61,12,0,7,0,22,3,5,12
MG,4841,MIRADOURO,3142106.0,8899.0,61,685.4702775592764,19,31.147540983606557,Microempresa,1,1.639344262295082,60,1,0,0,0,Lanchonetes,61,14,0,1,0,19,11,3,13
SE,3223,SALGADO,2806206.0,20874.0,61,292.2295678834914,33,54.09836065573771,Microempresa,2,3.278688524590164,59,2,0,0,0,Restaurantes,61,6,0,4,2,14,9,6,20
PE,2309,AGUAS BELAS,2600500.0,43922.0,61,138.88256454624107,25,40.98360655737705,Microempresa,0,0.0,61,0,0,0,0,Lanchonetes,61,5,0,0,2,18,14,4,18
MT,9083,GUIRATINGA,5104203.0,9975.0,61,611.5288220551379,25,40.98360655737705,Microempresa,1,1.639344262295082,60,0,1,0,0,Lanchonetes,61,7,0,1,2,28,7,4,12
SP,6491,IBIRAREMA,3519501.0,6439.0,61,947.352073303308,18,29.508196721311474,Microempresa,1,1.639344262295082,60,1,0,0,0,Lanchonetes,61,12,0,1,3,23,9,5,8
RO,6,CHUPINGUAIA,1100924.0,10250.0,61,595.1219512195122,28,45.90163934426229,Microempresa,1,1.639344262295082,60,0,1,0,0,Lanchonetes,61,5,1,2,1,20,9,7,16
SP,6207,BARRA DO TURVO,3505401.0,6868.0,61,888.1770529994176,28,45.90163934426229,Microempresa,0,0.0,61,0,0,0,0,Lanchonetes,61,7,0,1,3,28,11,4,7
PR,7975,MARILENA,4115002.0,7474.0,60,802.7829810008028,23,38.333333333333336,Microempresa,1,1.6666666666666667,59,1,0,0,0,Lanchonetes,60,11,0,0,2,21,10,8,8
ES,5723,LARANJA DA TERRA,3203163.0,11622.0,60,516.2622612287042,25,41.66666666666667,Microempresa,1,1.6666666666666667,59,1,0,0,0,Alimentação preparada,60,17,0,0,2,17,8,3,13
BA,3549,SANTA RITA DE CASSIA,2928406.0,28932.0,60,207.3828287017835,34,56.666666666666664,Microempresa,0,0.0,60,0,0,0,0,Lanchonetes,60,5,0,0,2,21,14,4,14
SP,7063,SANTO ANTONIO DO JARDIM,3548104.0,6248.0,60,960.3072983354673,28,46.666666666666664,Microempresa,1,1.6666666666666667,59,1,0,0,0,Outros Food Service,60,2,0,0,0,23,30,2,3
AC,643,ACRELANDIA,1200013.0,14762.0,60,406.4489906516732,34,56.666666666666664,Microempresa,0,0.0,60,0,0,0,0,Lanchonetes,60,3,0,0,0,24,12,5,16
GO,9797,FAINA,5207535.0,7169.0,60,836.9368112707491,15,25.0,Microempresa,1,1.6666666666666667,59,1,0,0,0,Lanchonetes,60,2,0,1,0,29,10,2,16
PR,7539,DIAMANTE DO NORTE,4107108.0,5116.0,60,1172.7912431587179,31,51.66666666666667,Microempresa,0,0.0,60,0,0,0,0,Lanchonetes,60,10,0,2,1,17,8,7,15
RS,8527,ARVOREZINHA,4301404.0,10547.0,60,568.8821465819665,18,30.0,Microempresa,0,0.0,60,0,0,0,0,Lanchonetes,60,3,0,0,2,20,16,10,9
SP,6413,FERNANDO PRESTES,3515608.0,6092.0,60,984.898227183191,26,43.333333333333336,Microempresa,0,0.0,60,0,0,0,0,Lanchonetes,60,10,0,0,0,24,9,7,10
MT,1078,BOM JESUS DO ARAGUAIA,5101852.0,8091.0,60,741.5647015202077,30,50.0,Microempresa,3,5.0,57,2,1,0,0,Lanchonetes,60,2,0,0,2,25,8,1,22
PR,7585,GUARAQUECABA,4109500.0,7418.0,60,808.8433540037746,20,33.33333333333333,Microempresa,0,0.0,60,0,0,0,0,Lanchonetes,60,3,0,2,1,28,5,0,21
PA,409,ALMEIRIM,1500503.0,36545.0,60,164.18114653167328,20,33.33333333333333,Microempresa,3,5.0,57,1,2,0,0,Restaurantes,60,4,0,4,1,15,12,3,21
SC,8029,ARMAZEM,4201505.0,9388.0,60,639.1137622496805,22,36.666666666666664,Microempresa,2,3.3333333333333335,58,2,0,0,0,Lanchonetes,60,9,0,2,0,22,8,11,8
PR,7865,SANTO INACIO,4124509.0,6521.0,60,920.104278484895,25,41.66666666666667,Microempresa,2,3.3333333333333335,58,0,2,0,0,Lanchonetes,60,9,0,2,0,28,5,1,15
PR,7871,SAO JOAO,4124806.0,12377.0,60,484.7701381594894,21,35.0,Microempresa,0,0.0,60,0,0,0,0,Lanchonetes,60,5,0,1,2,23,16,2,11
CE,1399,GROAIRAS,2304905.0,11422.0,60,525.3020486779898,34,56.666666666666664,Microempresa,0,0.0,60,0,0,0,0,Lanchonetes,60,8,0,0,4,25,4,6,13
MG,4153,BOM JESUS DO AMPARO,3107703.0,5797.0,60,1035.0181128169743,18,30.0,Microempresa,3,5.0,57,2,1,0,0,Restaurantes,60,6,0,0,0,18,5,1,30
SP,6833,PAULO DE FARIA,3536604.0,7354.0,60,815.8825129181398,18,30.0,Microempresa,0,0.0,60,0,0,0,0,Outros Food Service,60,7,1,1,3,13,19,5,11
SE,3155,INDIAROBA,2802809.0,17030.0,60,352.31943628890195,34,56.666666666666664,Microempresa,0,0.0,60,0,0,0,0,Restaurantes,60,3,0,0,0,16,8,9,24
MG,5069,ALTO JEQUITIBA,3153509.0,8615.0,60,696.4596633778293,24,40.0,Microempresa,1,1.6666666666666667,59,1,0,0,0,Lanchonetes,60,1,0,2,0,31,10,3,13
CE,1353,CAMPOS SALES,2302701.0,26017.0,59,226.77480109159396,31,52.54237288135594,Microempresa,2,3.389830508474576,57,2,0,0,0,Lanchonetes,59,8,0,1,0,20,8,7,15
MG,5185,SANTA RITA DE JACUTINGA,3159308.0,4816.0,59,1225.0830564784053,17,28.8135593220339,Microempresa,0,0.0,59,0,0,0,0,Lanchonetes,59,6,0,1,2,26,7,3,14
GO,9607,SERRANOPOLIS,5220504.0,8272.0,59,713.2495164410058,39,66.10169491525424,Microempresa,2,3.389830508474576,57,1,1,0,0,Outros Food Service,59,9,1,4,0,18,19,1,7
MG,5433,VIRGEM DA LAPA,3171600.0,11686.0,59,504.8776313537566,29,49.152542372881356,Microempresa,1,1.694915254237288,58,1,0,0,0,Lanchonetes,59,4,3,1,3,15,14,10,9
MA,901,SANTA RITA,2110203.0,38625.0,59,152.75080906148867,24,40.67796610169492,Microempresa,2,3.389830508474576,57,2,0,0,0,Restaurantes,59,6,0,2,3,15,14,3,16
BA,3939,UAUA,2932002.0,25457.0,59,231.76336567545275,31,52.54237288135594,Microempresa,0,0.0,59,0,0,0,0,Lanchonetes,59,10,0,2,0,19,10,4,14
SP,7257,GUATAPARA,3518859.0,7485.0,59,788.2431529726119,29,49.152542372881356,Microempresa,0,0.0,59,0,0,0,0,Outros Food Service,59,19,0,1,0,4,20,4,11
GO,9281,CACHOEIRA ALTA,5204102.0,11917.0,59,495.0910464042964,24,40.67796610169492,Microempresa,2,3.389830508474576,57,2,0,0,0,Lanchonetes,59,5,0,1,1,26,8,4,14
PR,7987,TRES BARRAS DO PARANA,4127858.0,11115.0,59,530.8142150247413,23,38.983050847457626,Microempresa,2,3.389830508474576,57,2,0,0,0,Lanchonetes,59,6,0,0,6,19,8,10,10
PR,7995,NOVA PRATA DO IGUACU,4117255.0,13482.0,59,437.620531078475,24,40.67796610169492,Microempresa,0,0.0,59,0,0,0,0,Lanchonetes,59,9,0,1,1,27,6,5,10
MS,9997,CORONEL SAPUCAIA,5003157.0,14708.0,59,401.1422355180854,22,37.28813559322034,Microempresa,3,5.084745762711865,56,0,3,0,0,Lanchonetes,59,5,1,0,1,29,8,8,7
ES,5733,AGUIA BRANCA,3200136.0,10183.0,59,579.3970342728076,19,32.20338983050847,Microempresa,0,0.0,59,0,0,0,0,Lanchonetes,59,5,0,0,0,25,6,6,17
MS,9811,SELVIRIA,5007802.0,8834.0,59,667.8741227077202,29,49.152542372881356,Microempresa,4,6.779661016949152,55,3,1,0,0,Lanchonetes,59,9,1,4,0,21,7,5,12
PE,2533,RIACHO DAS ALMAS,2611705.0,21561.0,59,273.642224386624,30,50.847457627118644,Microempresa,0,0.0,59,0,0,0,0,Lanchonetes,59,10,2,0,1,13,13,11,9
BA,3465,CONCEICAO DO ALMEIDA,2908309.0,16087.0,59,366.75576552495806,28,47.45762711864407,Microempresa,1,1.694915254237288,58,1,0,0,0,Outros Food Service,59,9,1,0,3,8,17,6,15
SP,6943,RAFARD,3542107.0,9156.0,59,644.3861948449104,19,32.20338983050847,Microempresa,2,3.389830508474576,57,0,2,0,0,Lanchonetes,59,5,1,3,3,22,11,8,6
PB,1951,BOQUEIRAO,2502508.0,18276.0,59,322.82775224337934,24,40.67796610169492,Microempresa,0,0.0,59,0,0,0,0,Lanchonetes,59,6,0,0,0,26,6,6,15
GO,9785,CEZARINA,5205455.0,8336.0,59,707.7735124760077,37,62.71186440677966,Microempresa,6,10.16949152542373,53,0,6,0,0,Restaurantes,59,11,0,1,4,11,11,8,13
MG,5057,PRATAPOLIS,3152907.0,8518.0,59,692.6508570086875,21,35.59322033898305,Microempresa,1,1.694915254237288,58,1,0,0,0,Outros Food Service,59,5,0,2,0,16,20,2,14
PR,7829,RONDON,4122602.0,9261.0,59,637.0802289169636,19,32.20338983050847,Microempresa,5,8.47457627118644,54,2,3,0,0,Outros Food Service,59,12,2,5,1,8,16,5,10
SC,8007,AGUA DOCE,4200408.0,6547.0,59,901.1761111959676,21,35.59322033898305,Microempresa,3,5.084745762711865,56,2,1,0,0,Restaurantes,59,12,0,1,0,16,0,10,20
RS,8761,NOVA BASSANO,4312906.0,9867.0,59,597.9527718658153,24,40.67796610169492,Microempresa,13,22.033898305084744,46,10,3,0,0,Restaurantes,59,6,0,7,0,13,9,6,18
RN,1719,JUCURUTU,2406106.0,18320.0,59,322.05240174672485,24,40.67796610169492,Microempresa,1,1.694915254237288,58,0,1,0,0,Lanchonetes,59,3,1,2,5,22,8,8,10
CE,1481,MUCAMBO,2309003.0,13988.0,59,421.7901058049757,22,37.28813559322034,Microempresa,0,0.0,59,0,0,0,0,Lanchonetes,59,5,0,1,1,30,8,3,11
SP,6173,ARIRANHA,3503703.0,7592.0,59,777.1338250790305,20,33.89830508474576,Microempresa,2,3.389830508474576,57,1,1,0,0,Lanchonetes,59,10,3,3,1,17,14,0,11
CE,1565,TAMBORIL,2313203.0,25314.0,59,233.07260804298016,23,38.983050847457626,Microempresa,1,1.694915254237288,58,1,0,0,0,Lanchonetes,59,4,1,2,6,19,12,3,12
PB,2231,TAPEROA,2516508.0,14342.0,59,411.37916608562267,32,54.23728813559322,Microempresa,3,5.084745762711865,56,1,2,0,0,Alimentação preparada,59,15,0,0,1,15,9,5,14
SP,7141,SILVEIRAS,3552007.0,6341.0,58,914.6822267781107,24,41.37931034482759,Microempresa,0,0.0,58,0,0,0,0,Lanchonetes,58,11,3,0,1,18,7,5,13
SC,8191,LEBON REGIS,4209706.0,11547.0,58,502.294968390058,25,43.103448275862064,Microempresa,2,3.4482758620689653,56,1,1,0,0,Lanchonetes,58,4,0,2,0,18,9,9,16
PR,7595,IGUARACU,4110003.0,5777.0,58,1003.9813051756967,21,36.206896551724135,Microempresa,2,3.4482758620689653,56,2,0,0,0,Lanchonetes,58,10,0,2,0,21,5,3,17
PR,5505,SANTA MARIA DO OESTE,4123857.0,9786.0,58,592.683425301451,29,50.0,Microempresa,0,0.0,58,0,0,0,0,Lanchonetes,58,6,0,0,2,24,8,7,11
PR,7593,ICARAIMA,4109906.0,9158.0,58,633.3260537235204,23,39.6551724137931,Microempresa,0,0.0,58,0,0,0,0,Outros Food Service,58,8,0,0,0,15,23,2,10
SP,7189,TERRA ROXA,3554409.0,7947.0,58,729.8351579212281,31,53.44827586206896,Microempresa,0,0.0,58,0,0,0,0,Alimentação preparada,58,20,0,1,2,19,10,1,5
MG,686,PIEDADE DE CARATINGA,3150158.0,9046.0,58,641.1673667919522,27,46.55172413793103,Microempresa,2,3.4482758620689653,56,2,0,0,0,Lanchonetes,58,11,0,0,0,22,12,5,8
PI,1053,COCAL,2202703.0,29386.0,58,197.37289865922546,28,48.275862068965516,Microempresa,0,0.0,58,0,0,0,0,Lanchonetes,58,1,0,1,2,18,14,4,18
MG,4269,CARBONITA,3113503.0,8574.0,58,676.4637275484022,17,29.310344827586203,Microempresa,4,6.896551724137931,54,2,2,0,0,Lanchonetes,58,8,1,2,6,16,9,6,10
SP,3061,NOVA CAMPINA,3532827.0,8630.0,58,672.0741599073001,19,32.758620689655174,Microempresa,3,5.172413793103448,55,0,3,0,0,Lanchonetes,58,2,0,5,0,25,5,9,12
PR,7681,MANOEL RIBAS,4114500.0,14740.0,58,393.4871099050203,31,53.44827586206896,Microempresa,4,6.896551724137931,54,4,0,0,0,Lanchonetes,58,1,0,2,1,30,8,6,10
MT,9773,APIACAS,5100805.0,8693.0,58,667.2034970666053,26,44.827586206896555,Microempresa,0,0.0,58,0,0,0,0,Lanchonetes,58,7,0,0,1,28,10,6,6
GO,9673,CACHOEIRA DOURADA,5204250.0,7724.0,58,750.9062661833248,32,55.172413793103445,Microempresa,1,1.7241379310344827,57,0,1,0,0,Lanchonetes,58,8,0,1,3,22,6,3,15
GO,9589,SANTA TEREZINHA DE GOIAS,5219704.0,10856.0,58,534.2667649226235,26,44.827586206896555,Microempresa,2,3.4482758620689653,56,0,2,0,0,Lanchonetes,58,6,0,3,2,20,14,5,8
SP,6481,HERCULANDIA,3519006.0,9329.0,58,621.7172258548612,10,17.24137931034483,Microempresa,0,0.0,58,0,0,0,0,Outros Food Service,58,13,0,0,2,17,18,3,5
RS,6019,MORRO REUTER,4312476.0,6167.0,58,940.4897032592834,19,32.758620689655174,Microempresa,4,6.896551724137931,54,4,0,0,0,Restaurantes,58,5,0,5,2,5,9,3,29
CE,1391,FRECHEIRINHA,2304509.0,16663.0,58,348.07657684690633,33,56.896551724137936,Microempresa,0,0.0,58,0,0,0,0,Lanchonetes,58,3,0,0,4,17,11,7,16
PA,593,PACAJA,1505486.0,43882.0,58,132.17264482019962,24,41.37931034482759,Microempresa,1,1.7241379310344827,57,1,0,0,0,Restaurantes,58,5,0,3,0,12,12,4,22
PR,7467,CALIFORNIA,4103503.0,9002.0,58,644.3012663852477,28,48.275862068965516,Microempresa,0,0.0,58,0,0,0,0,Lanchonetes,58,9,0,0,3,31,8,1,6
MG,4729,JORDANIA,3136504.0,10546.0,58,549.9715531955244,21,36.206896551724135,Microempresa,0,0.0,58,0,0,0,0,Lanchonetes,58,7,0,4,1,26,5,4,11
TO,9663,NOVA OLINDA,1714880.0,10592.0,58,547.583081570997,28,48.275862068965516,Microempresa,4,6.896551724137931,54,4,0,0,0,Lanchonetes,58,6,0,1,2,21,6,3,19
MG,4059,ANTONIO DIAS,3103009.0,9362.0,57,608.8442640461441,15,26.31578947368421,Microempresa,7,12.280701754385964,50,7,0,0,0,Restaurantes,57,6,0,0,3,12,7,5,24
SP,6227,BILAC,3506409.0,7473.0,57,762.745885186672,24,42.10526315789473,Microempresa,2,3.508771929824561,55,2,0,0,0,Outros Food Service,57,11,1,0,3,12,15,6,9
MG,4889,NAZARENO,3144508.0,8424.0,57,676.6381766381767,22,38.59649122807017,Microempresa,1,1.7543859649122806,56,1,0,0,0,Lanchonetes,57,7,0,0,2,22,3,9,14
SC,5547,SANGAO,4215455.0,14022.0,57,406.50406504065046,23,40.35087719298245,Microempresa,1,1.7543859649122806,56,1,0,0,0,Restaurantes,57,9,0,2,1,13,11,7,14
AL,2829,PASSO DE CAMARAGIBE,2706505.0,14068.0,57,405.17486494171175,33,57.89473684210527,Microempresa,6,10.526315789473683,51,5,1,0,0,Lanchonetes,57,5,0,1,2,18,8,8,15
SC,8217,MONTE CASTELO,4211108.0,7708.0,57,739.4914374675661,22,38.59649122807017,Microempresa,2,3.508771929824561,55,2,0,0,0,Lanchonetes,57,3,0,0,0,21,10,11,12
SP,6479,GUZOLANDIA,3518909.0,4243.0,57,1343.389111477728,19,33.33333333333333,Microempresa,0,0.0,57,0,0,0,0,Lanchonetes,57,4,0,2,0,33,10,4,4
MG,5417,VARZELANDIA,3170909.0,19206.0,57,296.78225554514216,32,56.14035087719298,Microempresa,1,1.7543859649122806,56,1,0,0,0,Restaurantes,57,7,0,3,7,15,2,7,16
MG,5377,TIROS,3168903.0,8287.0,57,687.8243031253771,32,56.14035087719298,Microempresa,0,0.0,57,0,0,0,0,Lanchonetes,57,10,0,1,1,23,10,5,7
RS,8825,RONDA ALTA,4316105.0,9969.0,57,571.7724947336744,19,33.33333333333333,Microempresa,0,0.0,57,0,0,0,0,Restaurantes,57,5,0,1,0,13,11,4,23
BA,3865,SANTANA,2928208.0,25531.0,57,223.25800007833612,17,29.82456140350877,Microempresa,1,1.7543859649122806,56,1,0,0,0,Restaurantes,57,2,1,0,0,14,17,3,20
PE,2547,SANHARO,2612406.0,18699.0,57,304.8291352478742,21,36.84210526315789,Microempresa,2,3.508771929824561,55,2,0,0,0,Restaurantes,57,9,1,0,4,11,12,3,17
CE,1405,HIDROLANDIA,2305209.0,18148.0,57,314.08419660568654,18,31.57894736842105,Microempresa,2,3.508771929824561,55,2,0,0,0,Restaurantes,57,3,1,1,4,13,9,7,19
RO,675,ALTO PARAISO,1100403.0,17471.0,57,326.2549367523324,28,49.122807017543856,Microempresa,5,8.771929824561402,52,5,0,0,0,Lanchonetes,57,7,0,1,0,23,7,6,13
RN,1747,MARTINS,2407401.0,8420.0,57,676.9596199524941,21,36.84210526315789,Microempresa,3,5.263157894736842,54,3,0,0,0,Restaurantes,57,4,0,0,2,16,7,7,21
MG,4629,IPUIUNA,3131505.0,9268.0,57,615.0194216659473,19,33.33333333333333,Microempresa,1,1.7543859649122806,56,0,1,0,0,Lanchonetes,57,6,0,0,3,26,7,3,12
CE,1577,URUBURETAMA,2313807.0,22460.0,57,253.78450578806766,22,38.59649122807017,Microempresa,0,0.0,57,0,0,0,0,Restaurantes,57,6,0,0,2,16,10,1,22
BA,3919,TANHACU,2931004.0,21828.0,57,261.13249037932934,23,40.35087719298245,Microempresa,4,7.017543859649122,53,4,0,0,0,Restaurantes,57,1,0,0,2,20,6,1,27
PR,7977,FRANCISCO ALVES,4108320.0,8677.0,57,656.9090699550536,33,57.89473684210527,Microempresa,0,0.0,57,0,0,0,0,Lanchonetes,57,8,0,1,0,16,9,7,16
PB,1919,ARARUNA,2501005.0,17282.0,57,329.8229371600509,29,50.877192982456144,Microempresa,2,3.508771929824561,55,0,2,0,0,Lanchonetes,57,3,0,4,1,20,15,4,10
PR,5533,PATO BRAGADO,4118451.0,6060.0,57,940.5940594059406,24,42.10526315789473,Microempresa,0,0.0,57,0,0,0,0,Lanchonetes,57,9,0,0,3,18,16,4,7
MG,4981,PEDRALVA,3149101.0,10860.0,57,524.8618784530387,27,47.368421052631575,Microempresa,0,0.0,57,0,0,0,0,Lanchonetes,57,1,0,1,0,30,7,5,13
MG,4333,COIMBRA,3116704.0,7300.0,57,780.8219178082193,25,43.859649122807014,Microempresa,3,5.263157894736842,54,3,0,0,0,Alimentação preparada,57,15,0,0,0,11,14,6,11
SP,6585,JABORANDI,3524204.0,6269.0,57,909.2359227947042,24,42.10526315789473,Microempresa,1,1.7543859649122806,56,1,0,0,0,Alimentação preparada,57,20,1,4,0,14,6,6,6
MG,4403,CRISTAIS,3120201.0,12688.0,57,449.24337957124845,33,57.89473684210527,Microempresa,0,0.0,57,0,0,0,0,Lanchonetes,57,5,0,0,1,25,11,2,13
RS,8431,CRISTAL,4306056.0,7455.0,57,764.5875251509054,26,45.614035087719294,Microempresa,2,3.508771929824561,55,1,1,0,0,Lanchonetes,57,9,0,0,2,30,6,3,7
SP,6199,BARBOSA,3505104.0,5598.0,57,1018.2207931404072,24,42.10526315789473,Microempresa,0,0.0,57,0,0,0,0,Lanchonetes,57,6,0,1,0,29,5,7,9
BA,3605,ITAGIBA,2915205.0,15692.0,57,363.2424165179709,24,42.10526315789473,Microempresa,0,0.0,57,0,0,0,0,Restaurantes,57,7,1,2,1,16,8,4,18
SC,8287,RIO DO OESTE,4214607.0,8160.0,57,698.529411764706,16,28.07017543859649,Microempresa,5,8.771929824561402,52,4,1,0,0,Lanchonetes,57,10,0,1,2,21,9,5,9
SP,7199,TRES FRONTEIRAS,3554904.0,7102.0,57,802.5908194874683,33,57.89473684210527,Microempresa,0,0.0,57,0,0,0,0,Lanchonetes,57,14,0,2,2,16,13,5,5
MG,4585,IAPU,3129301.0,12675.0,57,449.70414201183434,30,52.63157894736842,Microempresa,0,0.0,57,0,0,0,0,Alimentação preparada,57,15,0,0,5,14,10,5,8
SP,2955,TUIUTI,3554953.0,7002.0,56,799.7714938588975,27,48.214285714285715,Microempresa,1,1.7857142857142856,55,1,0,0,0,Lanchonetes,56,12,0,0,2,15,10,5,12
PE,2469,LAGOA DE ITAENGA,2608503.0,19815.0,56,282.61418117587687,26,46.42857142857143,Microempresa,0,0.0,56,0,0,0,0,Outros Food Service,56,9,0,4,1,10,17,5,10
BA,3763,OLINDINA,2923100.0,22838.0,56,245.20535948857167,25,44.642857142857146,Microempresa,1,1.7857142857142856,55,1,0,0,0,Restaurantes,56,8,0,2,1,11,6,10,18
BA,3759,NOVA SOURE,2922904.0,24828.0,56,225.5517963589496,22,39.285714285714285,Microempresa,2,3.571428571428571,54,2,0,0,0,Lanchonetes,56,4,0,0,1,15,14,9,13
CE,1489,NOVO ORIENTE,2309409.0,29148.0,56,192.12295869356387,14,25.0,Microempresa,0,0.0,56,0,0,0,0,Lanchonetes,56,6,0,3,2,18,10,5,12
SC,1194,PESCARIA BRAVA,4212650.0,10696.0,56,523.5602094240838,22,39.285714285714285,Microempresa,1,1.7857142857142856,55,1,0,0,0,Alimentação preparada,56,19,0,0,0,13,9,11,4
BA,3955,UTINGA,2932804.0,16603.0,56,337.2884418478588,21,37.5,Microempresa,0,0.0,56,0,0,0,0,Outros Food Service,56,7,0,0,5,11,19,4,10
SP,6457,GUARACAI,3517802.0,7423.0,56,754.4119628182675,23,41.07142857142857,Microempresa,2,3.571428571428571,54,2,0,0,0,Restaurantes,56,5,2,1,0,12,11,12,13
PA,621,IPIXUNA DO PARA,1503457.0,28403.0,56,197.16227159102914,40,71.42857142857143,Microempresa,2,3.571428571428571,54,2,0,0,0,Restaurantes,56,6,0,1,4,15,8,1,21
PE,2377,CARNAIBA,2603900.0,19551.0,56,286.4303616183316,19,33.92857142857143,Microempresa,2,3.571428571428571,54,2,0,0,0,Lanchonetes,56,9,0,3,2,11,11,9,11
PE,2407,FEIRA NOVA,2605400.0,22271.0,56,251.44807148309462,23,41.07142857142857,Microempresa,2,3.571428571428571,54,2,0,0,0,Lanchonetes,56,5,0,3,5,14,7,8,14
MS,9801,BODOQUENA,5002159.0,8923.0,56,627.5916171691135,21,37.5,Microempresa,5,8.928571428571429,51,4,1,0,0,Lanchonetes,56,7,0,4,5,21,5,4,10
SP,6433,GALIA,3516606.0,6394.0,56,875.8210822646231,16,28.57142857142857,Microempresa,4,7.142857142857142,52,4,0,0,0,Lanchonetes,56,6,0,0,2,21,10,7,10
AM,223,CAREIRO,1301100.0,32289.0,56,173.4336771036576,29,51.78571428571429,Microempresa,3,5.357142857142857,53,1,2,0,0,Lanchonetes,56,5,0,6,0,17,8,4,16
MA,1285,SANTA LUZIA DO PARUA,2110039.0,24907.0,56,224.8363913759184,33,58.92857142857143,Microempresa,2,3.571428571428571,54,2,0,0,0,Lanchonetes,56,6,0,1,4,14,11,10,10
AL,2875,SAO SEBASTIAO,2708808.0,32709.0,56,171.20670151945947,27,48.214285714285715,Microempresa,1,1.7857142857142856,55,1,0,0,0,Restaurantes,56,0,0,0,3,10,14,14,15
MG,5081,RECREIO,3154101.0,11426.0,56,490.1102748118327,19,33.92857142857143,Microempresa,0,0.0,56,0,0,0,0,Alimentação preparada,56,16,0,1,0,14,10,7,8
PE,2317,AMARAJI,2600906.0,18209.0,56,307.54022736009665,7,12.5,Microempresa,0,0.0,56,0,0,0,0,Lanchonetes,56,5,0,0,2,21,18,1,9
MG,4971,PECANHA,3148608.0,17882.0,56,313.1640756067554,18,32.142857142857146,Microempresa,0,0.0,56,0,0,0,0,Lanchonetes,56,15,0,0,1,16,12,3,9
MG,4383,COROACI,3119203.0,11279.0,56,496.4979164819576,22,39.285714285714285,Microempresa,0,0.0,56,0,0,0,0,Lanchonetes,56,12,1,1,1,16,7,14,4
AL,2725,CAJUEIRO,2701308.0,16559.0,56,338.18467298749925,26,46.42857142857143,Microempresa,2,3.571428571428571,54,2,0,0,0,Lanchonetes,56,7,1,1,4,18,6,11,8
SP,6365,CRISTAIS PAULISTA,3513207.0,9651.0,55,569.8891306600352,19,34.54545454545455,Microempresa,2,3.6363636363636362,53,2,0,0,0,Lanchonetes,55,12,0,1,3,15,14,3,7
BA,3441,CARINHANHA,2907103.0,30498.0,55,180.33969440619057,15,27.27272727272727,Microempresa,2,3.6363636363636362,53,2,0,0,0,Lanchonetes,55,6,0,3,3,24,7,4,8
RS,8613,CONSTANTINA,4305801.0,10631.0,55,517.3549054651492,20,36.36363636363637,Microempresa,3,5.454545454545454,52,3,0,0,0,Lanchonetes,55,8,0,0,1,16,11,6,13
RS,8523,ARROIO DO TIGRE,4301206.0,12290.0,55,447.5183075671277,18,32.72727272727273,Microempresa,1,1.8181818181818181,54,1,0,0,0,Lanchonetes,55,2,0,0,3,23,5,8,14
SP,6463,GUARANTA,3518107.0,6532.0,55,842.0085731781996,20,36.36363636363637,Microempresa,1,1.8181818181818181,54,1,0,0,0,Outros Food Service,55,4,1,0,0,11,17,12,10
GO,9657,VICENTINOPOLIS,5222054.0,9271.0,55,593.2477618379894,30,54.54545454545454,Microempresa,0,0.0,55,0,0,0,0,Restaurantes,55,3,0,2,3,14,8,7,18
PR,7817,RIO AZUL,4122008.0,14174.0,55,388.03442923663044,17,30.909090909090907,Microempresa,0,0.0,55,0,0,0,0,Lanchonetes,55,1,0,0,0,20,18,7,9
SP,6805,PALMEIRA D'OESTE,3535200.0,8951.0,55,614.456485308904,25,45.45454545454545,Microempresa,2,3.6363636363636362,53,2,0,0,0,Lanchonetes,55,5,0,0,0,29,12,2,7
PB,2191,SAO JOSE DE PIRANHAS,2514503.0,19571.0,55,281.0280517091615,20,36.36363636363637,Microempresa,2,3.6363636363636362,53,1,1,0,0,Restaurantes,55,3,0,0,2,13,7,6,24
MG,4963,PATROCINIO DO MURIAE,3148202.0,5772.0,55,952.8759528759529,22,40.0,Microempresa,0,0.0,55,0,0,0,0,Lanchonetes,55,2,0,1,2,29,10,2,9
PR,7843,SANTA CRUZ DE MONTE CASTELO,4123303.0,8872.0,55,619.9278629395852,23,41.81818181818181,Microempresa,0,0.0,55,0,0,0,0,Lanchonetes,55,15,0,1,2,17,13,5,2
RN,1877,TANGARA,2414001.0,13565.0,55,405.4552156284556,24,43.63636363636363,Microempresa,0,0.0,55,0,0,0,0,Lanchonetes,55,9,0,0,3,21,10,8,4
BA,3793,PINDOBACU,2924603.0,19579.0,55,280.91322335155013,23,41.81818181818181,Microempresa,0,0.0,55,0,0,0,0,Lanchonetes,55,2,0,1,1,23,14,1,13
MG,4635,ITABIRINHA,3131802.0,10537.0,55,521.9702002467495,29,52.72727272727272,Microempresa,0,0.0,55,0,0,0,0,Lanchonetes,55,8,0,0,0,19,12,7,9
RS,8857,SANTO ANTONIO DAS MISSOES,4317707.0,10485.0,55,524.5588936576062,15,27.27272727272727,Microempresa,5,9.090909090909092,50,5,0,0,0,Lanchonetes,55,8,0,0,0,22,9,2,14
SP,7041,SANTA MARIA DA SERRA,3547007.0,5303.0,55,1037.1487837073355,21,38.18181818181819,Microempresa,3,5.454545454545454,52,3,0,0,0,Restaurantes,55,9,0,2,0,14,5,9,16
PR,7447,BARBOSA FERRAZ,4102505.0,10465.0,55,525.5613951266125,24,43.63636363636363,Microempresa,0,0.0,55,0,0,0,0,Lanchonetes,55,7,0,1,0,26,9,5,7
AC,151,PLACIDO DE CASTRO,1200385.0,17088.0,55,321.8632958801498,28,50.90909090909091,Microempresa,0,0.0,55,0,0,0,0,Outros Food Service,55,5,2,0,0,7,23,1,17
BA,3847,SALINAS DA MARGARIDA,2927309.0,15685.0,55,350.65349059611094,29,52.72727272727272,Microempresa,2,3.6363636363636362,53,2,0,0,0,Restaurantes,55,3,0,4,2,8,12,4,22
MG,4819,MATO VERDE,3141009.0,12183.0,55,451.4487400476074,23,41.81818181818181,Microempresa,0,0.0,55,0,0,0,0,Lanchonetes,55,5,0,0,3,25,5,4,13
SP,7259,IARAS,3519253.0,8362.0,55,657.7373834011001,27,49.09090909090909,Microempresa,4,7.2727272727272725,51,2,2,0,0,Lanchonetes,55,4,0,2,3,15,12,5,14
MG,4271,CAREACU,3113602.0,7093.0,54,761.313971521218,15,27.77777777777778,Microempresa,2,3.7037037037037033,52,2,0,0,0,Restaurantes,54,1,0,0,1,13,14,9,16
MS,9127,PEDRO GOMES,5006408.0,6850.0,54,788.3211678832116,23,42.592592592592595,Microempresa,1,1.8518518518518516,53,1,0,0,0,Outros Food Service,54,11,0,1,1,7,13,8,13
PA,569,RIO MARIA,1506161.0,19250.0,54,280.5194805194805,22,40.74074074074074,Microempresa,3,5.555555555555555,51,3,0,0,0,Lanchonetes,54,1,0,0,1,22,13,8,9
PA,579,CONCORDIA DO PARA,1502756.0,28253.0,54,191.1301454712774,30,55.55555555555556,Microempresa,4,7.4074074074074066,50,2,2,0,0,Restaurantes,54,2,0,7,2,7,11,3,22
RS,8905,SEBERI,4320206.0,12325.0,54,438.1338742393509,13,24.074074074074073,Microempresa,4,7.4074074074074066,50,3,1,0,0,Restaurantes,54,6,0,3,0,14,11,2,18
CE,1413,INDEPENDENCIA,2305605.0,24400.0,54,221.31147540983605,26,48.148148148148145,Microempresa,2,3.7037037037037033,52,2,0,0,0,Lanchonetes,54,2,0,0,4,19,12,1,16
RJ,784,SAO JOSE DE UBA,3305133.0,7328.0,54,736.8995633187773,25,46.2962962962963,Microempresa,0,0.0,54,0,0,0,0,Lanchonetes,54,9,0,0,0,20,9,9,7
RO,685,MONTE NEGRO,1101401.0,12100.0,54,446.2809917355372,22,40.74074074074074,Microempresa,0,0.0,54,0,0,0,0,Restaurantes,54,3,0,2,0,17,8,2,22
MT,119,NOVA MONTE VERDE,5108956.0,8489.0,54,636.1173283072211,23,42.592592592592595,Microempresa,6,11.11111111111111,48,6,0,0,0,Restaurantes,54,9,0,0,0,14,6,10,15
GO,9575,SANCLERLANDIA,5219001.0,8107.0,54,666.0910324411003,26,48.148148148148145,Microempresa,0,0.0,54,0,0,0,0,Lanchonetes,54,5,0,0,3,22,5,2,17
MG,2689,SENADOR AMARAL,3165578.0,6572.0,54,821.6676810712111,25,46.2962962962963,Microempresa,0,0.0,54,0,0,0,0,Lanchonetes,54,6,0,2,0,19,7,6,14
MG,2669,SANTA RITA DE MINAS,3159357.0,6984.0,54,773.1958762886599,24,44.44444444444444,Microempresa,0,0.0,54,0,0,0,0,Alimentação preparada,54,13,0,2,0,11,13,8,7
RS,8419,ENTRE IJUIS,4306932.0,9368.0,54,576.4304013663535,24,44.44444444444444,Microempresa,1,1.8518518518518516,53,1,0,0,0,Padarias e confeitaria,54,6,0,0,0,11,10,16,11
BA,3645,ITUACU,2917201.0,18519.0,54,291.5924185971165,22,40.74074074074074,Microempresa,1,1.8518518518518516,53,0,1,0,0,Lanchonetes,54,6,0,1,0,16,14,5,12
MG,694,PONTO DOS VOLANTES,3152170.0,11041.0,54,489.0861335024001,24,44.44444444444444,Microempresa,0,0.0,54,0,0,0,0,Lanchonetes,54,6,0,1,1,16,11,5,14
AL,2733,CAPELA,2701704.0,15044.0,54,358.9470885402818,17,31.48148148148148,Microempresa,2,3.7037037037037033,52,2,0,0,0,Lanchonetes,54,4,0,1,0,15,12,9,13
PE,2461,JOAO ALFREDO,2608107.0,28786.0,54,187.59119016188427,22,40.74074074074074,Microempresa,0,0.0,54,0,0,0,0,Padarias e confeitaria,54,1,0,0,0,11,12,15,15
CE,1265,OCARA,2309458.0,25322.0,54,213.2532975278414,23,42.592592592592595,Microempresa,0,0.0,54,0,0,0,0,Restaurantes,54,7,0,1,1,9,7,4,25
BA,3325,ANDARAI,2901304.0,13557.0,53,390.9419488087335,16,30.18867924528302,Microempresa,3,5.660377358490567,50,3,0,0,0,Restaurantes,53,4,0,0,1,19,5,2,22
BA,3851,SANTA BARBARA,2927507.0,21845.0,53,242.61844815747313,21,39.62264150943396,Microempresa,2,3.7735849056603774,51,1,1,0,0,Lanchonetes,53,11,2,1,5,15,9,4,6
RS,8819,ROCA SALES,4315800.0,10646.0,53,497.8395641555514,29,54.71698113207547,Microempresa,1,1.8867924528301887,52,0,1,0,0,Outros Food Service,53,3,0,3,2,11,15,5,14
PI,1089,GUADALUPE,2204501.0,10482.0,53,505.6286968135852,27,50.943396226415096,Microempresa,2,3.7735849056603774,51,2,0,0,0,Restaurantes,53,5,0,0,11,10,8,5,14
CE,1333,AURORA,2301703.0,24223.0,53,218.8003137513933,32,60.37735849056604,Microempresa,0,0.0,53,0,0,0,0,Restaurantes,53,2,0,2,7,7,13,7,15
MG,4571,GUARDA-MOR,3128600.0,6689.0,53,792.3456420989685,20,37.735849056603776,Microempresa,1,1.8867924528301887,52,1,0,0,0,Restaurantes,53,9,1,2,0,12,5,4,20
PR,8463,JURANDA,4112959.0,7906.0,53,670.3769289147483,29,54.71698113207547,Microempresa,2,3.7735849056603774,51,2,0,0,0,Lanchonetes,53,8,0,1,0,18,2,6,18
RR,309,MUCAJAI,1400308.0,20398.0,53,259.8293950387293,32,60.37735849056604,Microempresa,0,0.0,53,0,0,0,0,Lanchonetes,53,4,0,0,2,18,8,6,15
MG,4709,JEQUERI,3135506.0,12621.0,53,419.93502892005387,19,35.84905660377358,Microempresa,0,0.0,53,0,0,0,0,Lanchonetes,53,12,0,2,0,22,10,0,7
PA,485,MARACANA,1504307.0,27054.0,53,195.904487321653,24,45.28301886792453,Microempresa,1,1.8867924528301887,52,1,0,0,0,Restaurantes,53,2,0,0,2,11,8,4,26
MT,1040,NOVA LACERDA,5106182.0,7178.0,53,738.3672332125941,33,62.264150943396224,Microempresa,1,1.8867924528301887,52,0,1,0,0,Alimentação preparada,53,18,1,5,1,18,1,3,6
SP,6447,GUAIMBE,3517307.0,5611.0,53,944.5731598645517,17,32.075471698113205,Microempresa,0,0.0,53,0,0,0,0,Lanchonetes,53,6,0,0,0,24,13,5,5
SC,8365,TROMBUDO CENTRAL,4218608.0,7661.0,53,691.8156898577209,23,43.39622641509434,Microempresa,2,3.7735849056603774,51,2,0,0,0,Lanchonetes,53,6,0,1,0,28,4,6,8
RS,8821,RODEIO BONITO,4315909.0,6831.0,53,775.8746889181672,22,41.509433962264154,Microempresa,2,3.7735849056603774,51,2,0,0,0,Alimentação preparada,53,14,0,1,5,8,3,12,10
BA,3473,CONDEUBA,2908705.0,17563.0,53,301.7707680920116,13,24.528301886792452,Microempresa,2,3.7735849056603774,51,2,0,0,0,Lanchonetes,53,7,0,0,0,12,11,11,12
MA,709,ALTO PARNAIBA,2100501.0,11401.0,53,464.8715024997807,24,45.28301886792453,Microempresa,1,1.8867924528301887,52,1,0,0,0,Restaurantes,53,7,0,0,4,12,8,6,16
AL,2803,MESSIAS,2705200.0,15706.0,53,337.4506558003311,24,45.28301886792453,Microempresa,1,1.8867924528301887,52,0,1,0,0,Lanchonetes,53,4,0,1,1,14,13,12,8
AC,649,PORTO ACRE,1200807.0,17585.0,53,301.3932328689224,30,56.60377358490566,Microempresa,4,7.547169811320755,49,4,0,0,0,Lanchonetes,53,3,0,0,3,18,7,4,18
BA,3829,RIACHO DE SANTANA,2926400.0,32032.0,53,165.45954045954045,25,47.16981132075472,Microempresa,0,0.0,53,0,0,0,0,Restaurantes,53,1,0,3,3,10,11,6,19
MG,4427,DESTERRO DE ENTRE RIOS,3121407.0,7979.0,53,664.2436395538288,25,47.16981132075472,Microempresa,3,5.660377358490567,50,3,0,0,0,Restaurantes,53,8,0,3,0,9,9,11,13
MG,5047,POTE,3152402.0,13553.0,53,391.0573304803365,19,35.84905660377358,Microempresa,1,1.8867924528301887,52,1,0,0,0,Lanchonetes,53,5,0,0,0,22,6,10,10
MT,9863,CAMPINAPOLIS,5102603.0,15902.0,53,333.291409885549,23,43.39622641509434,Microempresa,1,1.8867924528301887,52,0,1,0,0,Lanchonetes,53,0,0,0,1,24,9,3,16
PE,2339,BODOCO,2602001.0,36161.0,53,146.5667431763502,17,32.075471698113205,Microempresa,0,0.0,53,0,0,0,0,Restaurantes,53,2,0,4,1,15,10,5,16
PR,5531,MERCEDES,4115853.0,6248.0,53,848.2714468629962,18,33.9622641509434,Microempresa,1,1.8867924528301887,52,1,0,0,0,Lanchonetes,53,14,0,0,0,19,12,5,3
MG,4719,JOAIMA,3136009.0,13988.0,53,378.8961967400629,19,35.84905660377358,Microempresa,0,0.0,53,0,0,0,0,Lanchonetes,53,7,0,1,1,28,3,7,6
TO,9247,ARRAIAS,1702406.0,10500.0,53,504.76190476190476,22,41.509433962264154,Microempresa,1,1.8867924528301887,52,1,0,0,0,Lanchonetes,53,5,0,1,1,23,8,2,13
PA,465,IGARAPE-MIRI,1503309.0,69918.0,53,75.80308361223148,15,28.30188679245283,Microempresa,3,5.660377358490567,50,3,0,0,0,Alimentação preparada,53,14,0,5,3,5,9,4,13
PR,5487,MARIPA,4115358.0,6878.0,53,770.5728409421343,22,41.509433962264154,Microempresa,0,0.0,53,0,0,0,0,Lanchonetes,53,4,0,2,0,25,10,4,8
GO,9215,ALVORADA DO NORTE,5200803.0,8640.0,53,613.425925925926,25,47.16981132075472,Microempresa,2,3.7735849056603774,51,1,1,0,0,Lanchonetes,53,2,1,0,1,22,4,5,18
SP,6663,MACAUBAL,3528106.0,7575.0,53,699.6699669966997,19,35.84905660377358,Microempresa,0,0.0,53,0,0,0,0,Lanchonetes,53,9,0,0,3,20,6,8,7
SP,3063,TAQUARIVAI,3553856.0,7223.0,53,733.7671327703171,22,41.509433962264154,Microempresa,2,3.7735849056603774,51,1,1,0,0,Lanchonetes,53,7,0,1,1,17,5,8,14
MG,588,CHAPADA GAUCHA,3116159.0,12992.0,53,407.9433497536946,36,67.9245283018868,Microempresa,2,3.7735849056603774,51,2,0,0,0,Lanchonetes,53,5,0,2,4,17,8,3,14
SP,800,IPIGUA,3521150.0,7184.0,52,723.8307349665924,26,50.0,Microempresa,0,0.0,52,0,0,0,0,Alimentação preparada,52,17,0,1,3,8,10,5,8
PR,7423,ANTONIO OLINTO,4101309.0,7027.0,52,740.0028461647929,14,26.923076923076923,Microempresa,1,1.9230769230769231,51,0,1,0,0,Lanchonetes,52,3,0,0,0,23,15,1,10
MG,5013,PIRAJUBA,3150703.0,5864.0,52,886.7667121418827,13,25.0,Microempresa,1,1.9230769230769231,51,0,1,0,0,Outros Food Service,52,7,0,2,2,14,15,5,7
MG,5313,SENADOR FIRMINO,3165701.0,8007.0,52,649.4317472211815,24,46.15384615384615,Microempresa,1,1.9230769230769231,51,1,0,0,0,Lanchonetes,52,1,0,1,1,14,14,10,11
PR,7415,AMAPORA,4100905.0,4646.0,52,1119.2423590185106,16,30.76923076923077,Microempresa,0,0.0,52,0,0,0,0,Lanchonetes,52,7,0,0,0,18,10,9,8
MG,4875,MUNHOZ,3143807.0,7997.0,52,650.2438414405401,20,38.46153846153847,Microempresa,0,0.0,52,0,0,0,0,Lanchonetes,52,3,0,1,1,28,4,6,9
MG,4035,ALPERCATA,3101805.0,7009.0,52,741.9032672278499,22,42.30769230769231,Microempresa,1,1.9230769230769231,51,1,0,0,0,Lanchonetes,52,7,0,2,0,21,6,6,10
PE,2389,CHA GRANDE,2604502.0,21289.0,52,244.25759782047066,29,55.769230769230774,Microempresa,1,1.9230769230769231,51,1,0,0,0,Lanchonetes,52,1,2,1,5,17,7,7,12
MG,2687,LIMEIRA DO OESTE,3138625.0,9290.0,52,559.7416576964478,29,55.769230769230774,Microempresa,2,3.8461538461538463,50,2,0,0,0,Lanchonetes,52,11,0,0,1,18,6,6,10
AM,213,BENJAMIN CONSTANT,1300607.0,41261.0,52,126.02699886090981,25,48.07692307692308,Microempresa,4,7.6923076923076925,48,4,0,0,0,Restaurantes,52,7,0,1,3,14,4,6,17
PR,7627,JABOTI,4111704.0,5687.0,52,914.3660981185159,28,53.84615384615385,Microempresa,0,0.0,52,0,0,0,0,Outros Food Service,52,2,0,0,3,11,16,6,14
SP,7211,UBIRAJARA,3555505.0,5310.0,52,979.2843691148776,21,40.38461538461539,Microempresa,1,1.9230769230769231,51,1,0,0,0,Lanchonetes,52,4,0,0,0,26,15,1,6
GO,9455,PARANAIGUARA,5216304.0,7245.0,52,717.736369910283,32,61.53846153846154,Microempresa,1,1.9230769230769231,51,1,0,0,0,Restaurantes,52,8,0,1,1,15,7,4,16
MS,9053,CARACOL,5002803.0,5078.0,52,1024.0252067743206,21,40.38461538461539,Microempresa,0,0.0,52,0,0,0,0,Alimentação preparada,52,13,0,2,1,13,9,6,8
PA,565,VISEU,1508308.0,62398.0,52,83.33600435911409,25,48.07692307692308,Microempresa,0,0.0,52,0,0,0,0,Restaurantes,52,3,0,0,5,12,12,6,14
PE,2307,AGUA PRETA,2600401.0,26760.0,52,194.31988041853512,26,50.0,Microempresa,2,3.8461538461538463,50,2,0,0,0,Lanchonetes,52,11,0,1,1,13,8,7,11
MT,123,SANTA CARMEM,5107248.0,5912.0,52,879.5669824086604,21,40.38461538461539,Microempresa,2,3.8461538461538463,50,0,2,0,0,Lanchonetes,52,13,0,0,2,16,9,5,7
SC,8315,SAO CARLOS,4216008.0,10413.0,52,499.3757802746567,24,46.15384615384615,Microempresa,1,1.9230769230769231,51,1,0,0,0,Lanchonetes,52,5,0,1,1,20,10,3,12
CE,1561,SOLONOPOLE,2313005.0,18831.0,52,276.14040677606073,26,50.0,Microempresa,0,0.0,52,0,0,0,0,Alimentação preparada,52,12,0,0,5,12,5,8,10
PB,1909,ALAGOINHA,2500502.0,14159.0,52,367.2575746874779,29,55.769230769230774,Microempresa,1,1.9230769230769231,51,1,0,0,0,Outros Food Service,52,7,0,1,5,8,13,11,7
RN,1749,MAXARANGUAPE,2407500.0,10535.0,52,493.5927859515899,19,36.53846153846153,Microempresa,2,3.8461538461538463,50,2,0,0,0,Restaurantes,52,5,0,1,0,9,9,5,23
BA,3085,CANUDOS,2906824.0,16722.0,52,310.96758760913764,29,55.769230769230774,Microempresa,3,5.769230769230769,49,2,1,0,0,Restaurantes,52,5,0,1,1,10,5,6,24
MS,9015,ANAURILANDIA,5000807.0,7643.0,52,680.3611147455188,22,42.30769230769231,Microempresa,0,0.0,52,0,0,0,0,Restaurantes,52,14,0,4,0,5,12,2,15
PE,2405,EXU,2605301.0,33533.0,52,155.07112396743506,27,51.92307692307693,Microempresa,1,1.9230769230769231,51,0,1,0,0,Outros Food Service,52,6,0,1,1,13,14,5,12
MG,4313,CENTRAL DE MINAS,3115706.0,6186.0,51,824.4422890397672,19,37.254901960784316,Microempresa,1,1.9607843137254901,50,1,0,0,0,Lanchonetes,51,5,2,0,3,15,10,3,13
RN,1647,CARNAUBA DOS DANTAS,2402402.0,8324.0,51,612.6862085535801,21,41.17647058823529,Microempresa,1,1.9607843137254901,50,1,0,0,0,Lanchonetes,51,5,0,0,6,17,4,6,13
PR,5455,TUNAS DO PARANA,4127882.0,6859.0,51,743.5486222481412,19,37.254901960784316,Microempresa,2,3.9215686274509802,49,2,0,0,0,Lanchonetes,51,7,0,4,0,15,13,5,7
SP,814,PRATANIA,3541059.0,5280.0,51,965.9090909090909,19,37.254901960784316,Microempresa,1,1.9607843137254901,50,0,1,0,0,Outros Food Service,51,6,0,2,1,10,16,8,8
MG,4161,BONFIM,3108107.0,7747.0,51,658.3193494255842,21,41.17647058823529,Microempresa,0,0.0,51,0,0,0,0,Restaurantes,51,5,0,1,0,16,5,6,18
PA,641,VITORIA DO XINGU,1508357.0,16686.0,51,305.6454512765192,27,52.94117647058824,Microempresa,4,7.8431372549019605,47,2,2,0,0,Outros Food Service,51,5,0,3,2,9,16,4,12
MG,5157,SANTA MARGARIDA,3157906.0,17071.0,51,298.7522699314627,23,45.09803921568628,Microempresa,0,0.0,51,0,0,0,0,Lanchonetes,51,5,0,0,2,30,5,2,7
MG,4163,BONFINOPOLIS DE MINAS,3108206.0,5585.0,51,913.1602506714414,21,41.17647058823529,Microempresa,0,0.0,51,0,0,0,0,Lanchonetes,51,4,2,2,1,17,11,2,12
PR,7831,SABAUDIA,4122701.0,9678.0,51,526.9683818970861,24,47.05882352941176,Microempresa,0,0.0,51,0,0,0,0,Lanchonetes,51,7,0,0,0,26,4,11,3
MS,9923,JUTI,5005152.0,7122.0,51,716.0909856781802,20,39.21568627450981,Microempresa,0,0.0,51,0,0,0,0,Alimentação preparada,51,15,0,1,1,13,11,2,8
MG,4545,GALILEIA,3127305.0,6209.0,51,821.3883072958608,30,58.82352941176471,Microempresa,0,0.0,51,0,0,0,0,Lanchonetes,51,8,0,1,0,19,5,6,12
MG,4377,CORDISBURGO,3118908.0,7481.0,51,681.7270418393263,20,39.21568627450981,Microempresa,3,5.88235294117647,48,3,0,0,0,Restaurantes,51,10,1,0,2,8,14,1,15
MG,4717,JESUANIA,3135902.0,5342.0,51,954.6986147510296,20,39.21568627450981,Microempresa,0,0.0,51,0,0,0,0,Lanchonetes,51,9,0,0,0,20,3,7,12
PR,7463,BORRAZOPOLIS,4103305.0,7809.0,51,653.0925854782943,17,33.33333333333333,Microempresa,0,0.0,51,0,0,0,0,Lanchonetes,51,6,1,0,2,18,14,2,8
BA,3461,COCOS,2908101.0,19926.0,51,255.94700391448356,37,72.54901960784314,Microempresa,4,7.8431372549019605,47,2,2,0,0,Lanchonetes,51,4,1,5,0,16,8,3,14
GO,9437,JOVIANIA,5212105.0,7246.0,51,703.8365995031742,29,56.86274509803921,Microempresa,0,0.0,51,0,0,0,0,Lanchonetes,51,6,0,2,3,16,6,3,15
RN,1797,PENDENCIAS,2409902.0,12464.0,51,409.1784338896021,23,45.09803921568628,Microempresa,0,0.0,51,0,0,0,0,Lanchonetes,51,13,0,3,2,14,9,1,9
MG,2671,UBAPORANGA,3170057.0,13543.0,51,376.57830613601124,18,35.294117647058826,Microempresa,3,5.88235294117647,48,3,0,0,0,Lanchonetes,51,8,0,0,1,20,10,8,4
SP,798,GAVIAO PEIXOTO,3516853.0,4815.0,51,1059.1900311526479,26,50.98039215686274,Microempresa,3,5.88235294117647,48,1,2,0,0,Alimentação preparada,51,15,0,2,0,13,14,2,5
MT,127,ALTO BOA VISTA,5100359.0,5966.0,51,854.8441166610795,24,47.05882352941176,Microempresa,1,1.9607843137254901,50,1,0,0,0,Lanchonetes,51,7,1,0,2,18,5,6,12
RO,977,URUPA,1101708.0,11254.0,51,453.1722054380665,30,58.82352941176471,Microempresa,0,0.0,51,0,0,0,0,Lanchonetes,51,5,0,0,3,26,3,6,8
PR,7981,BOA VISTA DA APARECIDA,4103057.0,8022.0,51,635.7516828721017,22,43.13725490196079,Microempresa,0,0.0,51,0,0,0,0,Lanchonetes,51,6,0,3,0,17,10,3,12
GO,9393,IACIARA,5209903.0,10151.0,51,502.4135553147473,25,49.01960784313725,Microempresa,2,3.9215686274509802,49,2,0,0,0,Lanchonetes,51,2,0,3,2,23,5,4,12
SC,8317,SAO DOMINGOS,4216107.0,9330.0,51,546.6237942122186,10,19.607843137254903,Microempresa,0,0.0,51,0,0,0,0,Lanchonetes,51,3,0,0,1,15,14,5,13
MT,9861,JANGADA,5104906.0,7380.0,51,691.0569105691056,22,43.13725490196079,Microempresa,2,3.9215686274509802,49,2,0,0,0,Restaurantes,51,4,0,0,1,15,7,5,19
SC,8389,BOM JARDIM DA SERRA,4202503.0,3964.0,51,1286.5792129162462,26,50.98039215686274,Microempresa,1,1.9607843137254901,50,1,0,0,0,Lanchonetes,51,4,0,0,0,22,5,9,11
SP,6135,AMERICO DE CAMPOS,3501806.0,5986.0,51,851.9879719345138,17,33.33333333333333,Microempresa,0,0.0,51,0,0,0,0,Lanchonetes,51,5,0,2,0,23,12,4,5
SP,6971,RIVERSUL,3543501.0,5611.0,51,908.9288896809837,27,52.94117647058824,Microempresa,0,0.0,51,0,0,0,0,Lanchonetes,51,7,0,0,2,20,13,3,6
RN,1627,BAIA FORMOSA,2401404.0,9131.0,51,558.5368524805607,12,23.52941176470588,Microempresa,0,0.0,51,0,0,0,0,Restaurantes,51,9,0,1,3,10,7,7,14
MG,4693,JACINTO,3134707.0,11064.0,50,451.9161243673174,19,38.0,Microempresa,4,8.0,46,0,4,0,0,Lanchonetes,50,5,0,3,2,15,10,2,13
PR,7867,SAO CARLOS DO IVAI,4124608.0,6741.0,50,741.7297136923305,20,40.0,Microempresa,1,2.0,49,0,1,0,0,Lanchonetes,50,2,0,1,1,22,13,5,6
SC,8145,IMBUIA,4207403.0,6166.0,50,810.8984755108661,22,44.0,Microempresa,2,4.0,48,2,0,0,0,Lanchonetes,50,14,0,1,0,21,6,7,1
SE,3119,CAMPO DO BRITO,2801009.0,18788.0,50,266.1273153076432,20,40.0,Microempresa,1,2.0,49,1,0,0,0,Lanchonetes,50,5,0,0,1,17,10,11,6
SP,6351,COROADOS,3512506.0,5509.0,50,907.6057360682519,26,52.0,Microempresa,2,4.0,48,2,0,0,0,Lanchonetes,50,5,0,0,0,23,13,1,8
RS,5969,AMETISTA DO SUL,4300646.0,7813.0,50,639.9590426212723,31,62.0,Microempresa,2,4.0,48,2,0,0,0,Restaurantes,50,5,0,1,3,14,8,2,17
SP,7093,SAO JOSE DO BARREIRO,3549607.0,3881.0,50,1288.3277505797475,20,40.0,Microempresa,0,0.0,50,0,0,0,0,Alimentação preparada,50,16,0,0,0,14,8,1,11
MA,226,SANTO AMARO DO MARANHAO,2110278.0,14294.0,50,349.79711767175036,27,54.0,Microempresa,1,2.0,49,0,1,0,0,Restaurantes,50,4,0,0,0,7,4,4,31
MG,2681,ALFREDO VASCONCELOS,3101631.0,7285.0,50,686.3417982155113,23,46.0,Microempresa,0,0.0,50,0,0,0,0,Lanchonetes,50,6,0,0,3,16,12,8,5
SP,6899,POLONI,3539905.0,5708.0,50,875.9635599159075,23,46.0,Microempresa,0,0.0,50,0,0,0,0,Lanchonetes,50,9,0,0,1,14,11,13,2
MG,5165,SANTANA DA VARGEM,3158300.0,6731.0,50,742.8316743425939,15,30.0,Microempresa,1,2.0,49,1,0,0,0,Outros Food Service,50,5,0,0,1,13,18,4,9
SC,8171,JACINTO MACHADO,4208708.0,10833.0,50,461.55266315886644,24,48.0,Microempresa,2,4.0,48,2,0,0,0,Lanchonetes,50,9,2,0,0,19,5,8,7
MS,9805,DOURADINA,5003504.0,5785.0,50,864.3042350907521,25,50.0,Microempresa,5,10.0,45,3,2,0,0,Lanchonetes,50,5,0,0,1,14,13,6,11
CE,1381,COREAU,2304004.0,21396.0,50,233.6885399140026,23,46.0,Microempresa,0,0.0,50,0,0,0,0,Lanchonetes,50,5,1,0,0,18,16,4,6
MS,9169,ANGELICA,5000856.0,11408.0,50,438.28892005610095,22,44.0,Microempresa,1,2.0,49,1,0,0,0,Lanchonetes,50,5,0,0,1,18,8,3,15
PA,52,FLORESTA DO ARAGUAIA,1503044.0,18625.0,50,268.45637583892614,30,60.0,Microempresa,6,12.0,44,6,0,0,0,Lanchonetes,50,1,0,0,0,24,10,3,12
MG,4679,ITINGA,3134004.0,13928.0,50,358.98908673176334,24,48.0,Microempresa,1,2.0,49,1,0,0,0,Lanchonetes,50,7,1,1,0,19,4,4,14
MT,9865,COCALINHO,5103106.0,6560.0,50,762.1951219512194,21,42.0,Microempresa,2,4.0,48,2,0,0,0,Lanchonetes,50,7,0,2,1,23,2,2,13
RS,8615,CORONEL BICACO,4305900.0,6214.0,50,804.634695848085,16,32.0,Microempresa,1,2.0,49,1,0,0,0,Restaurantes,50,5,0,0,2,7,9,13,14
RO,699,SERINGUEIRAS,1101500.0,12973.0,50,385.4158637169506,20,40.0,Microempresa,2,4.0,48,2,0,0,0,Restaurantes,50,6,0,1,1,14,7,5,16
BA,3571,IGUAI,2913507.0,21677.0,50,230.65922406237024,23,46.0,Microempresa,0,0.0,50,0,0,0,0,Outros Food Service,50,9,0,2,1,6,17,7,8
ES,762,PONTO BELO,3204252.0,6640.0,50,753.0120481927711,20,40.0,Microempresa,0,0.0,50,0,0,0,0,Lanchonetes,50,15,0,0,0,18,9,6,2
MG,4831,MERCES,3141603.0,10621.0,50,470.76546464551365,18,36.0,Microempresa,0,0.0,50,0,0,0,0,Lanchonetes,50,11,0,0,3,18,7,0,11
MG,4777,MACHACALIS,3138906.0,6534.0,50,765.2280379553107,20,40.0,Microempresa,0,0.0,50,0,0,0,0,Lanchonetes,50,7,0,0,4,19,9,3,8
PR,7719,NOVA CANTU,4116802.0,6700.0,50,746.2686567164179,15,30.0,Microempresa,0,0.0,50,0,0,0,0,Lanchonetes,50,7,0,0,2,16,15,1,9
MG,620,GOIANA,3127388.0,4237.0,50,1180.080245456691,14,28.000000000000004,Microempresa,0,0.0,50,0,0,0,0,Lanchonetes,50,10,0,0,0,14,4,10,12
MG,5267,SAO JOSE DO GOIABAL,3163409.0,5472.0,50,913.7426900584795,24,48.0,Microempresa,1,2.0,49,0,1,0,0,Lanchonetes,50,7,0,1,0,30,2,5,5
PR,7877,SAO JOAO DO TRIUNFO,4125100.0,13900.0,50,359.71223021582733,13,26.0,Microempresa,0,0.0,50,0,0,0,0,Lanchonetes,50,5,0,0,3,23,13,1,5
RN,1685,GROSSOS,2404408.0,10308.0,50,485.0601474582848,23,46.0,Microempresa,3,6.0,47,3,0,0,0,Restaurantes,50,8,0,0,3,5,11,10,13
MG,5233,SAO GONCALO DO ABAETE,3161700.0,7510.0,50,665.7789613848203,22,44.0,Microempresa,4,8.0,46,4,0,0,0,Restaurantes,50,7,0,2,1,12,11,1,16
MG,4435,DIONISIO,3121803.0,6594.0,50,758.2650894752805,20,40.0,Microempresa,0,0.0,50,0,0,0,0,Lanchonetes,50,5,0,1,0,27,5,8,4
PE,2493,OROBO,2609709.0,22389.0,49,218.85747465273127,23,46.93877551020408,Microempresa,2,4.081632653061225,47,2,0,0,0,Restaurantes,49,2,0,0,0,10,8,13,16
PE,2575,SAO VICENTE FERRER,2613800.0,17179.0,49,285.23196926480006,23,46.93877551020408,Microempresa,0,0.0,49,0,0,0,0,Lanchonetes,49,7,0,0,2,16,10,6,8
GO,9443,LEOPOLDO DE BULHOES,5212303.0,9210.0,49,532.0304017372421,28,57.14285714285714,Microempresa,0,0.0,49,0,0,0,0,Lanchonetes,49,8,0,2,2,12,12,3,10
PB,2029,GURINHEM,2506400.0,14148.0,49,346.3387051173311,15,30.612244897959183,Microempresa,3,6.122448979591836,46,3,0,0,0,Padarias e confeitaria,49,5,1,1,0,6,2,17,17
ES,5609,APIACA,3200508.0,7438.0,49,658.7792417316483,16,32.6530612244898,Microempresa,0,0.0,49,0,0,0,0,Lanchonetes,49,12,0,0,2,13,12,6,4
MG,4845,MOEDA,3142304.0,5340.0,49,917.6029962546817,22,44.89795918367347,Microempresa,3,6.122448979591836,46,3,0,0,0,Restaurantes,49,8,0,2,4,6,10,5,14
RS,6079,MANOEL VIANA,4311759.0,6915.0,49,708.6044830079537,25,51.02040816326531,Microempresa,0,0.0,49,0,0,0,0,Lanchonetes,49,15,0,4,1,21,4,2,2
MG,4839,MIRABELA,3142007.0,14110.0,49,347.27143869596034,24,48.97959183673469,Microempresa,0,0.0,49,0,0,0,0,Lanchonetes,49,1,2,0,2,21,17,3,3
PR,874,PRADO FERREIRA,4120333.0,3833.0,49,1278.3720323506393,19,38.775510204081634,Microempresa,0,0.0,49,0,0,0,0,Lanchonetes,49,9,0,0,1,16,8,6,9
SP,6837,PEDRA BELA,3536802.0,6768.0,49,723.9952718676122,18,36.734693877551024,Microempresa,0,0.0,49,0,0,0,0,Lanchonetes,49,10,0,0,1,16,4,5,13
MG,4155,BOM JESUS DO GALHO,3107802.0,14683.0,49,333.7192671797317,19,38.775510204081634,Microempresa,0,0.0,49,0,0,0,0,Lanchonetes,49,4,0,1,1,13,10,7,13
BA,3021,PONTO NOVO,2925253.0,18848.0,49,259.9745331069609,27,55.10204081632652,Microempresa,0,0.0,49,0,0,0,0,Restaurantes,49,2,0,0,3,14,11,4,15
SP,3057,RIBEIRAO GRANDE,3543253.0,7572.0,49,647.120972002113,19,38.775510204081634,Microempresa,0,0.0,49,0,0,0,0,Lanchonetes,49,5,4,0,2,15,8,8,7
MG,4537,FREI INOCENCIO,3126901.0,8269.0,49,592.5746765026001,13,26.53061224489796,Microempresa,3,6.122448979591836,46,3,0,0,0,Lanchonetes,49,9,1,0,0,14,11,5,9
PR,7869,SAO JERONIMO DA SERRA,4124707.0,10853.0,49,451.48806781535063,21,42.857142857142854,Microempresa,0,0.0,49,0,0,0,0,Lanchonetes,49,7,0,0,0,27,8,0,7
SP,7159,TACIBA,3552908.0,6434.0,49,761.5791109729562,32,65.3061224489796,Microempresa,0,0.0,49,0,0,0,0,Lanchonetes,49,9,0,2,1,17,7,5,8
SP,2995,ALAMBARI,3500758.0,6411.0,49,764.3113398845734,25,51.02040816326531,Microempresa,2,4.081632653061225,47,1,1,0,0,Outros Food Service,49,9,0,2,0,12,19,3,4
MG,4989,PEQUERI,3149507.0,3472.0,49,1411.2903225806451,15,30.612244897959183,Microempresa,2,4.081632653061225,47,2,0,0,0,Lanchonetes,49,8,0,0,2,22,5,4,8
MA,767,COLINAS,2103505.0,41826.0,49,117.15201071104099,26,53.06122448979592,Microempresa,3,6.122448979591836,46,2,1,0,0,Restaurantes,49,3,0,2,0,11,7,7,19
SC,5561,MONTE CARLO,4211058.0,9201.0,49,532.5508096945983,21,42.857142857142854,Microempresa,1,2.0408163265306123,48,0,1,0,0,Lanchonetes,49,2,0,1,0,25,10,5,6
SE,3219,RIBEIROPOLIS,2806008.0,17368.0,49,282.1280515891294,24,48.97959183673469,Microempresa,0,0.0,49,0,0,0,0,Outros Food Service,49,9,0,0,2,7,13,9,9
GO,9359,FLORES DE GOIAS,5207907.0,14388.0,49,340.5615790936892,27,55.10204081632652,Microempresa,0,0.0,49,0,0,0,0,Lanchonetes,49,5,0,1,0,17,8,7,11
MG,4769,LIBERDADE,3138500.0,4715.0,49,1039.2364793213148,22,44.89795918367347,Microempresa,0,0.0,49,0,0,0,0,Lanchonetes,49,9,0,0,1,20,4,2,13
MG,696,REDUTO,3154150.0,8317.0,49,589.1547432968619,17,34.69387755102041,Microempresa,0,0.0,49,0,0,0,0,Restaurantes,49,6,0,1,2,7,11,3,19
PI,1103,JAICOS,2205201.0,17768.0,49,275.7766771724448,29,59.183673469387756,Microempresa,0,0.0,49,0,0,0,0,Restaurantes,49,3,0,0,2,11,10,2,21
BA,3929,TEOFILANDIA,2931509.0,21824.0,49,224.5234604105572,24,48.97959183673469,Microempresa,0,0.0,49,0,0,0,0,Restaurantes,49,7,2,2,3,10,8,2,15
SP,7111,SAO PEDRO DO TURVO,3550506.0,7334.0,49,668.1210799018271,26,53.06122448979592,Microempresa,0,0.0,49,0,0,0,0,Lanchonetes,49,9,0,0,4,13,10,6,7
PR,7913,TEIXEIRA SOARES,4127007.0,9495.0,49,516.0610847814639,18,36.734693877551024,Microempresa,1,2.0408163265306123,48,1,0,0,0,Restaurantes,49,2,0,3,0,11,8,10,15
BA,3047,UMBURANAS,2932457.0,13692.0,49,357.8732106339468,33,67.3469387755102,Microempresa,4,8.16326530612245,45,4,0,0,0,Restaurantes,49,6,0,6,4,4,12,4,13
RS,5783,MAQUINE,4311775.0,7593.0,49,645.3312261293296,20,40.816326530612244,Microempresa,0,0.0,49,0,0,0,0,Lanchonetes,49,8,2,0,0,20,5,6,8
PE,2625,VICENCIA,2616308.0,26522.0,49,184.7522811251037,18,36.734693877551024,Microempresa,0,0.0,49,0,0,0,0,Lanchonetes,49,7,0,4,0,16,7,7,8
GO,9299,CARMO DO RIO VERDE,5205000.0,10039.0,49,488.09642394660824,25,51.02040816326531,Microempresa,0,0.0,49,0,0,0,0,Lanchonetes,49,4,0,1,1,17,10,5,11
MA,949,VIANA,2112803.0,53229.0,49,92.05508275564073,20,40.816326530612244,Microempresa,2,4.081632653061225,47,2,0,0,0,Outros Food Service,49,8,0,0,3,7,13,6,12
SP,6951,REGINOPOLIS,3542503.0,7830.0,49,625.7982120051086,23,46.93877551020408,Microempresa,2,4.081632653061225,47,2,0,0,0,Lanchonetes,49,13,0,1,1,17,5,5,7
BA,3859,SANTA INES,2927903.0,10621.0,49,461.3501553526033,19,38.775510204081634,Microempresa,0,0.0,49,0,0,0,0,Lanchonetes,49,5,0,1,4,15,9,4,11
PR,7693,MARIOPOLIS,4115309.0,6535.0,49,749.8087222647284,17,34.69387755102041,Microempresa,0,0.0,49,0,0,0,0,Lanchonetes,49,8,1,0,1,19,14,1,5
RS,990,ITAARA,4310538.0,5712.0,49,857.843137254902,17,34.69387755102041,Microempresa,5,10.204081632653061,44,5,0,0,0,Outros Food Service,49,10,0,0,2,10,11,7,9
MG,5225,SAO FRANCISCO DE SALES,3161304.0,5859.0,49,836.3201911589008,26,53.06122448979592,Microempresa,1,2.0408163265306123,48,1,0,0,0,Lanchonetes,49,5,0,1,2,27,2,4,8
BA,3769,PALMAS DE MONTE ALTO,2923407.0,20656.0,49,237.21920991479473,21,42.857142857142854,Microempresa,0,0.0,49,0,0,0,0,Outros Food Service,49,3,0,1,1,11,13,11,9
MA,923,SAO MATEUS DO MARANHAO,2111508.0,40191.0,48,119.42972307232964,25,52.083333333333336,Microempresa,3,6.25,45,3,0,0,0,Lanchonetes,48,5,0,0,1,18,11,0,13
MG,5011,PIRACEMA,3150604.0,6924.0,48,693.2409012131716,20,41.66666666666667,Microempresa,3,6.25,45,3,0,0,0,Lanchonetes,48,10,0,0,1,19,6,5,7
PI,1177,RIBEIRO GONCALVES,2208908.0,6151.0,48,780.3609169240774,26,54.166666666666664,Microempresa,2,4.166666666666666,46,1,1,0,0,Lanchonetes,48,6,2,6,0,14,6,0,14
SP,7163,TAIACU,3553104.0,5737.0,48,836.674219975597,16,33.33333333333333,Microempresa,0,0.0,48,0,0,0,0,Lanchonetes,48,3,0,1,1,25,3,7,8
MG,5279,SAO PEDRO DOS FERROS,3164001.0,7074.0,48,678.5411365564037,13,27.083333333333332,Microempresa,0,0.0,48,0,0,0,0,Alimentação preparada,48,18,0,1,0,12,9,4,4
AL,2783,LIMOEIRO DE ANADIA,2704203.0,25179.0,48,190.63505302037413,32,66.66666666666666,Microempresa,3,6.25,45,3,0,0,0,Outros Food Service,48,6,0,3,2,4,16,6,11
SP,794,CANAS,3509957.0,5084.0,48,944.1384736428009,17,35.41666666666667,Microempresa,2,4.166666666666666,46,2,0,0,0,Restaurantes,48,10,0,4,1,9,2,7,15
CE,1449,JUCAS,2307403.0,24655.0,48,194.6866761306023,27,56.25,Microempresa,0,0.0,48,0,0,0,0,Restaurantes,48,3,0,0,1,10,13,4,17
GO,9279,CABECEIRAS,5204003.0,7700.0,48,623.3766233766233,22,45.83333333333333,Microempresa,2,4.166666666666666,46,0,2,0,0,Lanchonetes,48,3,0,2,1,28,3,0,11
PR,7613,ITAMBARACA,4111001.0,5766.0,48,832.4661810613944,12,25.0,Microempresa,0,0.0,48,0,0,0,0,Lanchonetes,48,6,1,2,0,27,5,2,5
MS,9793,DOIS IRMAOS DO BURITI,5003488.0,11570.0,48,414.86603284356096,26,54.166666666666664,Microempresa,1,2.083333333333333,47,0,1,0,0,Lanchonetes,48,8,0,4,1,17,4,8,6
SP,7091,SAO JOSE DA BELA VISTA,3549508.0,7640.0,48,628.2722513089005,14,29.166666666666668,Microempresa,0,0.0,48,0,0,0,0,Lanchonetes,48,3,0,1,0,19,9,5,11
SP,6709,MIRASSOLANDIA,3530409.0,4795.0,48,1001.0427528675705,27,56.25,Microempresa,0,0.0,48,0,0,0,0,Alimentação preparada,48,14,0,2,2,11,1,10,8
SC,8103,FAXINAL DOS GUEDES,4205308.0,11588.0,48,414.2216085605799,27,56.25,Microempresa,2,4.166666666666666,46,2,0,0,0,Outros Food Service,48,11,0,1,0,11,12,7,6
SP,7255,EUCLIDES DA CUNHA PAULISTA,3515350.0,7833.0,48,612.7920337035619,22,45.83333333333333,Microempresa,0,0.0,48,0,0,0,0,Lanchonetes,48,5,0,1,2,22,11,4,3
PR,7997,JESUITAS,4112751.0,11047.0,48,434.5071060016294,14,29.166666666666668,Microempresa,0,0.0,48,0,0,0,0,Lanchonetes,48,4,0,0,1,24,13,2,4
SC,8301,SALETE,4215307.0,7659.0,48,626.713670191931,23,47.91666666666667,Microempresa,2,4.166666666666666,46,1,1,0,0,Lanchonetes,48,8,0,1,2,17,10,3,7
RS,8711,IRAI,4310504.0,7631.0,48,629.01323548683,18,37.5,Microempresa,0,0.0,48,0,0,0,0,Lanchonetes,48,5,0,0,0,20,10,1,12
MS,9149,ROCHEDO,5007505.0,5494.0,48,873.6803785948308,27,56.25,Microempresa,1,2.083333333333333,47,1,0,0,0,Lanchonetes,48,10,0,0,2,23,9,2,2
MG,2683,FERVEDOURO,3125952.0,10716.0,48,447.9283314669653,22,45.83333333333333,Microempresa,0,0.0,48,0,0,0,0,Lanchonetes,48,6,0,0,2,23,11,2,4
RN,1829,SANTO ANTONIO,2411502.0,22807.0,48,210.4617003551541,23,47.91666666666667,Microempresa,2,4.166666666666666,46,2,0,0,0,Outros Food Service,48,6,0,1,1,6,14,8,12
BA,3825,RIACHAO DAS NEVES,2926202.0,22352.0,48,214.74588403722262,18,37.5,Microempresa,3,6.25,45,3,0,0,0,Restaurantes,48,6,0,1,1,12,13,1,14
TO,9207,ALMAS,1700400.0,6428.0,48,746.73304293715,20,41.66666666666667,Microempresa,0,0.0,48,0,0,0,0,Lanchonetes,48,6,0,0,3,17,8,2,12
MA,947,VARGEM GRANDE,2112704.0,44359.0,48,108.20802993755495,28,58.333333333333336,Microempresa,1,2.083333333333333,47,1,0,0,0,Lanchonetes,48,6,0,2,0,15,12,1,12
PA,405,AFUA,1500305.0,40692.0,47,115.50181853927063,33,70.2127659574468,Microempresa,0,0.0,47,0,0,0,0,Outros Food Service,47,4,2,1,1,3,23,5,8
MA,911,SAO DOMINGOS DO MARANHAO,2110708.0,35269.0,47,133.26150443732456,31,65.95744680851064,Microempresa,1,2.127659574468085,46,1,0,0,0,Lanchonetes,47,6,0,2,1,17,3,4,14
AL,2701,AGUA BRANCA,2700102.0,19549.0,47,240.42150493631388,20,42.5531914893617,Microempresa,0,0.0,47,0,0,0,0,Lanchonetes,47,6,0,1,0,14,4,8,14
BA,3417,CAMPO ALEGRE DE LOURDES,2905909.0,32613.0,47,144.11431024438107,12,25.53191489361702,Microempresa,2,4.25531914893617,45,1,1,0,0,Lanchonetes,47,1,0,1,3,15,10,3,14
SC,8157,ITA,4208005.0,7430.0,47,632.5706594885598,20,42.5531914893617,Microempresa,6,12.76595744680851,41,5,1,0,0,Restaurantes,47,3,0,3,2,9,7,4,19
SC,8353,TANGARA,4217907.0,8100.0,47,580.2469135802469,21,44.680851063829785,Microempresa,2,4.25531914893617,45,0,2,0,0,Lanchonetes,47,7,0,2,0,16,5,8,9
RS,8829,ROQUE GONZALES,4316303.0,6692.0,47,702.3311416616856,16,34.04255319148936,Microempresa,4,8.51063829787234,43,4,0,0,0,Padarias e confeitaria,47,5,0,2,0,9,8,12,11
SP,6797,OURO VERDE,3534807.0,7899.0,47,595.0120268388404,14,29.78723404255319,Microempresa,0,0.0,47,0,0,0,0,Lanchonetes,47,12,0,1,0,24,3,2,5
MG,4457,DONA EUZEBIA,3122900.0,6258.0,47,751.0386705017577,20,42.5531914893617,Microempresa,0,0.0,47,0,0,0,0,Lanchonetes,47,11,2,0,0,13,5,8,8
CE,1241,CROATA,2304236.0,18090.0,47,259.812050856827,21,44.680851063829785,Microempresa,0,0.0,47,0,0,0,0,Restaurantes,47,7,0,1,0,11,11,2,15
MG,5247,SAO JOAO DA PONTE,3162401.0,24128.0,47,194.7944297082228,21,44.680851063829785,Microempresa,4,8.51063829787234,43,2,2,0,0,Lanchonetes,47,6,0,2,0,17,5,5,12
SP,6485,IACRI,3519204.0,6189.0,47,759.4118597511714,21,44.680851063829785,Microempresa,0,0.0,47,0,0,0,0,Lanchonetes,47,8,0,0,0,20,14,1,4
PR,7433,MARILANDIA DO SUL,4114906.0,8750.0,47,537.1428571428571,18,38.297872340425535,Microempresa,0,0.0,47,0,0,0,0,Lanchonetes,47,5,0,1,0,21,4,6,10
MG,5045,PORTO FIRME,3152303.0,10854.0,47,433.0200847613783,18,38.297872340425535,Microempresa,0,0.0,47,0,0,0,0,Lanchonetes,47,6,0,0,1,14,11,10,5
MG,4853,MONTALVANIA,3142700.0,13982.0,47,336.14647403804895,26,55.319148936170215,Microempresa,0,0.0,47,0,0,0,0,Padarias e confeitaria,47,3,0,0,1,15,2,16,10
MG,2677,SAO JOAO DO MANHUACU,3162559.0,11735.0,47,400.5112910097998,22,46.808510638297875,Microempresa,5,10.638297872340425,42,4,1,0,0,Restaurantes,47,5,0,0,0,11,3,8,20
SP,6599,JAMBEIRO,3524907.0,6642.0,47,707.6181872929841,22,46.808510638297875,Microempresa,4,8.51063829787234,43,2,2,0,0,Restaurantes,47,8,2,2,1,11,2,3,18
PR,8481,LUIZIANA,4113734.0,6619.0,47,710.0770509140353,22,46.808510638297875,Microempresa,0,0.0,47,0,0,0,0,Lanchonetes,47,3,0,2,2,19,5,7,9
BA,3037,SAUBARA,2929750.0,11875.0,47,395.7894736842106,21,44.680851063829785,Microempresa,2,4.25531914893617,45,2,0,0,0,Restaurantes,47,5,0,1,0,9,10,6,16
SP,6339,CLEMENTINA,3511904.0,7082.0,47,663.6543349336346,21,44.680851063829785,Microempresa,0,0.0,47,0,0,0,0,Lanchonetes,47,10,0,4,0,14,9,1,9
RS,8639,HERVAL,4307104.0,6302.0,47,745.7949857188194,17,36.17021276595745,Microempresa,0,0.0,47,0,0,0,0,Outros Food Service,47,5,0,2,1,13,17,1,8
CE,1425,ITAICABA,2306207.0,7821.0,47,600.9461705664237,13,27.659574468085108,Microempresa,0,0.0,47,0,0,0,0,Restaurantes,47,11,0,0,2,10,4,5,15
MG,5337,SERRANIA,3166907.0,7820.0,47,601.0230179028133,18,38.297872340425535,Microempresa,0,0.0,47,0,0,0,0,Lanchonetes,47,6,0,0,1,12,12,8,8
RS,7301,ESTACAO,4307559.0,5685.0,47,826.7370272647318,21,44.680851063829785,Microempresa,4,8.51063829787234,43,0,4,0,0,Outros Food Service,47,1,0,4,1,7,16,6,12
PA,383,AGUA AZUL DO NORTE,1500347.0,17246.0,47,272.52696277397655,22,46.808510638297875,Microempresa,6,12.76595744680851,41,5,1,0,0,Alimentação preparada,47,13,0,1,2,11,4,3,13
SP,7253,ESPIRITO SANTO DO TURVO,3515194.0,4211.0,47,1116.1244360009498,19,40.42553191489361,Microempresa,0,0.0,47,0,0,0,0,Lanchonetes,47,3,0,0,1,22,11,3,7
TO,9649,PALMEIROPOLIS,1715754.0,7090.0,47,662.9055007052186,22,46.808510638297875,Microempresa,3,6.382978723404255,44,1,2,0,0,Lanchonetes,47,2,2,3,1,12,12,4,11
CE,1339,BARRO,2302008.0,19474.0,46,236.21238574509604,21,45.65217391304348,Microempresa,0,0.0,46,0,0,0,0,Lanchonetes,46,6,0,1,5,16,11,1,6
AL,2713,BATALHA,2700706.0,17103.0,46,268.95866222300185,20,43.47826086956522,Microempresa,0,0.0,46,0,0,0,0,Lanchonetes,46,5,1,0,0,16,11,2,11
RS,8833,SALVADOR DO SUL,4316501.0,7184.0,46,640.3118040089087,18,39.130434782608695,Microempresa,3,6.521739130434782,43,1,2,0,0,Restaurantes,46,8,0,3,0,14,3,3,15
MG,4053,CACHOEIRA DE PAJEU,3102704.0,9360.0,46,491.45299145299145,13,28.26086956521739,Microempresa,2,4.3478260869565215,44,2,0,0,0,Restaurantes,46,5,0,0,2,14,6,4,15
PR,7403,ADRIANOPOLIS,4100202.0,6312.0,46,728.7705956907478,21,45.65217391304348,Microempresa,0,0.0,46,0,0,0,0,Lanchonetes,46,5,2,0,1,15,9,1,13
SC,8341,SAUDADES,4217303.0,10922.0,46,421.16828419703353,18,39.130434782608695,Microempresa,1,2.1739130434782608,45,1,0,0,0,Lanchonetes,46,3,0,3,2,16,6,8,8
RO,21,COSTA MARQUES,1100080.0,13499.0,46,340.7659826653826,28,60.86956521739131,Microempresa,0,0.0,46,0,0,0,0,Lanchonetes,46,3,0,0,1,15,10,4,13
SP,6765,NOVA INDEPENDENCIA,3533205.0,4894.0,46,939.9264405394359,21,45.65217391304348,Microempresa,0,0.0,46,0,0,0,0,Restaurantes,46,12,0,0,2,9,6,2,15
PE,2551,SANTA MARIA DA BOA VISTA,2612604.0,42874.0,46,107.29113215468583,19,41.30434782608695,Microempresa,1,2.1739130434782608,45,1,0,0,0,Restaurantes,46,6,0,0,6,8,6,4,16
CE,1469,MISSAO VELHA,2308401.0,39215.0,46,117.30205278592375,21,45.65217391304348,Microempresa,1,2.1739130434782608,45,1,0,0,0,Lanchonetes,46,10,0,0,1,12,7,7,9
MG,4631,IRAI DE MINAS,3131604.0,7509.0,46,612.5982154747636,14,30.434782608695656,Microempresa,0,0.0,46,0,0,0,0,Restaurantes,46,2,0,0,3,10,9,10,12
BA,3787,PIATA,2924306.0,21010.0,46,218.94336030461682,17,36.95652173913043,Microempresa,2,4.3478260869565215,44,0,2,0,0,Lanchonetes,46,5,0,1,0,14,12,2,12
GO,9449,MAMBAI,5212709.0,8579.0,46,536.1930294906166,22,47.82608695652174,Microempresa,3,6.521739130434782,43,2,1,0,0,Restaurantes,46,5,0,0,1,17,4,0,19
SC,8215,MONDAI,4211009.0,10196.0,46,451.15731659474307,12,26.08695652173913,Microempresa,4,8.695652173913043,42,4,0,0,0,Lanchonetes,46,5,0,0,0,15,4,7,15
BA,3255,ANDORINHA,2901353.0,15496.0,46,296.8508002065049,24,52.17391304347826,Microempresa,2,4.3478260869565215,44,0,2,0,0,Lanchonetes,46,7,0,2,1,13,10,3,10
BA,3631,ITAPICURU,2916500.0,33311.0,46,138.09252198973311,19,41.30434782608695,Microempresa,0,0.0,46,0,0,0,0,Outros Food Service,46,4,0,0,0,6,18,12,6
PB,2141,POCINHOS,2512002.0,18083.0,46,254.38256926394956,21,45.65217391304348,Microempresa,1,2.1739130434782608,45,1,0,0,0,Restaurantes,46,6,0,1,0,4,12,8,15
SP,7069,SANTOPOLIS DO AGUAPEI,3548401.0,3909.0,46,1176.77155282681,28,60.86956521739131,Microempresa,0,0.0,46,0,0,0,0,Lanchonetes,46,10,0,3,0,18,4,3,8
BA,3535,GUARATINGA,2911808.0,19360.0,46,237.60330578512395,15,32.608695652173914,Microempresa,0,0.0,46,0,0,0,0,Outros Food Service,46,8,0,1,6,9,16,3,3
PR,8459,LUNARDELLI,4113759.0,4846.0,46,949.2364836978951,13,28.26086956521739,Microempresa,0,0.0,46,0,0,0,0,Lanchonetes,46,5,2,0,1,17,8,7,6
BA,3923,TAPEROA,2931202.0,18542.0,46,248.08542767770467,20,43.47826086956522,Microempresa,1,2.1739130434782608,45,0,1,0,0,Outros Food Service,46,5,0,2,5,9,10,5,10
MT,9783,CASTANHEIRA,5102850.0,7325.0,46,627.986348122867,18,39.130434782608695,Microempresa,0,0.0,46,0,0,0,0,Alimentação preparada,46,18,0,2,3,10,4,3,6
SP,2971,UBARANA,3555356.0,5461.0,46,842.3365683940671,19,41.30434782608695,Microempresa,2,4.3478260869565215,44,0,2,0,0,Lanchonetes,46,5,0,2,1,15,11,3,9
PR,7989,VERA CRUZ DO OESTE,4128559.0,8131.0,46,565.7360718238839,14,30.434782608695656,Microempresa,0,0.0,46,0,0,0,0,Lanchonetes,46,13,0,1,1,15,7,1,8
CE,1479,MORRINHOS,2308906.0,23880.0,46,192.62981574539364,28,60.86956521739131,Microempresa,0,0.0,46,0,0,0,0,Lanchonetes,46,1,0,3,2,23,4,3,10
PE,2527,PRIMAVERA,2611408.0,14408.0,46,319.2670738478623,17,36.95652173913043,Microempresa,2,4.3478260869565215,44,2,0,0,0,Restaurantes,46,9,0,3,0,12,6,2,14
SC,8037,AURORA,4201901.0,7352.0,46,625.6800870511426,27,58.69565217391305,Microempresa,1,2.1739130434782608,45,0,1,0,0,Lanchonetes,46,6,1,0,0,15,10,8,6
MT,89,COTRIGUACU,5103379.0,9665.0,46,475.9441282979824,17,36.95652173913043,Microempresa,3,6.521739130434782,43,3,0,0,0,Lanchonetes,46,3,0,0,0,22,9,4,8
PR,7931,TUNEIRAS DO OESTE,4127908.0,8028.0,46,572.99451918286,26,56.52173913043478,Microempresa,0,0.0,46,0,0,0,0,Lanchonetes,46,7,0,0,2,15,7,10,5
MS,163,LAGUNA CARAPA,5005251.0,7060.0,46,651.5580736543909,19,41.30434782608695,Microempresa,0,0.0,46,0,0,0,0,Alimentação preparada,46,11,0,4,1,5,9,6,10
PA,589,MEDICILANDIA,1504455.0,28718.0,46,160.17828539591892,19,41.30434782608695,Microempresa,1,2.1739130434782608,45,1,0,0,0,Restaurantes,46,5,1,2,0,12,7,3,16
SP,2991,ARAPEI,3503158.0,2350.0,46,1957.4468085106382,15,32.608695652173914,Microempresa,0,0.0,46,0,0,0,0,Outros Food Service,46,5,0,0,0,12,19,3,7
SP,816,QUADRA,3541653.0,3482.0,46,1321.0798391728893,17,36.95652173913043,Microempresa,2,4.3478260869565215,44,2,0,0,0,Outros Food Service,46,3,0,2,0,13,18,5,5
MG,5323,SENHORA DOS REMEDIOS,3166204.0,10673.0,46,430.99409725475505,17,36.95652173913043,Microempresa,0,0.0,46,0,0,0,0,Lanchonetes,46,6,0,2,3,15,12,1,7
RS,8407,GLORINHA,4309050.0,7851.0,46,585.9126225958477,14,30.434782608695656,Microempresa,4,8.695652173913043,42,1,3,0,0,Restaurantes,46,4,0,4,0,9,11,4,14
MG,618,GOIABEIRA,3127370.0,2849.0,46,1614.6016146016145,11,23.91304347826087,Microempresa,0,0.0,46,0,0,0,0,Outros Food Service,46,9,0,1,0,13,15,4,4
CE,1233,BANABUIU,2301851.0,17679.0,46,260.1957124271735,19,41.30434782608695,Microempresa,0,0.0,46,0,0,0,0,Restaurantes,46,4,0,0,0,8,11,3,20
CE,1249,GRACA,2304657.0,14179.0,46,324.4234431201072,14,30.434782608695656,Microempresa,0,0.0,46,0,0,0,0,Restaurantes,46,8,0,0,1,12,9,1,15
SP,6139,ANALANDIA,3502002.0,4703.0,46,978.0990856899851,14,30.434782608695656,Microempresa,2,4.3478260869565215,44,1,1,0,0,Restaurantes,46,4,0,1,1,12,9,4,15
RS,8861,SANTO CRISTO,4317905.0,15667.0,46,293.610774238846,20,43.47826086956522,Microempresa,2,4.3478260869565215,44,2,0,0,0,Alimentação preparada,46,12,0,0,2,6,10,11,5
MA,919,SAO JOAO DOS PATOS,2111102.0,25926.0,46,177.42806449124433,17,36.95652173913043,Microempresa,2,4.3478260869565215,44,1,1,0,0,Restaurantes,46,7,0,1,2,9,3,8,16
SC,8279,QUILOMBO,4214201.0,11502.0,46,399.93044687880365,18,39.130434782608695,Microempresa,3,6.521739130434782,43,3,0,0,0,Lanchonetes,46,2,0,1,2,21,7,3,10
PR,7575,GUAPIRAMA,4109005.0,4902.0,46,938.3924928600571,25,54.347826086956516,Microempresa,0,0.0,46,0,0,0,0,Lanchonetes,46,3,0,0,2,28,6,3,4
SE,3209,POCO VERDE,2805505.0,22221.0,46,207.01138562620943,29,63.04347826086957,Microempresa,2,4.3478260869565215,44,1,1,0,0,Restaurantes,46,3,0,3,1,8,11,8,12
TO,9615,TAGUATINGA,1720903.0,14153.0,46,325.0194305094326,23,50.0,Microempresa,1,2.1739130434782608,45,0,1,0,0,Lanchonetes,46,10,0,1,0,13,9,1,12
RS,8575,CAMPINAS DO SUL,4303806.0,5388.0,45,835.1893095768374,14,31.11111111111111,Microempresa,0,0.0,45,0,0,0,0,Padarias e confeitaria,45,7,0,0,0,9,8,14,7
SC,8235,PALMA SOLA,4212007.0,7684.0,45,585.6324830817283,17,37.77777777777778,Microempresa,1,2.2222222222222223,44,1,0,0,0,Restaurantes,45,6,0,0,0,10,10,7,12
MG,4759,LARANJAL,3138005.0,5995.0,45,750.6255212677231,15,33.33333333333333,Microempresa,3,6.666666666666667,42,3,0,0,0,Restaurantes,45,8,0,0,3,7,11,4,12
RN,1659,CRUZETA,2403004.0,8253.0,45,545.2562704471102,18,40.0,Microempresa,0,0.0,45,0,0,0,0,Lanchonetes,45,5,0,0,2,15,13,0,10
RS,8617,CRISSIUMAL,4306007.0,13116.0,45,343.09240622140896,23,51.11111111111111,Microempresa,2,4.444444444444445,43,2,0,0,0,Lanchonetes,45,11,0,0,0,16,6,3,9
SP,6701,MIRA ESTRELA,3530003.0,3218.0,45,1398.3840894965817,8,17.77777777777778,Microempresa,0,0.0,45,0,0,0,0,Lanchonetes,45,2,0,0,1,25,7,4,6
RJ,5845,LAJE DO MURIAE,3302304.0,7582.0,45,593.5109469796887,14,31.11111111111111,Microempresa,0,0.0,45,0,0,0,0,Lanchonetes,45,1,2,1,3,18,10,1,9
RN,1827,SANTANA DO MATOS,2411403.0,12700.0,45,354.3307086614173,16,35.55555555555556,Microempresa,4,8.88888888888889,41,0,4,0,0,Padarias e confeitaria,45,9,1,0,3,8,2,11,11
GO,9415,ITAPIRAPUA,5211008.0,8142.0,45,552.689756816507,22,48.888888888888886,Microempresa,1,2.2222222222222223,44,0,1,0,0,Lanchonetes,45,2,0,0,4,16,11,1,11
MG,4823,MATUTINA,3141207.0,3917.0,45,1148.8383967321931,12,26.666666666666668,Microempresa,0,0.0,45,0,0,0,0,Alimentação preparada,45,17,0,3,6,5,6,6,2
MG,5291,SAO SEBASTIAO DO OESTE,3164605.0,9689.0,45,464.4442150892765,17,37.77777777777778,Microempresa,2,4.444444444444445,43,2,0,0,0,Outros Food Service,45,6,1,5,2,6,11,3,11
MG,5119,RIO VERMELHO,3156007.0,12725.0,45,353.63457760314344,16,35.55555555555556,Microempresa,0,0.0,45,0,0,0,0,Restaurantes,45,2,0,0,3,11,11,3,15
SC,8211,MELEIRO,4210803.0,7129.0,45,631.2245756768131,18,40.0,Microempresa,0,0.0,45,0,0,0,0,Lanchonetes,45,1,0,2,0,12,10,8,12
AM,969,APUI,1300144.0,21971.0,45,204.81543853261115,26,57.77777777777777,Microempresa,3,6.666666666666667,42,3,0,0,0,Restaurantes,45,1,0,0,0,9,13,4,18
MA,210,PERITORO,2108454.0,20896.0,45,215.3522205206738,19,42.22222222222222,Microempresa,3,6.666666666666667,42,3,0,0,0,Lanchonetes,45,3,0,1,0,19,2,1,19
PA,631,JACAREACANGA,1503754.0,27130.0,45,165.86804275709545,18,40.0,Microempresa,4,8.88888888888889,41,4,0,0,0,Restaurantes,45,6,2,2,1,9,8,1,16
GO,9669,ARAGUAPAZ,5202155.0,7122.0,45,631.8449873631002,28,62.22222222222222,Microempresa,0,0.0,45,0,0,0,0,Restaurantes,45,8,0,0,0,14,6,1,16
MT,9901,ITAUBA,5104559.0,5241.0,45,858.6147681740126,25,55.55555555555556,Microempresa,9,20.0,36,7,2,0,0,Lanchonetes,45,6,0,0,0,16,3,4,16
AP,607,MAZAGAO,1600402.0,23958.0,45,187.82870022539444,24,53.333333333333336,Microempresa,3,6.666666666666667,42,3,0,0,0,Restaurantes,45,2,0,0,0,12,11,2,18
MG,4781,MADRE DE DEUS DE MINAS,3139102.0,5378.0,45,836.74228337672,21,46.666666666666664,Microempresa,0,0.0,45,0,0,0,0,Lanchonetes,45,5,0,0,0,23,8,2,7
PR,7835,SALTO DO ITARARE,4122909.0,5214.0,45,863.060989643268,23,51.11111111111111,Microempresa,0,0.0,45,0,0,0,0,Lanchonetes,45,4,0,0,1,17,11,4,8
PR,7685,MARIA HELENA,4114708.0,5921.0,45,760.0067556156055,23,51.11111111111111,Microempresa,0,0.0,45,0,0,0,0,Lanchonetes,45,4,0,0,2,19,13,3,4
SP,2947,CANITAR,3510153.0,6647.0,45,676.9971415676245,28,62.22222222222222,Microempresa,0,0.0,45,0,0,0,0,Lanchonetes,45,8,0,0,2,17,11,4,3
PE,2509,PASSIRA,2610509.0,29767.0,45,151.17411899082876,20,44.44444444444444,Microempresa,3,6.666666666666667,42,3,0,0,0,Outros Food Service,45,2,0,1,2,13,16,3,8
AL,2743,COQUEIRO SECO,2702207.0,5702.0,45,789.1967730620835,18,40.0,Microempresa,2,4.444444444444445,43,2,0,0,0,Outros Food Service,45,7,0,2,5,11,15,1,4
AL,562,JEQUIA DA PRAIA,2703759.0,9600.0,45,468.75,11,24.444444444444443,Microempresa,2,4.444444444444445,43,2,0,0,0,Restaurantes,45,10,0,0,3,12,3,1,16
RS,956,BARRA DO QUARAI,4301875.0,4340.0,45,1036.8663594470047,25,55.55555555555556,Microempresa,0,0.0,45,0,0,0,0,Lanchonetes,45,9,1,0,0,20,11,3,1
SP,7011,SANDOVALINA,3545506.0,3696.0,45,1217.5324675324675,21,46.666666666666664,Microempresa,1,2.2222222222222223,44,0,1,0,0,Lanchonetes,45,11,0,4,0,16,4,2,8
PR,8457,FIGUEIRA,4107751.0,8115.0,45,554.52865064695,19,42.22222222222222,Microempresa,2,4.444444444444445,43,2,0,0,0,Lanchonetes,45,8,0,0,0,21,5,4,7
RS,984,FAZENDA VILANOVA,4308078.0,4405.0,45,1021.5664018161181,18,40.0,Microempresa,1,2.2222222222222223,44,1,0,0,0,Lanchonetes,45,7,0,1,1,12,12,1,11
BA,3099,JOAO DOURADO,2918357.0,25976.0,45,173.23683400061594,20,44.44444444444444,Microempresa,3,6.666666666666667,42,3,0,0,0,Restaurantes,45,1,0,0,2,12,11,4,15
SP,7039,SANTA LUCIA,3546900.0,7111.0,45,632.8223878498102,28,62.22222222222222,Microempresa,0,0.0,45,0,0,0,0,Outros Food Service,45,2,1,0,0,14,17,6,5
SP,6893,PLANALTO,3539608.0,4449.0,44,988.9862890537199,20,45.45454545454545,Microempresa,0,0.0,44,0,0,0,0,Lanchonetes,44,8,0,1,2,17,9,2,5
PE,2331,BELEM DO SAO FRANCISCO,2601607.0,18588.0,44,236.71185711211535,26,59.09090909090909,Microempresa,1,2.272727272727273,43,1,0,0,0,Restaurantes,44,2,0,3,1,10,5,8,15
GO,9583,SANTA RITA DO ARAGUAIA,5219407.0,5690.0,44,773.286467486819,22,50.0,Microempresa,1,2.272727272727273,43,1,0,0,0,Alimentação preparada,44,13,0,0,2,8,8,6,7
PA,639,BRASIL NOVO,1501725.0,27635.0,44,159.21838248597794,18,40.909090909090914,Microempresa,0,0.0,44,0,0,0,0,Restaurantes,44,6,0,3,0,11,7,3,14
MG,4127,BELO VALE,3106408.0,9074.0,44,484.901917566674,20,45.45454545454545,Microempresa,5,11.363636363636363,39,5,0,0,0,Restaurantes,44,7,0,2,0,10,3,6,16
CE,1483,MULUNGU,2309102.0,11131.0,44,395.2924265564639,25,56.81818181818182,Microempresa,1,2.272727272727273,43,0,1,0,0,Restaurantes,44,4,0,0,1,12,2,6,19
PE,2303,AFRANIO,2600203.0,19464.0,44,226.0583641594739,12,27.27272727272727,Microempresa,0,0.0,44,0,0,0,0,Lanchonetes,44,5,0,0,1,15,7,6,10
BA,3695,MACARANI,2919702.0,22924.0,44,191.93857965451056,22,50.0,Microempresa,0,0.0,44,0,0,0,0,Lanchonetes,44,9,0,0,1,11,9,4,10
PR,7611,ITAGUAJE,4110904.0,4525.0,44,972.3756906077349,18,40.909090909090914,Microempresa,0,0.0,44,0,0,0,0,Lanchonetes,44,6,0,0,0,21,4,5,8
GO,9267,BOM JARDIM DE GOIAS,5203401.0,7727.0,44,569.4318623010223,16,36.36363636363637,Microempresa,0,0.0,44,0,0,0,0,Lanchonetes,44,4,0,2,2,14,8,4,10
GO,1070,CAMPO LIMPO DE GOIAS,5204854.0,8707.0,44,505.3405306075571,19,43.18181818181818,Microempresa,2,4.545454545454546,42,1,1,0,0,Lanchonetes,44,1,0,0,1,22,7,6,7
MA,106,ALTO ALEGRE DO MARANHAO,2100436.0,24515.0,44,179.48194982663676,21,47.72727272727273,Microempresa,3,6.8181818181818175,41,3,0,0,0,Restaurantes,44,5,0,2,1,9,10,5,12
RS,8543,BOA VISTA DO BURICA,4302204.0,7129.0,44,617.197362883995,15,34.090909090909086,Microempresa,0,0.0,44,0,0,0,0,Restaurantes,44,8,0,0,0,4,8,11,13
SC,8085,CORONEL FREITAS,4204400.0,10626.0,44,414.0786749482402,28,63.63636363636363,Microempresa,1,2.272727272727273,43,1,0,0,0,Lanchonetes,44,4,0,2,1,13,4,7,13
TO,199,SAO MIGUEL DO TOCANTINS,1720200.0,14286.0,44,307.9938401231976,24,54.54545454545454,Microempresa,0,0.0,44,0,0,0,0,Restaurantes,44,2,3,0,0,8,14,0,17
PR,860,GUAMIRANGA,4108957.0,7913.0,44,556.0470112473145,24,54.54545454545454,Microempresa,0,0.0,44,0,0,0,0,Lanchonetes,44,2,0,0,0,19,9,7,7
MT,8995,RIO BRANCO,5107206.0,4391.0,44,1002.049647005238,22,50.0,Microempresa,0,0.0,44,0,0,0,0,Padarias e confeitaria,44,5,0,0,1,7,9,11,11
AL,2787,MAJOR ISIDORO,2704401.0,17825.0,44,246.84431977559606,12,27.27272727272727,Microempresa,3,6.8181818181818175,41,3,0,0,0,Lanchonetes,44,2,0,0,0,19,10,3,10
MG,4093,ATALEIA,3104700.0,13907.0,44,316.38743079024954,13,29.545454545454547,Microempresa,0,0.0,44,0,0,0,0,Lanchonetes,44,5,0,0,0,14,9,11,5
PE,544,ARACOIABA,2601052.0,20052.0,44,219.42948334330742,24,54.54545454545454,Microempresa,2,4.545454545454546,42,2,0,0,0,Lanchonetes,44,5,0,5,5,13,7,2,7
PR,7561,FORMOSA DO OESTE,4108205.0,7769.0,44,566.3534560432488,20,45.45454545454545,Microempresa,0,0.0,44,0,0,0,0,Lanchonetes,44,4,1,1,1,20,13,3,1
MA,951,VITORIA DO MEARIM,2112902.0,31866.0,44,138.07820247285508,15,34.090909090909086,Microempresa,3,6.8181818181818175,41,3,0,0,0,Restaurantes,44,5,0,2,1,7,10,1,18
RS,1118,ACEGUA,4300034.0,4251.0,44,1035.05057633498,16,36.36363636363637,Microempresa,0,0.0,44,0,0,0,0,Lanchonetes,44,5,1,0,0,13,5,7,13
MS,9813,SETE QUEDAS,5007703.0,11343.0,44,387.9044344529666,13,29.545454545454547,Microempresa,0,0.0,44,0,0,0,0,Outros Food Service,44,5,0,1,0,12,14,5,7
PE,2417,GAMELEIRA,2605905.0,17223.0,44,255.47233350751904,16,36.36363636363637,Microempresa,0,0.0,44,0,0,0,0,Outros Food Service,44,3,0,1,0,12,14,3,11
MG,5117,RIO PRETO,3155900.0,5230.0,44,841.3001912045888,20,45.45454545454545,Microempresa,0,0.0,44,0,0,0,0,Lanchonetes,44,2,0,0,0,16,13,5,8
PI,1029,BATALHA,2201507.0,27161.0,44,161.99698096535474,12,27.27272727272727,Microempresa,0,0.0,44,0,0,0,0,Outros Food Service,44,4,0,0,2,9,14,5,10
SP,7125,SARUTAIA,3551207.0,3775.0,44,1165.5629139072848,22,50.0,Microempresa,0,0.0,44,0,0,0,0,Lanchonetes,44,5,0,0,1,25,9,2,2
MG,4829,MENDES PIMENTEL,3141504.0,5580.0,44,788.5304659498208,17,38.63636363636363,Microempresa,0,0.0,44,0,0,0,0,Lanchonetes,44,3,0,3,0,15,8,4,11
RN,1855,SAO TOME,2412906.0,10136.0,44,434.0962904498816,16,36.36363636363637,Microempresa,3,6.8181818181818175,41,2,1,0,0,Lanchonetes,44,7,1,2,0,15,10,3,6
CE,1451,LAVRAS DA MANGABEIRA,2307502.0,32201.0,44,136.64171920126705,18,40.909090909090914,Microempresa,0,0.0,44,0,0,0,0,Restaurantes,44,3,1,0,0,11,8,9,12
BA,3343,ARAMARI,2902203.0,10091.0,44,436.0321078188485,17,38.63636363636363,Microempresa,1,2.272727272727273,43,1,0,0,0,Alimentação preparada,44,12,0,6,5,6,9,4,2
AC,157,ASSIS BRASIL,1200054.0,8716.0,44,504.8187241854061,23,52.27272727272727,Microempresa,0,0.0,44,0,0,0,0,Lanchonetes,44,3,0,0,1,25,3,0,12
CE,1309,ALCANTARAS,2300507.0,11834.0,44,371.8100388710495,26,59.09090909090909,Microempresa,0,0.0,44,0,0,0,0,Lanchonetes,44,3,0,0,2,17,7,1,14
PB,1997,COREMAS,2504801.0,14970.0,44,293.92117568470275,16,36.36363636363637,Microempresa,0,0.0,44,0,0,0,0,Restaurantes,44,3,1,1,0,13,3,7,16
GO,9675,DOVERLANDIA,5207253.0,6752.0,44,651.6587677725119,18,40.909090909090914,Microempresa,0,0.0,44,0,0,0,0,Outros Food Service,44,3,0,1,5,11,12,2,10
BA,3907,SERRA PRETA,2930402.0,18818.0,44,233.81868423849508,18,40.909090909090914,Microempresa,0,0.0,44,0,0,0,0,Restaurantes,44,4,0,0,4,9,10,3,14
SP,6775,OCAUCU,3533700.0,4423.0,44,994.7999095636445,17,38.63636363636363,Microempresa,1,2.272727272727273,43,1,0,0,0,Lanchonetes,44,9,0,0,0,16,7,5,7
SP,7179,TARABAI,3553906.0,6631.0,44,663.5499924596592,15,34.090909090909086,Microempresa,0,0.0,44,0,0,0,0,Lanchonetes,44,11,0,0,0,15,8,4,6
AP,603,CALCOENE,1600204.0,11527.0,44,381.7125010844105,25,56.81818181818182,Microempresa,4,9.090909090909092,40,4,0,0,0,Outros Food Service,44,1,0,2,0,4,19,2,16
PA,525,SALVATERRA,1506302.0,25925.0,44,169.72034715525555,24,54.54545454545454,Microempresa,0,0.0,44,0,0,0,0,Restaurantes,44,6,0,1,1,12,5,2,17
MG,4577,GUIMARANIA,3128907.0,8948.0,44,491.7299955297274,22,50.0,Microempresa,0,0.0,44,0,0,0,0,Lanchonetes,44,5,0,3,2,17,9,5,3
CE,1467,MILAGRES,2308302.0,26779.0,44,164.30785316852757,24,54.54545454545454,Microempresa,3,6.8181818181818175,41,2,1,0,0,Restaurantes,44,4,0,5,3,11,3,3,15
PR,5491,CAFEZAL DO SUL,4103479.0,4591.0,43,936.615116532346,17,39.53488372093023,Microempresa,0,0.0,43,0,0,0,0,Lanchonetes,43,4,0,1,0,16,15,1,6
RN,422,RIO DO FOGO,2408953.0,10711.0,43,401.4564466436374,19,44.18604651162791,Microempresa,0,0.0,43,0,0,0,0,Restaurantes,43,4,4,1,0,4,5,4,21
SC,8231,OURO,4211801.0,7033.0,43,611.4033840466374,17,39.53488372093023,Microempresa,2,4.651162790697675,41,2,0,0,0,Lanchonetes,43,8,0,0,0,15,5,8,7
BA,3703,MAIRI,2920106.0,18102.0,43,237.54281294884544,22,51.162790697674424,Microempresa,0,0.0,43,0,0,0,0,Restaurantes,43,5,0,2,2,6,7,5,16
BA,3997,VARZEA DA ROCA,2933059.0,14308.0,43,300.53117137265866,16,37.2093023255814,Microempresa,1,2.3255813953488373,42,1,0,0,0,Outros Food Service,43,3,0,0,0,4,25,3,8
MA,953,VITORINO FREIRE,2113009.0,31933.0,43,134.65693796386185,16,37.2093023255814,Microempresa,8,18.6046511627907,35,8,0,0,0,Lanchonetes,43,3,0,2,1,11,8,7,11
SP,6103,ADOLFO,3500204.0,4529.0,43,949.4369618017222,23,53.48837209302325,Microempresa,0,0.0,43,0,0,0,0,Lanchonetes,43,6,0,0,3,19,6,3,6
SC,8095,DESCANSO,4204905.0,8610.0,43,499.41927990708484,17,39.53488372093023,Microempresa,2,4.651162790697675,41,2,0,0,0,Lanchonetes,43,2,0,0,0,24,4,5,8
SP,6523,IPEUNA,3521101.0,7051.0,43,609.8425755212027,16,37.2093023255814,Microempresa,1,2.3255813953488373,42,0,1,0,0,Lanchonetes,43,10,1,1,6,13,5,0,7
SP,6815,PARAISO,3535705.0,6224.0,43,690.8740359897172,22,51.162790697674424,Microempresa,1,2.3255813953488373,42,1,0,0,0,Lanchonetes,43,1,0,0,4,25,9,2,2
MG,4397,CORREGO DO BOM JESUS,3119906.0,4493.0,43,957.0442911195192,27,62.7906976744186,Microempresa,0,0.0,43,0,0,0,0,Lanchonetes,43,2,0,0,2,12,12,4,11
PR,7517,CONGONHINHAS,4106001.0,8447.0,43,509.05646975257486,11,25.581395348837212,Microempresa,1,2.3255813953488373,42,0,1,0,0,Lanchonetes,43,7,0,1,0,21,3,4,7
BA,3335,ANTONIO GONCALVES,2901809.0,11258.0,43,381.95061289749515,17,39.53488372093023,Microempresa,0,0.0,43,0,0,0,0,Restaurantes,43,9,0,2,3,8,5,4,12
SP,6613,JOAO RAMALHO,3525607.0,4470.0,43,961.9686800894855,15,34.883720930232556,Microempresa,0,0.0,43,0,0,0,0,Restaurantes,43,5,0,0,2,10,7,7,12
MG,746,VARGEM ALEGRE,3170578.0,5768.0,43,745.4923717059639,17,39.53488372093023,Microempresa,0,0.0,43,0,0,0,0,Lanchonetes,43,10,0,2,1,14,4,6,6
SC,8323,SAO JOAO DO SUL,4216404.0,9428.0,43,456.08824777259224,25,58.139534883720934,Microempresa,1,2.3255813953488373,42,1,0,0,0,Restaurantes,43,4,0,0,0,13,8,2,16
GO,9743,SANTA FE DE GOIAS,5219258.0,5058.0,43,850.1383946223804,23,53.48837209302325,Microempresa,0,0.0,43,0,0,0,0,Lanchonetes,43,3,0,0,4,17,2,3,14
SP,6151,APARECIDA D'OESTE,3502606.0,4101.0,43,1048.5247500609607,15,34.883720930232556,Microempresa,1,2.3255813953488373,42,0,1,0,0,Lanchonetes,43,9,0,2,0,19,8,2,3
SP,6755,NIPOA,3532702.0,4891.0,43,879.1658147618075,16,37.2093023255814,Microempresa,1,2.3255813953488373,42,1,0,0,0,Lanchonetes,43,10,0,0,0,17,6,4,6
SP,6265,BURITIZAL,3508207.0,4467.0,43,962.6147302440116,12,27.906976744186046,Microempresa,1,2.3255813953488373,42,1,0,0,0,Lanchonetes,43,8,0,1,1,15,6,2,10
SP,7165,TAIUVA,3553203.0,6804.0,43,631.9811875367432,16,37.2093023255814,Microempresa,0,0.0,43,0,0,0,0,Alimentação preparada,43,13,0,1,3,13,3,1,9
MG,5199,SANTO ANTONIO DO AVENTUREIRO,3160009.0,3910.0,43,1099.7442455242967,15,34.883720930232556,Microempresa,1,2.3255813953488373,42,1,0,0,0,Lanchonetes,43,5,1,1,0,26,5,2,3
SP,6161,ARANDU,3503109.0,7099.0,43,605.7191153683617,18,41.86046511627907,Microempresa,2,4.651162790697675,41,2,0,0,0,Restaurantes,43,4,0,0,5,9,6,5,14
MG,656,NAQUE,3144359.0,6445.0,43,667.1838634600465,15,34.883720930232556,Microempresa,1,2.3255813953488373,42,1,0,0,0,Restaurantes,43,9,0,1,2,4,9,3,15
GO,9421,ITARUMA,5211305.0,6106.0,43,704.2253521126761,28,65.11627906976744,Microempresa,0,0.0,43,0,0,0,0,Lanchonetes,43,3,0,4,0,18,2,4,12
RS,7325,TRINDADE DO SUL,4321956.0,7785.0,43,552.3442517662171,21,48.837209302325576,Microempresa,0,0.0,43,0,0,0,0,Restaurantes,43,5,0,1,3,8,5,7,14
PE,2445,IPUBI,2607307.0,30828.0,43,139.48358635007136,12,27.906976744186046,Microempresa,0,0.0,43,0,0,0,0,Restaurantes,43,4,1,2,1,6,10,7,12
MG,4965,PAULA CANDIDO,3148301.0,8730.0,43,492.5544100801833,17,39.53488372093023,Microempresa,0,0.0,43,0,0,0,0,Lanchonetes,43,8,1,0,4,16,5,3,6
SE,3165,JAPARATUBA,2803302.0,16432.0,43,261.68451801363193,19,44.18604651162791,Microempresa,1,2.3255813953488373,42,1,0,0,0,Restaurantes,43,4,0,2,3,9,5,7,13
CE,1261,MADALENA,2307635.0,17207.0,43,249.898297204626,20,46.51162790697674,Microempresa,0,0.0,43,0,0,0,0,Restaurantes,43,6,0,2,0,12,2,3,18
MA,116,BACABEIRA,2101251.0,17498.0,43,245.74237055663505,15,34.883720930232556,Microempresa,5,11.627906976744185,38,5,0,0,0,Restaurantes,43,6,0,2,0,9,1,7,18
SE,3207,POCO REDONDO,2805406.0,29352.0,43,146.49768329245026,25,58.139534883720934,Microempresa,1,2.3255813953488373,42,1,0,0,0,Restaurantes,43,6,0,1,0,5,8,6,17
PR,7775,PLANALTO,4119806.0,14766.0,43,291.2095354192063,18,41.86046511627907,Microempresa,1,2.3255813953488373,42,1,0,0,0,Lanchonetes,43,3,0,1,0,15,7,7,10
MA,1287,ZE DOCA,2114007.0,41704.0,43,103.10761557644351,20,46.51162790697674,Microempresa,3,6.976744186046512,40,3,0,0,0,Lanchonetes,43,1,0,2,1,15,9,6,9
CE,1363,CARIRIACU,2303204.0,27579.0,43,155.91573298524239,13,30.23255813953488,Microempresa,0,0.0,43,0,0,0,0,Lanchonetes,43,5,0,0,6,10,6,6,10
MG,4621,INIMUTABA,3131109.0,7642.0,43,562.6799267207538,10,23.25581395348837,Microempresa,0,0.0,43,0,0,0,0,Outros Food Service,43,8,0,0,0,11,15,5,4
MG,2699,URUCUIA,3170529.0,18727.0,43,229.61499439312223,19,44.18604651162791,Microempresa,1,2.3255813953488373,42,0,1,0,0,Lanchonetes,43,4,0,3,0,14,5,7,10
BA,3775,PARATINGA,2923704.0,30689.0,43,140.11535077715143,21,48.837209302325576,Microempresa,1,2.3255813953488373,42,1,0,0,0,Restaurantes,43,3,0,0,2,11,9,0,18
MT,1096,SANTA RITA DO TRIVELATO,5107768.0,3609.0,43,1191.4657799944582,25,58.139534883720934,Microempresa,3,6.976744186046512,40,3,0,0,0,Alimentação preparada,43,12,0,0,1,11,4,7,8
MG,4707,JECEABA,3135407.0,6522.0,43,659.3069610548912,19,44.18604651162791,Microempresa,3,6.976744186046512,40,0,3,0,0,Lanchonetes,43,2,0,1,1,17,6,7,9
PR,7669,LUPIONOPOLIS,4113809.0,4942.0,43,870.0930797248077,10,23.25581395348837,Microempresa,0,0.0,43,0,0,0,0,Lanchonetes,43,8,1,2,0,17,6,5,4
SP,6693,MERIDIANO,3529609.0,4743.0,42,885.5154965211892,17,40.476190476190474,Microempresa,1,2.380952380952381,41,1,0,0,0,Lanchonetes,42,5,0,1,0,20,6,3,7
GO,9557,PORTELANDIA,5218102.0,3149.0,42,1333.7567481740234,21,50.0,Microempresa,0,0.0,42,0,0,0,0,Lanchonetes,42,7,0,0,1,13,4,7,10
SP,7015,SANTA ALBERTINA,3545704.0,6586.0,42,637.7163680534467,17,40.476190476190474,Microempresa,4,9.523809523809524,38,3,1,0,0,Outros Food Service,42,4,0,1,0,8,12,8,9
SP,6627,LAGOINHA,3526308.0,5191.0,42,809.0926603737237,15,35.714285714285715,Microempresa,1,2.380952380952381,41,1,0,0,0,Lanchonetes,42,6,3,0,0,13,9,5,6
SP,6767,NOVA LUZITANIA,3533304.0,2799.0,42,1500.5359056806003,15,35.714285714285715,Microempresa,0,0.0,42,0,0,0,0,Lanchonetes,42,7,0,0,1,20,7,6,1
RO,697,MIRANTE DA SERRA,1101302.0,9579.0,42,438.4591293454432,21,50.0,Microempresa,0,0.0,42,0,0,0,0,Lanchonetes,42,1,2,0,5,15,13,0,6
RS,7321,TUPANDI,4322251.0,5172.0,42,812.0649651972158,16,38.095238095238095,Microempresa,4,9.523809523809524,38,0,4,0,0,Restaurantes,42,4,0,2,0,11,0,6,19
PR,7441,ATALAIA,4102208.0,4050.0,42,1037.037037037037,19,45.23809523809524,Microempresa,2,4.761904761904762,40,2,0,0,0,Alimentação preparada,42,11,0,0,0,9,10,5,7
PR,7973,TAPIRA,4126900.0,5802.0,42,723.8883143743536,7,16.666666666666664,Microempresa,1,2.380952380952381,41,1,0,0,0,Lanchonetes,42,7,0,0,0,18,7,4,6
SC,5753,SAO JOAO DO OESTE,4216255.0,6492.0,42,646.9500924214418,4,9.523809523809524,Microempresa,0,0.0,42,0,0,0,0,Restaurantes,42,3,0,0,0,4,6,8,21
BA,3969,WENCESLAU GUIMARAES,2933505.0,25835.0,42,162.57015676407974,28,66.66666666666666,Microempresa,2,4.761904761904762,40,2,0,0,0,Outros Food Service,42,5,0,0,2,10,12,4,9
RS,8549,BOSSOROCA,4302501.0,5978.0,42,702.576112412178,22,52.38095238095239,Microempresa,0,0.0,42,0,0,0,0,Padarias e confeitaria,42,5,0,1,1,9,8,12,6
MG,5357,TABULEIRO,3167905.0,4095.0,42,1025.6410256410256,12,28.57142857142857,Microempresa,2,4.761904761904762,40,2,0,0,0,Outros Food Service,42,7,0,1,1,10,11,4,8
PE,550,JATOBA,2608057.0,14490.0,42,289.8550724637681,16,38.095238095238095,Microempresa,0,0.0,42,0,0,0,0,Padarias e confeitaria,42,7,0,1,2,7,10,11,4
PR,7573,GUAIRACA,4108908.0,6786.0,42,618.921308576481,25,59.523809523809526,Microempresa,0,0.0,42,0,0,0,0,Restaurantes,42,7,0,2,0,9,8,5,11
CE,1231,ACARAPE,2300150.0,14374.0,42,292.1942395992765,18,42.857142857142854,Microempresa,1,2.380952380952381,41,0,1,0,0,Lanchonetes,42,4,0,2,1,16,6,5,8
MS,1178,FIGUEIRAO,5003900.0,3790.0,42,1108.1794195250661,11,26.190476190476193,Microempresa,3,7.142857142857142,39,3,0,0,0,Lanchonetes,42,4,0,7,6,11,7,1,6
PR,7653,JUSSARA,4113007.0,6791.0,42,618.4656162568104,16,38.095238095238095,Microempresa,0,0.0,42,0,0,0,0,Lanchonetes,42,13,0,0,0,16,5,3,5
PI,1207,SAO MIGUEL DO TAPUIO,2210409.0,17918.0,42,234.4011608438442,14,33.33333333333333,Microempresa,2,4.761904761904762,40,2,0,0,0,Restaurantes,42,3,0,0,2,12,9,3,13
PI,1175,REGENERACAO,2208809.0,17385.0,42,241.58757549611735,19,45.23809523809524,Microempresa,2,4.761904761904762,40,2,0,0,0,Lanchonetes,42,2,0,1,1,18,4,3,13
ES,5671,MUCURICI,3203601.0,5667.0,42,741.132874536792,23,54.761904761904766,Microempresa,0,0.0,42,0,0,0,0,Outros Food Service,42,8,0,2,0,7,11,4,10
MG,4575,GUIDOVAL,3128808.0,7285.0,42,576.5271105010295,21,50.0,Microempresa,0,0.0,42,0,0,0,0,Lanchonetes,42,10,0,0,0,12,5,7,8
BA,1110,BARROCAS,2903276.0,15814.0,42,265.5874541545466,24,57.14285714285714,Microempresa,4,9.523809523809524,38,0,4,0,0,Restaurantes,42,0,0,5,2,10,4,4,17
CE,1499,PACUJA,2309904.0,6351.0,42,661.3131790269249,10,23.809523809523807,Microempresa,0,0.0,42,0,0,0,0,Lanchonetes,42,4,0,0,0,14,8,7,9
PI,1063,CURIMATA,2203206.0,11606.0,42,361.8817852834741,16,38.095238095238095,Microempresa,2,4.761904761904762,40,2,0,0,0,Outros Food Service,42,5,0,0,4,8,10,5,10
CE,1473,MONSENHOR TABOSA,2308609.0,17675.0,42,237.6237623762376,24,57.14285714285714,Microempresa,0,0.0,42,0,0,0,0,Restaurantes,42,6,0,0,0,12,5,5,14
MG,4543,FUNILANDIA,3127206.0,4981.0,42,843.2041758682996,24,57.14285714285714,Microempresa,0,0.0,42,0,0,0,0,Outros Food Service,42,7,0,1,1,9,13,1,10
RS,6015,SAO JOSE DOS AUSENTES,4318622.0,4295.0,42,977.8812572759022,17,40.476190476190474,Microempresa,0,0.0,42,0,0,0,0,Outros Food Service,42,4,0,2,2,6,12,4,12
RN,1781,PASSA E FICA,2409100.0,11407.0,42,368.19496800210396,12,28.57142857142857,Microempresa,1,2.380952380952381,41,0,1,0,0,Lanchonetes,42,4,0,0,0,22,1,3,12
RS,5773,MINAS DO LEAO,4312252.0,7661.0,42,548.2313013966844,21,50.0,Microempresa,2,4.761904761904762,40,0,2,0,0,Lanchonetes,42,10,0,2,0,16,4,6,4
MG,4495,ESTRELA DO SUL,3124807.0,6869.0,42,611.4427136409957,17,40.476190476190474,Microempresa,1,2.380952380952381,41,1,0,0,0,Lanchonetes,42,6,0,0,0,13,6,6,11
PR,7497,CATANDUVAS,4105003.0,10636.0,41,385.4832643851072,13,31.70731707317073,Microempresa,4,9.75609756097561,37,2,2,0,0,Lanchonetes,41,4,0,1,2,15,5,3,11
TO,9529,COLMEIA,1716703.0,9152.0,41,447.9895104895105,14,34.146341463414636,Microempresa,1,2.4390243902439024,40,1,0,0,0,Lanchonetes,41,4,0,4,3,16,2,2,10
BA,3729,MIRANGABA,2921401.0,16150.0,41,253.86996904024767,23,56.09756097560976,Microempresa,0,0.0,41,0,0,0,0,Restaurantes,41,1,0,0,3,9,9,6,13
PA,58,PICARRA,1505635.0,13390.0,41,306.1986557132188,23,56.09756097560976,Microempresa,0,0.0,41,0,0,0,0,Restaurantes,41,6,0,4,0,9,8,1,13
SC,8101,ERVAL VELHO,4205209.0,5193.0,41,789.524359715001,15,36.58536585365854,Microempresa,1,2.4390243902439024,40,0,1,0,0,Lanchonetes,41,2,0,0,0,24,5,6,4
MT,9001,ACORIZAL,5100102.0,4907.0,41,835.5410637864276,19,46.34146341463415,Microempresa,5,12.195121951219512,36,3,2,0,0,Lanchonetes,41,5,0,0,4,12,4,5,11
GO,9303,CATURAI,5205208.0,5385.0,41,761.3741875580316,24,58.536585365853654,Microempresa,0,0.0,41,0,0,0,0,Outros Food Service,41,5,0,0,2,6,18,4,6
SP,7247,BOREBI,3507456.0,2814.0,41,1457.0007107320541,25,60.97560975609756,Microempresa,3,7.317073170731707,38,3,0,0,0,Lanchonetes,41,6,0,1,0,19,7,4,4
MG,4567,GUARANI,3128402.0,7685.0,41,533.5068314899155,10,24.390243902439025,Microempresa,1,2.4390243902439024,40,1,0,0,0,Lanchonetes,41,8,0,0,0,14,8,4,7
MG,4407,CRISTIANO OTONI,3120409.0,4704.0,41,871.5986394557823,15,36.58536585365854,Microempresa,0,0.0,41,0,0,0,0,Outros Food Service,41,9,0,1,0,5,11,9,6
BA,3789,PILAO ARCADO,2924405.0,37493.0,41,109.35374603259274,16,39.02439024390244,Microempresa,1,2.4390243902439024,40,1,0,0,0,Outros Food Service,41,2,0,0,1,13,15,3,7
MG,4121,BELMIRO BRAGA,3106101.0,3286.0,41,1247.7175897748023,14,34.146341463414636,Microempresa,0,0.0,41,0,0,0,0,Lanchonetes,41,4,0,0,1,16,3,9,8
SC,8015,ANCHIETA,4200804.0,5922.0,41,692.3336710570753,11,26.82926829268293,Microempresa,0,0.0,41,0,0,0,0,Lanchonetes,41,5,0,0,0,18,5,4,9
AM,251,LABREA,1302405.0,50040.0,41,81.93445243804956,19,46.34146341463415,Microempresa,1,2.4390243902439024,40,0,1,0,0,Lanchonetes,41,1,0,3,1,15,8,4,9
MG,4695,JACUI,3134806.0,7672.0,41,534.4108446298228,18,43.90243902439025,Microempresa,0,0.0,41,0,0,0,0,Lanchonetes,41,4,0,1,1,16,6,8,5
MG,4699,JAGUARACU,3135001.0,3188.0,41,1286.0727728983688,24,58.536585365853654,Microempresa,1,2.4390243902439024,40,1,0,0,0,Lanchonetes,41,6,1,0,2,13,1,6,12
PA,637,TERRA SANTA,1507979.0,19912.0,41,205.90598633989555,18,43.90243902439025,Microempresa,4,9.75609756097561,37,4,0,0,0,Restaurantes,41,4,0,0,0,8,8,2,19
GO,9369,GOIANDIRA,5208509.0,4938.0,41,830.2956662616444,14,34.146341463414636,Microempresa,1,2.4390243902439024,40,1,0,0,0,Lanchonetes,41,5,0,0,1,21,5,7,2
PR,7711,MUNHOZ DE MELO,4116307.0,4075.0,41,1006.1349693251533,17,41.46341463414634,Microempresa,0,0.0,41,0,0,0,0,Lanchonetes,41,5,0,0,2,14,8,10,2
SE,3133,CRISTINAPOLIS,2801702.0,17646.0,41,232.3472741697835,19,46.34146341463415,Microempresa,0,0.0,41,0,0,0,0,Restaurantes,41,2,0,2,2,7,5,7,16
SC,8203,MAJOR VIEIRA,4210308.0,7540.0,41,543.7665782493369,13,31.70731707317073,Microempresa,1,2.4390243902439024,40,0,1,0,0,Lanchonetes,41,3,0,1,0,20,8,1,8
PR,9949,IBEMA,4109757.0,6352.0,41,645.4659949622167,21,51.21951219512195,Microempresa,0,0.0,41,0,0,0,0,Lanchonetes,41,4,0,0,0,17,6,3,11
MG,5205,SANTO ANTONIO DO JACINTO,3160306.0,10254.0,41,399.8439633313829,16,39.02439024390244,Microempresa,1,2.4390243902439024,40,1,0,0,0,Lanchonetes,41,6,0,0,4,14,7,3,7
SP,6965,RIBEIRAO DO SUL,3543204.0,4783.0,41,857.2025925151579,13,31.70731707317073,Microempresa,0,0.0,41,0,0,0,0,Lanchonetes,41,5,0,1,1,16,10,3,5
MA,719,ARARI,2101004.0,30585.0,41,134.0526401830963,22,53.65853658536586,Microempresa,1,2.4390243902439024,40,1,0,0,0,Outros Food Service,41,4,0,1,0,5,14,4,13
MG,5251,SAO JOAO DO ORIENTE,3162609.0,7061.0,41,580.6542982580371,18,43.90243902439025,Microempresa,0,0.0,41,0,0,0,0,Lanchonetes,41,8,0,1,0,11,11,4,6
CE,1377,CHAVAL,2303907.0,12816.0,41,319.9126092384519,15,36.58536585365854,Microempresa,0,0.0,41,0,0,0,0,Restaurantes,41,6,0,3,2,9,10,0,11
SP,6991,RUBINEIA,3544509.0,4028.0,41,1017.8748758689176,16,39.02439024390244,Microempresa,3,7.317073170731707,38,2,1,0,0,Lanchonetes,41,5,0,0,0,11,10,4,11
RO,679,CAMPO NOVO DE RONDONIA,1100700.0,8972.0,41,456.97726259473916,25,60.97560975609756,Microempresa,1,2.4390243902439024,40,1,0,0,0,Lanchonetes,41,5,0,0,1,15,5,4,11
BA,3927,TEODORO SAMPAIO,2931400.0,7261.0,41,564.6605150805674,18,43.90243902439025,Microempresa,0,0.0,41,0,0,0,0,Outros Food Service,41,6,0,2,0,7,15,2,9
PR,9965,OURO VERDE DO OESTE,4117453.0,7169.0,41,571.9068210350118,16,39.02439024390244,Microempresa,3,7.317073170731707,38,3,0,0,0,Lanchonetes,41,3,0,0,0,21,8,5,4
BA,3895,SAUDE,2929800.0,10612.0,41,386.35506973237847,15,36.58536585365854,Microempresa,0,0.0,41,0,0,0,0,Outros Food Service,41,8,0,0,3,6,17,0,7
CE,1433,ITATIRA,2306603.0,21230.0,41,193.1229392369289,16,39.02439024390244,Microempresa,0,0.0,41,0,0,0,0,Lanchonetes,41,5,0,0,2,15,9,4,6
MG,5395,TURVOLANDIA,3169802.0,5114.0,41,801.7207665232694,17,41.46341463414634,Microempresa,0,0.0,41,0,0,0,0,Lanchonetes,41,8,2,2,0,15,1,4,9
MG,4685,ITUMIRIM,3134301.0,6906.0,41,593.686649290472,20,48.78048780487805,Microempresa,2,4.878048780487805,39,2,0,0,0,Lanchonetes,41,4,1,0,2,20,9,2,3
TO,9521,PARANA,1716208.0,10899.0,40,367.0061473529682,15,37.5,Microempresa,0,0.0,40,0,0,0,0,Restaurantes,40,1,1,0,5,8,5,1,19
PR,7457,BOA ESPERANCA,4103008.0,4595.0,40,870.5114254624592,13,32.5,Microempresa,0,0.0,40,0,0,0,0,Lanchonetes,40,10,0,0,1,18,5,3,3
MA,939,TUNTUM,2112308.0,37331.0,40,107.14955398998151,26,65.0,Microempresa,1,2.5,39,1,0,0,0,Restaurantes,40,3,0,2,1,12,3,3,16
MG,5177,SANTANA DO MANHUACU,3158904.0,9290.0,40,430.57050592034443,21,52.5,Microempresa,0,0.0,40,0,0,0,0,Outros Food Service,40,2,0,0,0,13,15,1,9
PR,5493,SAUDADE DO IGUACU,4126272.0,6479.0,40,617.3792251890724,19,47.5,Microempresa,2,5.0,38,1,1,0,0,Lanchonetes,40,5,0,0,0,12,7,5,11
BA,3665,JIQUIRICA,2918209.0,14076.0,40,284.1716396703609,15,37.5,Microempresa,0,0.0,40,0,0,0,0,Restaurantes,40,2,0,1,3,9,8,4,13
PA,417,AUGUSTO CORREA,1500909.0,48216.0,40,82.96001327360213,15,37.5,Microempresa,1,2.5,39,1,0,0,0,Outros Food Service,40,1,0,2,2,8,14,1,12
MT,9833,DENISE,5103452.0,6536.0,40,611.9951040391677,12,30.0,Microempresa,2,5.0,38,2,0,0,0,Lanchonetes,40,6,1,2,1,12,8,1,9
SC,8187,LAURENTINO,4209508.0,8764.0,40,456.41259698767686,19,47.5,Microempresa,0,0.0,40,0,0,0,0,Lanchonetes,40,6,0,0,0,15,3,11,5
BA,3369,BELO CAMPO,2903508.0,19104.0,40,209.38023450586263,12,30.0,Microempresa,0,0.0,40,0,0,0,0,Outros Food Service,40,7,0,0,1,9,16,4,3
MG,5093,RIBEIRAO VERMELHO,3154705.0,4233.0,40,944.9562957713206,16,40.0,Microempresa,3,7.5,37,2,1,0,0,Outros Food Service,40,6,0,3,1,9,11,4,6
RS,962,CAPIVARI DO SUL,4304671.0,4080.0,40,980.3921568627451,18,45.0,Microempresa,0,0.0,40,0,0,0,0,Alimentação preparada,40,12,0,0,2,7,7,7,5
CE,9917,QUITERIANOPOLIS,2311264.0,20580.0,40,194.3634596695821,19,47.5,Microempresa,0,0.0,40,0,0,0,0,Restaurantes,40,1,0,0,4,8,9,4,14
PB,1917,ARARA,2500908.0,12469.0,40,320.7955730210923,20,50.0,Microempresa,0,0.0,40,0,0,0,0,Lanchonetes,40,2,0,0,2,13,7,10,6
MA,729,BARAO DE GRAJAU,2101509.0,19524.0,40,204.87604998975618,18,45.0,Microempresa,2,5.0,38,2,0,0,0,Restaurantes,40,7,0,0,2,10,7,1,13
PR,856,FOZ DO JORDAO,4108452.0,4863.0,40,822.5375282747275,20,50.0,Microempresa,0,0.0,40,0,0,0,0,Lanchonetes,40,10,0,1,1,12,7,3,6
PR,7637,JANIOPOLIS,4112207.0,5766.0,40,693.7218175511621,13,32.5,Microempresa,0,0.0,40,0,0,0,0,Lanchonetes,40,5,0,0,0,18,9,4,4
PI,1039,BURITI DOS LOPES,2202000.0,20161.0,40,198.4028570011408,18,45.0,Microempresa,0,0.0,40,0,0,0,0,Lanchonetes,40,9,0,4,2,10,2,3,10
RS,8907,SELBACH,4320305.0,5223.0,40,765.8433850277619,20,50.0,Microempresa,1,2.5,39,1,0,0,0,Restaurantes,40,5,0,0,2,10,4,8,11
MG,5099,RIO DOCE,3155009.0,2547.0,40,1570.4750687082842,22,55.00000000000001,Microempresa,0,0.0,40,0,0,0,0,Alimentação preparada,40,10,0,5,4,8,7,2,4
SP,6591,JACI,3524501.0,8003.0,40,499.8125702861427,21,52.5,Microempresa,2,5.0,38,2,0,0,0,Restaurantes,40,9,0,0,1,8,8,3,11
MS,9097,JARAGUARI,5004908.0,7533.0,40,530.9969467675561,22,55.00000000000001,Microempresa,1,2.5,39,0,1,0,0,Alimentação preparada,40,10,0,4,3,7,7,1,8
PI,1215,SIMPLICIO MENDES,2210805.0,14613.0,40,273.728871552727,20,50.0,Microempresa,1,2.5,39,1,0,0,0,Restaurantes,40,2,0,0,0,11,8,4,15
SC,926,LUZERNA,4210035.0,5970.0,40,670.0167504187605,17,42.5,Microempresa,4,10.0,36,4,0,0,0,Padarias e confeitaria,40,7,0,1,0,7,8,14,3
SC,8019,ANITA GARIBALDI,4201000.0,8311.0,40,481.2898568162676,14,35.0,Microempresa,0,0.0,40,0,0,0,0,Lanchonetes,40,5,0,0,0,19,2,7,7
RN,1889,UPANEMA,2414605.0,14080.0,40,284.0909090909091,18,45.0,Microempresa,2,5.0,38,0,2,0,0,Padarias e confeitaria,40,8,0,0,1,10,1,11,9
SP,6531,IRAPUA,3521507.0,6920.0,40,578.0346820809249,11,27.500000000000004,Microempresa,0,0.0,40,0,0,0,0,Lanchonetes,40,4,0,0,1,20,7,1,7
SP,6533,IRAPURU,3521606.0,7098.0,40,563.5390250774866,20,50.0,Microempresa,1,2.5,39,0,1,0,0,Lanchonetes,40,7,0,2,1,12,10,3,5
SP,6159,ARAMINA,3503000.0,5543.0,40,721.6308858019123,22,55.00000000000001,Microempresa,3,7.5,37,3,0,0,0,Lanchonetes,40,6,0,0,0,15,10,3,6
BA,3259,ARACAS,2902054.0,11960.0,40,334.44816053511704,16,40.0,Microempresa,0,0.0,40,0,0,0,0,Lanchonetes,40,8,0,3,1,9,7,5,7
MT,9867,NOVO SAO JOAQUIM,5106281.0,7317.0,40,546.6721333880005,19,47.5,Microempresa,0,0.0,40,0,0,0,0,Lanchonetes,40,4,1,0,3,14,11,2,5
CE,1317,APUIARES,2300903.0,13167.0,40,303.78977747398795,7,17.5,Microempresa,1,2.5,39,1,0,0,0,Alimentação preparada,40,8,0,2,1,8,8,7,6
PB,2137,PIRPIRITUBA,2511806.0,9358.0,40,427.4417610600555,18,45.0,Microempresa,1,2.5,39,0,1,0,0,Restaurantes,40,5,0,0,1,13,4,2,15
MG,4805,MARLIERIA,3140308.0,4829.0,40,828.3288465520811,14,35.0,Microempresa,0,0.0,40,0,0,0,0,Alimentação preparada,40,17,0,5,0,2,5,6,5
MG,4803,MARIPA DE MINAS,3140209.0,3600.0,40,1111.111111111111,14,35.0,Microempresa,0,0.0,40,0,0,0,0,Alimentação preparada,40,11,0,0,0,10,5,4,10
MA,174,ITINGA DO MARANHAO,2105427.0,22863.0,40,174.95516773826705,23,57.49999999999999,Microempresa,8,20.0,32,7,1,0,0,Lanchonetes,40,2,0,1,0,15,7,2,13
CE,1331,ASSARE,2301604.0,22180.0,40,180.34265103697024,24,60.0,Microempresa,0,0.0,40,0,0,0,0,Lanchonetes,40,4,0,0,2,12,10,5,7
RS,8435,CERRO GRANDE DO SUL,4305173.0,9333.0,40,428.5867352405443,17,42.5,Microempresa,0,0.0,40,0,0,0,0,Lanchonetes,40,9,0,1,1,12,6,5,6
TO,9553,PONTE ALTA DO TOCANTINS,1717909.0,7905.0,40,506.0088551549652,24,60.0,Microempresa,0,0.0,40,0,0,0,0,Lanchonetes,40,1,0,1,2,18,6,1,11
BA,3719,MASCOTE,2920908.0,13897.0,40,287.8319061667986,21,52.5,Microempresa,0,0.0,40,0,0,0,0,Outros Food Service,40,5,0,0,0,10,17,1,7
PR,5535,QUATRO PONTES,4120853.0,4714.0,40,848.5362749257531,17,42.5,Microempresa,2,5.0,38,2,0,0,0,Lanchonetes,40,8,0,0,2,9,6,6,9
CE,1361,CARIRE,2303105.0,18073.0,40,221.32462789796935,16,40.0,Microempresa,0,0.0,40,0,0,0,0,Lanchonetes,40,3,0,0,0,13,4,10,10
CE,1375,CEDRO,2303808.0,22455.0,40,178.13404586951683,19,47.5,Microempresa,0,0.0,40,0,0,0,0,Lanchonetes,40,5,0,1,1,14,11,2,6
PI,1127,MONSENHOR GIL,2206407.0,10514.0,40,380.44512079132585,26,65.0,Microempresa,8,20.0,32,8,0,0,0,Lanchonetes,40,4,0,1,1,18,2,5,9
MG,4837,MINDURI,3141900.0,3808.0,40,1050.420168067227,15,37.5,Microempresa,0,0.0,40,0,0,0,0,Lanchonetes,40,9,0,0,0,13,7,4,7
MG,4351,CONCEICAO DO PARA,3117603.0,5601.0,39,696.3042313872522,17,43.58974358974359,Microempresa,3,7.6923076923076925,36,1,2,0,0,Lanchonetes,39,9,0,4,0,10,3,6,7
RN,1895,VERA CRUZ,2414803.0,11061.0,39,352.5901817195552,20,51.28205128205128,Microempresa,1,2.564102564102564,38,1,0,0,0,Lanchonetes,39,4,0,1,0,11,8,6,9
PR,846,CORONEL DOMINGOS SOARES,4106456.0,5342.0,39,730.0636465743167,16,41.02564102564102,Microempresa,0,0.0,39,0,0,0,0,Lanchonetes,39,2,0,2,0,18,5,3,9
MG,4979,PEDRA DOURADA,3149002.0,2948.0,39,1322.9308005427408,24,61.53846153846154,Microempresa,0,0.0,39,0,0,0,0,Lanchonetes,39,1,0,0,0,16,6,4,12
BA,3385,BREJOES,2904308.0,13195.0,39,295.56650246305423,20,51.28205128205128,Microempresa,0,0.0,39,0,0,0,0,Restaurantes,39,3,0,1,0,7,11,4,13
BA,3657,JAGUARIPE,2917805.0,18395.0,39,212.01413427561835,15,38.46153846153847,Microempresa,0,0.0,39,0,0,0,0,Restaurantes,39,1,0,1,0,6,11,1,19
PR,7625,IVATUBA,4111605.0,2666.0,39,1462.8657164291074,16,41.02564102564102,Microempresa,0,0.0,39,0,0,0,0,Outros Food Service,39,8,0,0,0,8,14,3,6
GO,9765,TURVELANDIA,5221551.0,5210.0,39,748.5604606525911,21,53.84615384615385,Microempresa,0,0.0,39,0,0,0,0,Alimentação preparada,39,10,0,0,2,10,6,3,8
PR,9959,LINDOESTE,4113452.0,5208.0,39,748.8479262672811,19,48.717948717948715,Microempresa,1,2.564102564102564,38,1,0,0,0,Lanchonetes,39,5,0,1,1,11,9,1,11
PR,854,FERNANDES PINHEIRO,4107736.0,6420.0,39,607.4766355140187,29,74.35897435897436,Microempresa,2,5.128205128205128,37,0,2,0,0,Lanchonetes,39,9,0,0,0,15,10,1,4
RN,1635,BREJINHO,2401800.0,12670.0,39,307.8137332280979,26,66.66666666666666,Microempresa,0,0.0,39,0,0,0,0,Alimentação preparada,39,11,0,4,0,5,4,5,10
TO,317,MATEIROS,1712702.0,2955.0,39,1319.7969543147208,19,48.717948717948715,Microempresa,0,0.0,39,0,0,0,0,Restaurantes,39,1,0,1,0,11,1,3,22
SC,944,SAO PEDRO DE ALCANTARA,4217253.0,6272.0,39,621.8112244897959,24,61.53846153846154,Microempresa,1,2.564102564102564,38,0,1,0,0,Lanchonetes,39,7,2,4,3,10,2,4,7
MG,4933,PALMA,3146701.0,5658.0,39,689.2895015906681,17,43.58974358974359,Microempresa,0,0.0,39,0,0,0,0,Lanchonetes,39,3,0,1,1,11,10,7,6
CE,1237,BARROQUINHA,2302057.0,15018.0,39,259.6883739512585,12,30.76923076923077,Microempresa,0,0.0,39,0,0,0,0,Outros Food Service,39,1,0,0,0,11,12,4,11
MG,2679,SAO JOAO DO MANTENINHA,3162575.0,5490.0,39,710.3825136612022,13,33.33333333333333,Microempresa,0,0.0,39,0,0,0,0,Lanchonetes,39,2,0,0,2,17,3,7,8
MG,4739,LADAINHA,3137007.0,14134.0,39,275.93038064242256,28,71.7948717948718,Microempresa,0,0.0,39,0,0,0,0,Restaurantes,39,9,0,1,0,7,8,3,11
TO,9527,PEIXE,1716604.0,9332.0,39,417.91684526360905,10,25.64102564102564,Microempresa,1,2.564102564102564,38,1,0,0,0,Alimentação preparada,39,13,0,2,0,5,5,2,12
MG,5309,SARDOA,3165503.0,5117.0,39,762.1653312487786,20,51.28205128205128,Microempresa,2,5.128205128205128,37,2,0,0,0,Lanchonetes,39,5,0,1,0,12,10,4,7
PR,7689,MARILUZ,4115101.0,9886.0,39,394.4972688650617,16,41.02564102564102,Microempresa,0,0.0,39,0,0,0,0,Lanchonetes,39,5,0,0,3,16,7,5,3
BA,3639,ITIRUCU,2916906.0,11165.0,39,349.30586654724584,13,33.33333333333333,Microempresa,0,0.0,39,0,0,0,0,Outros Food Service,39,7,0,1,4,9,10,5,3
PR,7897,SAO TOME,4126108.0,5275.0,39,739.3364928909953,12,30.76923076923077,Microempresa,1,2.564102564102564,38,1,0,0,0,Lanchonetes,39,7,0,0,1,17,8,2,4
PE,2481,MACHADOS,2609105.0,11310.0,39,344.82758620689657,16,41.02564102564102,Microempresa,0,0.0,39,0,0,0,0,Outros Food Service,39,4,0,0,2,8,14,1,10
AM,217,BORBA,1300805.0,34836.0,39,111.95315191181537,19,48.717948717948715,Microempresa,2,5.128205128205128,37,2,0,0,0,Padarias e confeitaria,39,2,0,2,3,8,4,10,10
SP,6303,CANDIDO RODRIGUES,3510104.0,2966.0,39,1314.9022252191503,21,53.84615384615385,Microempresa,0,0.0,39,0,0,0,0,Outros Food Service,39,9,0,2,1,9,11,7,0
BA,3935,TREMEDAL,2931806.0,16604.0,39,234.88316068417248,8,20.51282051282051,Microempresa,2,5.128205128205128,37,2,0,0,0,Lanchonetes,39,5,0,1,0,14,9,5,5
PI,1009,AMARANTE,2200509.0,17602.0,39,221.56573116691285,21,53.84615384615385,Microempresa,0,0.0,39,0,0,0,0,Lanchonetes,39,5,0,0,2,15,4,5,8
SC,5565,VARGEM BONITA,4219176.0,4579.0,39,851.7143481109413,18,46.15384615384615,Microempresa,6,15.384615384615385,33,6,0,0,0,Outros Food Service,39,5,0,3,2,11,13,0,5
SC,8223,NOVA ERECHIM,4211405.0,5553.0,39,702.3230686115613,21,53.84615384615385,Microempresa,8,20.51282051282051,31,8,0,0,0,Restaurantes,39,0,2,0,2,7,9,6,13
AL,2741,COLONIA LEOPOLDINA,2702108.0,15902.0,39,245.25216953842286,19,48.717948717948715,Microempresa,4,10.256410256410255,35,4,0,0,0,Restaurantes,39,7,0,0,1,8,7,6,10
MG,4095,AUGUSTO DE LIMA,3104809.0,4553.0,39,856.5780803865583,17,43.58974358974359,Microempresa,2,5.128205128205128,37,2,0,0,0,Restaurantes,39,5,0,0,0,9,1,3,21
RS,8529,AUGUSTO PESTANA,4301503.0,7303.0,39,534.0271121456935,16,41.02564102564102,Microempresa,1,2.564102564102564,38,1,0,0,0,Padarias e confeitaria,39,4,0,2,1,7,7,12,6
BA,3933,TERRA NOVA,2931707.0,10923.0,39,357.0447679209008,17,43.58974358974359,Microempresa,0,0.0,39,0,0,0,0,Restaurantes,39,9,0,1,1,4,8,5,11
MA,108,ALTO ALEGRE DO PINDARE,2100477.0,26241.0,39,148.62238481765175,21,53.84615384615385,Microempresa,5,12.82051282051282,34,1,4,0,0,Restaurantes,39,3,2,5,0,4,11,1,13
PB,2057,JUNCO DO SERIDO,2507804.0,7035.0,39,554.3710021321962,15,38.46153846153847,Microempresa,2,5.128205128205128,37,0,2,0,0,Lanchonetes,39,4,0,1,0,17,6,4,7
PB,1989,CONCEICAO,2504405.0,18739.0,39,208.12209829766795,7,17.94871794871795,Microempresa,0,0.0,39,0,0,0,0,Restaurantes,39,3,1,1,1,11,4,4,14
AL,2857,SANTA LUZIA DO NORTE,2707909.0,7067.0,39,551.8607612848451,15,38.46153846153847,Microempresa,1,2.564102564102564,38,0,1,0,0,Lanchonetes,39,5,0,1,2,13,8,6,4
MG,5201,SANTO ANTONIO DO GRAMA,3160108.0,4362.0,39,894.0852819807428,11,28.205128205128204,Microempresa,2,5.128205128205128,37,0,2,0,0,Lanchonetes,39,11,0,2,0,14,5,1,6
RO,981,CORUMBIARA,1100072.0,7938.0,39,491.3076341647771,20,51.28205128205128,Microempresa,0,0.0,39,0,0,0,0,Lanchonetes,39,4,0,2,2,11,8,1,11
SP,3059,BOM SUCESSO DE ITARARE,3507159.0,3609.0,39,1080.6317539484621,22,56.41025641025641,Microempresa,0,0.0,39,0,0,0,0,Lanchonetes,39,9,0,0,0,17,3,1,9
SP,6947,REDENCAO DA SERRA,3542305.0,4656.0,39,837.6288659793814,10,25.64102564102564,Microempresa,0,0.0,39,0,0,0,0,Lanchonetes,39,7,2,0,0,16,10,1,3
SE,3145,FREI PAULO,2802304.0,14957.0,39,260.747476098148,17,43.58974358974359,Microempresa,1,2.564102564102564,38,0,1,0,0,Lanchonetes,39,5,0,1,1,10,9,5,8
RS,8539,BARROS CASSAL,4302006.0,9424.0,39,413.83701188455007,24,61.53846153846154,Microempresa,6,15.384615384615385,33,6,0,0,0,Restaurantes,39,2,2,3,0,8,4,5,15
PR,7665,LOBATO,4113601.0,4719.0,39,826.4462809917355,11,28.205128205128204,Microempresa,1,2.564102564102564,38,0,1,0,0,Alimentação preparada,39,13,0,0,2,6,10,5,3
SC,9971,TIMBO GRANDE,4218251.0,7536.0,39,517.515923566879,17,43.58974358974359,Microempresa,1,2.564102564102564,38,1,0,0,0,Restaurantes,39,3,0,0,2,9,4,8,13
BA,3267,CABACEIRAS DO PARAGUACU,2904852.0,17009.0,38,223.41113528132166,16,42.10526315789473,Microempresa,0,0.0,38,0,0,0,0,Restaurantes,38,3,2,0,4,8,10,0,11
ES,2935,VILA PAVAO,3205150.0,9340.0,38,406.85224839400433,11,28.947368421052634,Microempresa,0,0.0,38,0,0,0,0,Outros Food Service,38,6,0,1,0,9,12,1,9
GO,9927,MATRINCHA,5212956.0,3975.0,38,955.9748427672956,16,42.10526315789473,Microempresa,0,0.0,38,0,0,0,0,Lanchonetes,38,3,1,3,1,18,2,1,9
MG,4259,CARAI,3113008.0,19376.0,38,196.11890999174236,15,39.473684210526315,Microempresa,0,0.0,38,0,0,0,0,Lanchonetes,38,2,0,0,0,17,4,3,12
PE,2315,ALTINHO,2600807.0,21087.0,38,180.2058140086309,15,39.473684210526315,Microempresa,2,5.263157894736842,36,2,0,0,0,Padarias e confeitaria,38,1,0,0,0,7,10,13,7
MG,5443,VOLTA GRANDE,3172103.0,4411.0,38,861.482656993879,17,44.73684210526316,Microempresa,1,2.631578947368421,37,0,1,0,0,Lanchonetes,38,1,0,0,0,13,11,2,11
PA,393,SAO JOAO DE PIRABAS,1507474.0,21505.0,38,176.70309230411533,21,55.26315789473685,Microempresa,1,2.631578947368421,37,1,0,0,0,Restaurantes,38,6,0,0,0,7,9,0,16
TO,9219,ANANAS,1701002.0,10736.0,38,353.94932935916546,13,34.21052631578947,Microempresa,0,0.0,38,0,0,0,0,Lanchonetes,38,6,0,1,2,12,5,4,8
TO,9239,ARAGUACU,1702000.0,8213.0,38,462.6811153050043,18,47.368421052631575,Microempresa,1,2.631578947368421,37,1,0,0,0,Lanchonetes,38,4,0,1,1,14,6,7,5
CE,1497,PACOTI,2309805.0,11402.0,38,333.274864058937,14,36.84210526315789,Microempresa,0,0.0,38,0,0,0,0,Restaurantes,38,7,0,2,0,8,7,1,13
BA,3727,MILAGRES,2921302.0,11438.0,38,332.22591362126246,20,52.63157894736842,Microempresa,3,7.894736842105263,35,3,0,0,0,Outros Food Service,38,2,0,0,3,7,13,2,11
MG,4523,FORMOSO,3126208.0,8088.0,38,469.83184965380815,23,60.526315789473685,Microempresa,0,0.0,38,0,0,0,0,Restaurantes,38,1,0,2,3,13,4,1,14
PR,7809,RENASCENCA,4121604.0,6947.0,38,546.9987044767526,24,63.1578947368421,Microempresa,4,10.526315789473683,34,4,0,0,0,Lanchonetes,38,5,0,0,2,13,6,2,10
MG,5147,SANTA CRUZ DO ESCALVADO,3157401.0,4714.0,38,806.1094611794655,8,21.052631578947366,Microempresa,0,0.0,38,0,0,0,0,Lanchonetes,38,12,0,0,0,14,7,1,4
MG,4579,GUIRICEMA,3129004.0,7759.0,38,489.75383425699187,16,42.10526315789473,Microempresa,2,5.263157894736842,36,2,0,0,0,Outros Food Service,38,4,0,2,0,9,13,4,6
MG,684,PERIQUITO,3149952.0,6602.0,38,575.5831566192063,18,47.368421052631575,Microempresa,0,0.0,38,0,0,0,0,Lanchonetes,38,6,0,0,0,10,9,6,7
RS,8689,GUARANI DAS MISSOES,4309506.0,7547.0,38,503.5113290049026,13,34.21052631578947,Microempresa,0,0.0,38,0,0,0,0,Lanchonetes,38,9,0,0,0,12,5,7,5
MA,258,TRIZIDELA DO VALE,2112233.0,23137.0,38,164.23909754937978,16,42.10526315789473,Microempresa,6,15.789473684210526,32,6,0,0,0,Lanchonetes,38,4,0,0,1,12,7,3,11
PR,7785,PORTO VITORIA,4120309.0,3487.0,38,1089.76197304273,16,42.10526315789473,Microempresa,0,0.0,38,0,0,0,0,Lanchonetes,38,1,0,0,0,16,6,7,8
PR,876,QUARTO CENTENARIO,4120655.0,4087.0,38,929.7773427942257,10,26.31578947368421,Microempresa,0,0.0,38,0,0,0,0,Restaurantes,38,2,0,1,0,9,11,2,13
MG,5261,SAO JOSE DA VARGINHA,3163102.0,4719.0,38,805.2553507098962,18,47.368421052631575,Microempresa,3,7.894736842105263,35,3,0,0,0,Alimentação preparada,38,10,0,0,3,9,3,5,8
PE,2619,VENTUROSA,2616001.0,17605.0,38,215.84777051973873,11,28.947368421052634,Microempresa,0,0.0,38,0,0,0,0,Outros Food Service,38,7,0,1,3,7,12,3,5
MG,5411,VARGEM BONITA,3170602.0,2208.0,38,1721.0144927536232,15,39.473684210526315,Microempresa,0,0.0,38,0,0,0,0,Restaurantes,38,0,0,3,0,12,7,0,16
PR,5509,ANGULO,4101150.0,3380.0,38,1124.2603550295858,13,34.21052631578947,Microempresa,0,0.0,38,0,0,0,0,Lanchonetes,38,5,0,0,1,15,6,5,6
CE,1437,JAGUARIBARA,2306801.0,10680.0,38,355.8052434456929,13,34.21052631578947,Microempresa,0,0.0,38,0,0,0,0,Lanchonetes,38,2,1,0,3,13,0,7,12
SC,5583,GUATAMBU,4206652.0,9947.0,38,382.02473107469586,22,57.89473684210527,Microempresa,0,0.0,38,0,0,0,0,Lanchonetes,38,2,0,0,2,16,6,8,4
MA,903,SANTO ANTONIO DOS LOPES,2110302.0,14632.0,38,259.704756697649,19,50.0,Microempresa,4,10.526315789473683,34,4,0,0,0,Restaurantes,38,4,0,3,2,4,2,1,22
TO,9719,DIVINOPOLIS DO TOCANTINS,1707108.0,7388.0,38,514.3475906876015,15,39.473684210526315,Microempresa,0,0.0,38,0,0,0,0,Lanchonetes,38,1,0,0,0,21,3,4,9
MG,5087,RESSAQUINHA,3154408.0,4638.0,38,819.3186718413108,14,36.84210526315789,Microempresa,1,2.631578947368421,37,1,0,0,0,Lanchonetes,38,8,0,1,1,9,5,5,9
BA,3323,ANAGE,2901205.0,26772.0,38,141.93933960854625,13,34.21052631578947,Microempresa,0,0.0,38,0,0,0,0,Restaurantes,38,2,1,0,0,13,5,3,14
BA,3545,IBICUI,2912301.0,14236.0,38,266.92891261590336,17,44.73684210526316,Microempresa,0,0.0,38,0,0,0,0,Alimentação preparada,38,12,0,0,1,4,10,0,11
PI,1163,PIO IX,2208205.0,17949.0,38,211.71095882778985,22,57.89473684210527,Microempresa,0,0.0,38,0,0,0,0,Lanchonetes,38,2,0,2,2,11,8,3,10
SP,6855,PIACATU,3537701.0,5638.0,38,673.9978715856687,17,44.73684210526316,Microempresa,0,0.0,38,0,0,0,0,Lanchonetes,38,6,0,0,3,10,8,9,2
BA,3601,ITAETE,2915007.0,13734.0,38,276.6855977865152,17,44.73684210526316,Microempresa,1,2.631578947368421,37,1,0,0,0,Outros Food Service,38,4,0,2,1,6,15,3,7
SP,3227,TORRE DE PEDRA,3554656.0,2049.0,38,1854.5632015617375,17,44.73684210526316,Microempresa,0,0.0,38,0,0,0,0,Outros Food Service,38,8,0,2,1,7,13,3,4
MG,5227,SAO FRANCISCO DO GLORIA,3161403.0,4831.0,38,786.5866280273236,19,50.0,Microempresa,0,0.0,38,0,0,0,0,Lanchonetes,38,10,0,0,0,16,4,3,5
SE,3103,AQUIDABA,2800209.0,20570.0,38,184.7350510452115,6,15.789473684210526,Microempresa,1,2.631578947368421,37,1,0,0,0,Padarias e confeitaria,38,1,0,0,3,9,2,14,9
RN,1609,ALEXANDRIA,2400505.0,14073.0,38,270.0206068357848,16,42.10526315789473,Microempresa,1,2.631578947368421,37,0,1,0,0,Restaurantes,38,2,2,1,2,9,8,3,11
PB,2055,JUAZEIRINHO,2507705.0,17551.0,38,216.51187966497636,19,50.0,Microempresa,1,2.631578947368421,37,1,0,0,0,Lanchonetes,38,5,0,0,0,11,4,7,11
RS,6041,PARECI NOVO,4314035.0,4441.0,38,855.6631389326727,21,55.26315789473685,Microempresa,2,5.263157894736842,36,2,0,0,0,Alimentação preparada,38,11,0,0,0,8,11,3,5
PR,7787,PRESIDENTE CASTELO BRANCO,4120408.0,4277.0,38,888.4732288987608,11,28.947368421052634,Microempresa,0,0.0,38,0,0,0,0,Lanchonetes,38,5,0,0,0,13,9,6,5
AM,227,CODAJAS,1301308.0,24627.0,38,154.30218865472855,14,36.84210526315789,Microempresa,0,0.0,38,0,0,0,0,Restaurantes,38,3,0,0,0,6,9,8,12
SP,6267,CABRALIA PAULISTA,3508306.0,4358.0,38,871.9596145020652,16,42.10526315789473,Microempresa,0,0.0,38,0,0,0,0,Lanchonetes,38,9,0,0,1,15,7,3,3
PB,1933,BARRA DE SANTA ROSA,2501609.0,12959.0,38,293.23250250790954,12,31.57894736842105,Microempresa,1,2.631578947368421,37,0,1,0,0,Outros Food Service,38,11,0,0,0,8,12,2,5
MG,4527,FORTUNA DE MINAS,3126406.0,3252.0,38,1168.5116851168511,11,28.947368421052634,Microempresa,0,0.0,38,0,0,0,0,Restaurantes,38,10,2,1,2,1,2,9,11
RN,1785,PATU,2409308.0,11186.0,38,339.71035222599676,11,28.947368421052634,Microempresa,2,5.263157894736842,36,2,0,0,0,Outros Food Service,38,8,0,0,0,9,10,3,8
RS,5795,VILA NOVA DO SUL,4323457.0,3932.0,38,966.4292980671413,18,47.368421052631575,Microempresa,0,0.0,38,0,0,0,0,Restaurantes,38,3,0,0,0,10,8,4,13
MG,5105,RIO MANSO,3155306.0,5765.0,38,659.1500433651344,17,44.73684210526316,Microempresa,4,10.526315789473683,34,4,0,0,0,Lanchonetes,38,6,0,0,0,14,3,10,5
MG,674,ORIZANIA,3145877.0,8893.0,38,427.3023726526481,21,55.26315789473685,Microempresa,0,0.0,38,0,0,0,0,Lanchonetes,38,5,0,1,0,14,8,0,10
RS,8657,FAXINAL DO SOTURNO,4308003.0,6846.0,38,555.0686532281624,15,39.473684210526315,Microempresa,0,0.0,38,0,0,0,0,Restaurantes,38,6,0,0,0,10,6,4,12
RS,8627,DOM FELICIANO,4306502.0,13279.0,38,286.16612696739213,16,42.10526315789473,Microempresa,0,0.0,38,0,0,0,0,Lanchonetes,38,7,0,1,0,17,5,6,2
SE,3205,PIRAMBU,2805307.0,8006.0,37,462.153384961279,16,43.24324324324324,Microempresa,1,2.7027027027027026,36,0,1,0,0,Restaurantes,37,1,0,2,0,8,6,3,17
PA,381,SAO DOMINGOS DO ARAGUAIA,1507151.0,21475.0,37,172.29336437718277,18,48.64864864864865,Microempresa,6,16.216216216216218,31,5,1,0,0,Lanchonetes,37,2,0,1,3,12,5,6,8
RS,9827,FORTALEZA DOS VALOS,4308458.0,4569.0,37,809.8052090172904,15,40.54054054054054,Microempresa,0,0.0,37,0,0,0,0,Lanchonetes,37,7,0,0,6,13,3,3,5
BA,3879,SAO FELIX,2929008.0,11014.0,37,335.9360813510078,18,48.64864864864865,Microempresa,0,0.0,37,0,0,0,0,Restaurantes,37,7,0,1,1,8,9,1,10
RR,28,CANTA,1400175.0,21659.0,37,170.82967819382242,24,64.86486486486487,Microempresa,2,5.405405405405405,35,2,0,0,0,Restaurantes,37,7,0,2,1,5,6,4,12
PB,2211,SERRA BRANCA,2515500.0,14185.0,37,260.8389143461403,10,27.027027027027028,Microempresa,1,2.7027027027027026,36,0,1,0,0,Lanchonetes,37,7,0,2,2,10,5,4,7
MA,739,BREJO,2102101.0,35382.0,37,104.57294669606014,13,35.13513513513514,Microempresa,2,5.405405405405405,35,0,2,0,0,Restaurantes,37,1,0,0,0,9,11,3,13
RS,8739,MARCELINO RAMOS,4311908.0,4382.0,37,844.3633044272023,12,32.432432432432435,Microempresa,1,2.7027027027027026,36,1,0,0,0,Restaurantes,37,1,0,0,0,6,3,2,25
GO,9791,COLINAS DO SUL,5205521.0,4222.0,37,876.3619137849361,21,56.75675675675676,Microempresa,1,2.7027027027027026,36,1,0,0,0,Restaurantes,37,0,0,3,1,14,3,0,16
PE,2563,SAO JOAO,2613206.0,25009.0,37,147.94673917389738,16,43.24324324324324,Microempresa,0,0.0,37,0,0,0,0,Restaurantes,37,6,0,1,4,3,4,6,13
MG,5187,SANTA RITA DE IBITIPOCA,3159407.0,3318.0,37,1115.1295961422545,7,18.91891891891892,Microempresa,0,0.0,37,0,0,0,0,Lanchonetes,37,7,0,1,1,14,7,3,4
MG,5171,SANTANA DO DESERTO,3158607.0,3811.0,37,970.8737864077669,13,35.13513513513514,Microempresa,0,0.0,37,0,0,0,0,Alimentação preparada,37,14,0,1,2,7,5,6,2
GO,9567,RIANAPOLIS,5218706.0,3849.0,37,961.2886464016628,15,40.54054054054054,Microempresa,1,2.7027027027027026,36,1,0,0,0,Outros Food Service,37,2,0,0,0,12,14,4,5
AC,149,XAPURI,1200708.0,19244.0,37,192.26771980877157,15,40.54054054054054,Microempresa,1,2.7027027027027026,36,1,0,0,0,Restaurantes,37,4,0,0,1,7,5,4,16
BA,3709,MANOEL VITORINO,2920403.0,14280.0,37,259.10364145658264,22,59.45945945945946,Microempresa,2,5.405405405405405,35,1,1,0,0,Outros Food Service,37,8,0,0,1,6,12,2,8
SP,6419,FLOREAL,3515905.0,2739.0,37,1350.8579773640015,7,18.91891891891892,Microempresa,0,0.0,37,0,0,0,0,Lanchonetes,37,1,0,0,0,21,7,3,5
PR,9913,NOVA TEBAS,4117271.0,6818.0,37,542.6811381636844,11,29.72972972972973,Microempresa,0,0.0,37,0,0,0,0,Lanchonetes,37,2,0,0,2,14,11,2,6
PB,2085,MASSARANDUBA,2509206.0,14842.0,37,249.29254817410052,16,43.24324324324324,Microempresa,2,5.405405405405405,35,1,1,0,0,Lanchonetes,37,6,0,0,2,8,8,5,8
MG,5301,SAO TOMAS DE AQUINO,3165107.0,6822.0,37,542.3629434183524,13,35.13513513513514,Microempresa,0,0.0,37,0,0,0,0,Lanchonetes,37,7,0,0,0,21,6,0,3
PE,2361,CACHOEIRINHA,2603108.0,20729.0,37,178.49389743837136,13,35.13513513513514,Microempresa,1,2.7027027027027026,36,1,0,0,0,Lanchonetes,37,8,0,1,1,9,6,6,6
PR,7763,PINHALAO,4119202.0,6698.0,37,552.4037025977904,15,40.54054054054054,Microempresa,1,2.7027027027027026,36,0,1,0,0,Lanchonetes,37,5,0,1,0,18,4,5,4
PR,7759,PEROLA D'OESTE,4119004.0,6184.0,37,598.3182406209573,14,37.83783783783784,Microempresa,1,2.7027027027027026,36,0,1,0,0,Lanchonetes,37,11,0,0,2,12,2,4,6
MG,4977,PEDRA DO INDAIA,3148905.0,4262.0,37,868.1370248709526,22,59.45945945945946,Microempresa,0,0.0,37,0,0,0,0,Lanchonetes,37,4,0,0,0,14,12,0,7
RS,7385,MORRO REDONDO,4312450.0,6168.0,37,599.8702983138782,12,32.432432432432435,Microempresa,2,5.405405405405405,35,2,0,0,0,Padarias e confeitaria,37,1,0,1,1,6,9,12,7
SE,3179,MARUIM,2804003.0,15938.0,37,232.1495796210315,17,45.94594594594595,Microempresa,0,0.0,37,0,0,0,0,Padarias e confeitaria,37,6,0,3,3,8,4,10,3
MG,4009,ACUCENA,3100500.0,8862.0,37,417.51297675468294,7,18.91891891891892,Microempresa,3,8.108108108108109,34,1,2,0,0,Restaurantes,37,5,0,2,2,3,5,8,12
GO,9429,JANDAIA,5211701.0,6369.0,37,580.9389229078348,18,48.64864864864865,Microempresa,1,2.7027027027027026,36,0,1,0,0,Lanchonetes,37,4,0,0,1,12,11,3,6
MA,779,FORTALEZA DOS NOGUEIRAS,2104107.0,12974.0,37,285.1857561276399,16,43.24324324324324,Microempresa,1,2.7027027027027026,36,0,1,0,0,Restaurantes,37,1,0,1,1,10,8,4,12
GO,9411,ITAJA,5210802.0,4225.0,37,875.7396449704142,18,48.64864864864865,Microempresa,2,5.405405405405405,35,2,0,0,0,Lanchonetes,37,6,0,2,0,17,5,2,5
AL,2881,TAQUARANA,2709103.0,19431.0,37,190.4173742988009,23,62.16216216216216,Microempresa,0,0.0,37,0,0,0,0,Lanchonetes,37,5,0,1,1,10,7,3,10
MG,4451,DOM JOAQUIM,3122603.0,5096.0,37,726.0596546310832,18,48.64864864864865,Microempresa,2,5.405405405405405,35,2,0,0,0,Restaurantes,37,4,0,0,0,11,6,1,15
SC,8119,GRAO PARA,4206108.0,6407.0,37,577.4933666302481,20,54.054054054054056,Microempresa,1,2.7027027027027026,36,1,0,0,0,Lanchonetes,37,4,0,1,1,15,3,1,12
PE,2449,ITAIBA,2607505.0,34380.0,37,107.62070971495055,22,59.45945945945946,Microempresa,0,0.0,37,0,0,0,0,Lanchonetes,37,1,0,1,0,14,13,2,6
PE,2455,ITAQUITINGA,2607802.0,17171.0,37,215.4795876768971,15,40.54054054054054,Microempresa,3,8.108108108108109,34,0,3,0,0,Lanchonetes,37,3,0,4,0,11,8,3,8
PB,2087,MATARACA,2509305.0,8711.0,37,424.75031569280225,13,35.13513513513514,Microempresa,1,2.7027027027027026,36,0,1,0,0,Lanchonetes,37,6,0,1,2,16,2,0,10
SP,6819,PARANAPUA,3535903.0,4125.0,37,896.969696969697,14,37.83783783783784,Microempresa,0,0.0,37,0,0,0,0,Lanchonetes,37,8,0,1,0,11,11,2,4
MG,4563,GUARACIABA,3128204.0,9882.0,37,374.4181339809755,8,21.62162162162162,Microempresa,0,0.0,37,0,0,0,0,Lanchonetes,37,4,0,0,0,10,8,7,8
GO,9593,SAO FRANCISCO DE GOIAS,5219902.0,6522.0,37,567.310640907697,15,40.54054054054054,Microempresa,2,5.405405405405405,35,0,2,0,0,Lanchonetes,37,6,0,3,0,12,10,2,4
SC,8169,JABORA,4208609.0,4486.0,37,824.7882300490415,13,35.13513513513514,Microempresa,0,0.0,37,0,0,0,0,Lanchonetes,37,1,0,0,0,12,8,4,12
BA,3777,PARIPIRANGA,2923803.0,27854.0,37,132.83549938967474,15,40.54054054054054,Microempresa,0,0.0,37,0,0,0,0,Lanchonetes,37,4,0,1,0,14,6,2,10
SC,8051,BOTUVERA,4202701.0,5786.0,37,639.4745938472174,17,45.94594594594595,Microempresa,3,8.108108108108109,34,2,1,0,0,Lanchonetes,37,6,1,1,0,18,5,4,2
PA,541,SAO CAETANO DE ODIVELAS,1507102.0,17267.0,37,214.28157757572248,25,67.56756756756756,Microempresa,0,0.0,37,0,0,0,0,Outros Food Service,37,4,0,0,0,7,12,5,9
CE,1491,OROS,2309508.0,19871.0,37,186.20099642695385,17,45.94594594594595,Microempresa,0,0.0,37,0,0,0,0,Restaurantes,37,7,0,0,3,8,4,1,14
PB,458,BOA VISTA,2502151.0,6608.0,37,559.9273607748185,19,51.35135135135135,Microempresa,2,5.405405405405405,35,0,2,0,0,Padarias e confeitaria,37,5,0,2,0,4,4,11,11
RS,8945,TUCUNDUVA,4322103.0,5646.0,37,655.3312079348211,17,45.94594594594595,Microempresa,0,0.0,37,0,0,0,0,Lanchonetes,37,9,0,0,0,11,5,4,8
MG,4389,CORONEL MURTA,3119500.0,8194.0,37,451.5499145716377,17,45.94594594594595,Microempresa,0,0.0,37,0,0,0,0,Lanchonetes,37,6,0,1,2,16,4,4,4
PR,5529,ENTRE RIOS DO OESTE,4107538.0,4810.0,37,769.2307692307693,15,40.54054054054054,Microempresa,0,0.0,37,0,0,0,0,Lanchonetes,37,4,0,0,1,13,9,5,5
MA,128,BOM JESUS DAS SELVAS,2102036.0,29620.0,37,124.91559756921,21,56.75675675675676,Microempresa,1,2.7027027027027026,36,1,0,0,0,Restaurantes,37,0,1,2,0,7,3,1,23
MG,5389,TUMIRITINGA,3169505.0,5937.0,37,623.2103756105777,22,59.45945945945946,Microempresa,0,0.0,37,0,0,0,0,Restaurantes,37,5,0,0,0,9,6,3,14
MA,925,SAO RAIMUNDO DAS MANGABEIRAS,2111607.0,19184.0,37,192.86905754795663,13,35.13513513513514,Microempresa,1,2.7027027027027026,36,1,0,0,0,Restaurantes,37,3,1,0,1,10,9,2,11
CE,1277,TEJUCUOCA,2313351.0,17665.0,36,203.79281064251344,24,66.66666666666666,Microempresa,3,8.333333333333332,33,3,0,0,0,Lanchonetes,36,0,0,2,5,15,4,5,5
PR,7401,ABATIA,4100103.0,7201.0,36,499.9305651992779,12,33.33333333333333,Microempresa,0,0.0,36,0,0,0,0,Lanchonetes,36,3,0,2,0,14,11,0,6
MG,4041,ALTO RIO DOCE,3102100.0,10871.0,36,331.15628737006716,14,38.88888888888889,Microempresa,0,0.0,36,0,0,0,0,Lanchonetes,36,3,0,0,0,21,5,5,2
MS,141,ALCINOPOLIS,5000252.0,4651.0,36,774.0270909481832,16,44.44444444444444,Microempresa,0,0.0,36,0,0,0,0,Lanchonetes,36,6,0,1,0,13,3,2,11
MG,4011,AGUA BOA,3100609.0,12245.0,36,293.9975500204165,15,41.66666666666667,Microempresa,0,0.0,36,0,0,0,0,Restaurantes,36,4,0,1,0,10,5,4,12
RN,1623,ARES,2401206.0,13703.0,36,262.7161935342626,11,30.555555555555557,Microempresa,1,2.7777777777777777,35,0,1,0,0,Alimentação preparada,36,11,2,2,1,9,2,4,5
BA,3689,LICINIO DE ALMEIDA,2919405.0,12196.0,36,295.17874713020666,12,33.33333333333333,Microempresa,0,0.0,36,0,0,0,0,Lanchonetes,36,4,0,2,1,16,7,1,5
TO,9323,CRISTALANDIA,1706100.0,6349.0,36,567.0184280989132,13,36.11111111111111,Microempresa,0,0.0,36,0,0,0,0,Lanchonetes,36,4,1,0,1,12,7,5,6
SC,8125,GUARACIABA,4206405.0,11100.0,36,324.3243243243243,16,44.44444444444444,Microempresa,3,8.333333333333332,33,2,1,0,0,Restaurantes,36,6,0,0,1,7,5,6,11
MT,9077,GENERAL CARNEIRO,5103908.0,5913.0,36,608.8280060882801,22,61.111111111111114,Microempresa,1,2.7777777777777777,35,1,0,0,0,Lanchonetes,36,2,2,0,1,18,5,0,8
RS,8697,IBIACA,4309803.0,4617.0,36,779.7270955165692,10,27.77777777777778,Microempresa,1,2.7777777777777777,35,1,0,0,0,Lanchonetes,36,3,0,2,0,9,5,8,9
PI,1061,CRISTINO CASTRO,2203107.0,10828.0,36,332.4713705208718,18,50.0,Microempresa,1,2.7777777777777777,35,1,0,0,0,Restaurantes,36,1,0,2,0,10,5,2,16
GO,9655,NOVA GLORIA,5214861.0,8337.0,36,431.8100035984167,12,33.33333333333333,Microempresa,0,0.0,36,0,0,0,0,Lanchonetes,36,5,0,0,2,14,1,4,10
SP,804,NANTES,3532157.0,2696.0,36,1335.3115727002967,13,36.11111111111111,Microempresa,0,0.0,36,0,0,0,0,Lanchonetes,36,7,0,0,0,15,7,3,4
GO,1068,VILA PROPICIO,5222302.0,6073.0,36,592.7877490531862,19,52.77777777777778,Microempresa,0,0.0,36,0,0,0,0,Lanchonetes,36,0,0,0,0,17,7,2,10
RS,8875,SAO JOSE DO OURO,4318606.0,6978.0,36,515.9071367153913,16,44.44444444444444,Microempresa,0,0.0,36,0,0,0,0,Restaurantes,36,2,0,0,1,10,4,7,12
TO,345,FORTALEZA DO TABOCAO,1708254.0,3804.0,36,946.3722397476341,22,61.111111111111114,Microempresa,15,41.66666666666667,21,0,15,0,0,Restaurantes,36,2,0,0,0,11,3,3,17
PR,5481,RIO BONITO DO IGUACU,4122156.0,14345.0,36,250.95852213314743,19,52.77777777777778,Microempresa,4,11.11111111111111,32,3,1,0,0,Lanchonetes,36,0,0,0,0,11,10,8,7
BA,3265,BONITO,2904050.0,16453.0,36,218.8050811402176,21,58.333333333333336,Microempresa,0,0.0,36,0,0,0,0,Outros Food Service,36,3,0,0,1,10,15,2,5
PB,1915,ARACAGI,2500809.0,16972.0,36,212.11407023332546,17,47.22222222222222,Microempresa,4,11.11111111111111,32,2,2,0,0,Lanchonetes,36,2,0,1,0,10,9,4,10
MT,1088,NOVA SANTA HELENA,5106190.0,4572.0,36,787.4015748031496,15,41.66666666666667,Microempresa,0,0.0,36,0,0,0,0,Alimentação preparada,36,8,2,2,0,7,6,3,8
PB,2149,PUXINANA,2512408.0,15041.0,36,239.34578817897747,13,36.11111111111111,Microempresa,1,2.7777777777777777,35,0,1,0,0,Restaurantes,36,4,0,0,0,3,12,3,14
RS,8665,FORMIGUEIRO,4308409.0,6527.0,36,551.5550789030183,14,38.88888888888889,Microempresa,0,0.0,36,0,0,0,0,Restaurantes,36,6,0,1,1,7,7,4,10
MG,4295,CARVALHOS,3114808.0,4498.0,36,800.3557136505115,15,41.66666666666667,Microempresa,0,0.0,36,0,0,0,0,Lanchonetes,36,3,0,0,0,12,7,7,7
MS,9739,PARANHOS,5006358.0,13412.0,36,268.4163435729198,15,41.66666666666667,Microempresa,0,0.0,36,0,0,0,0,Lanchonetes,36,3,0,1,1,21,4,2,4
RS,7371,PAVERAMA,4314159.0,8146.0,36,441.93469187331203,12,33.33333333333333,Microempresa,1,2.7777777777777777,35,1,0,0,0,Lanchonetes,36,3,0,0,0,13,8,2,10
GO,9631,TURVANIA,5221502.0,4422.0,36,814.1112618724559,19,52.77777777777778,Microempresa,0,0.0,36,0,0,0,0,Outros Food Service,36,4,0,0,2,8,9,5,8
BA,3973,LAPAO,2919157.0,27025.0,36,133.2099907493062,19,52.77777777777778,Microempresa,0,0.0,36,0,0,0,0,Outros Food Service,36,6,0,3,0,4,11,4,8
PR,7909,TAMBOARA,4126702.0,4999.0,36,720.1440288057612,17,47.22222222222222,Microempresa,0,0.0,36,0,0,0,0,Lanchonetes,36,3,0,1,2,18,5,7,0
BA,3607,ITAGIMIRIM,2915304.0,6464.0,36,556.9306930693069,19,52.77777777777778,Microempresa,0,0.0,36,0,0,0,0,Restaurantes,36,2,0,1,0,11,6,1,15
BA,3551,IBIPITANGA,2912509.0,14318.0,36,251.43176421287887,7,19.444444444444446,Microempresa,0,0.0,36,0,0,0,0,Lanchonetes,36,1,0,1,0,14,6,1,13
PB,2127,PIANCO,2511301.0,17166.0,36,209.71688220901785,14,38.88888888888889,Microempresa,0,0.0,36,0,0,0,0,Lanchonetes,36,3,0,1,3,8,8,5,8
SC,8005,AGRONOMICA,4200309.0,6453.0,36,557.8800557880055,16,44.44444444444444,Microempresa,5,13.88888888888889,31,5,0,0,0,Lanchonetes,36,5,1,3,0,11,4,3,9
MG,4129,BERILO,3106507.0,9515.0,36,378.34997372569626,18,50.0,Microempresa,0,0.0,36,0,0,0,0,Restaurantes,36,7,0,0,0,8,4,4,13
PE,2373,CANHOTINHO,2603702.0,25114.0,36,143.3463406864697,18,50.0,Microempresa,1,2.7777777777777777,35,1,0,0,0,Restaurantes,36,2,0,2,1,6,6,8,11
RS,6023,PRESIDENTE LUCENA,4315149.0,3166.0,36,1137.081490840177,15,41.66666666666667,Microempresa,3,8.333333333333332,33,2,1,0,0,Outros Food Service,36,4,0,2,0,8,13,3,6
RS,7357,QUINZE DE NOVEMBRO,4315354.0,4003.0,36,899.3255058705971,11,30.555555555555557,Microempresa,0,0.0,36,0,0,0,0,Restaurantes,36,3,0,0,1,8,3,7,14
PR,7945,VERE,4128609.0,8080.0,36,445.5445544554455,7,19.444444444444446,Microempresa,1,2.7777777777777777,35,0,1,0,0,Restaurantes,36,4,0,0,0,10,5,6,11
BA,3797,PIRITIBA,2924801.0,17569.0,36,204.90636917297513,13,36.11111111111111,Microempresa,1,2.7777777777777777,35,1,0,0,0,Restaurantes,36,2,2,0,2,8,8,4,10
RS,1016,TABAI,4320859.0,4569.0,36,787.9185817465528,15,41.66666666666667,Microempresa,1,2.7777777777777777,35,1,0,0,0,Restaurantes,36,1,0,0,0,11,7,5,12
MG,4437,DIVINESIA,3121902.0,4532.0,36,794.351279788173,13,36.11111111111111,Microempresa,0,0.0,36,0,0,0,0,Outros Food Service,36,9,0,0,0,8,10,3,6
SP,7031,SANTA ERNESTINA,3546504.0,6291.0,36,572.2460658082975,11,30.555555555555557,Microempresa,0,0.0,36,0,0,0,0,Lanchonetes,36,8,0,1,0,11,6,5,5
PE,2539,SAIRE,2612000.0,11208.0,36,321.19914346895075,21,58.333333333333336,Microempresa,0,0.0,36,0,0,0,0,Outros Food Service,36,5,0,0,4,2,11,5,9
BA,3921,TANQUINHO,2931103.0,7998.0,36,450.112528132033,15,41.66666666666667,Microempresa,0,0.0,36,0,0,0,0,Lanchonetes,36,2,0,2,4,10,8,5,5
SP,6185,AVAI,3504305.0,4489.0,36,801.9603475161506,16,44.44444444444444,Microempresa,0,0.0,36,0,0,0,0,Lanchonetes,36,2,0,2,0,19,6,2,5
MA,755,CARUTAPERA,2102903.0,24950.0,36,144.28857715430863,21,58.333333333333336,Microempresa,2,5.555555555555555,34,0,2,0,0,Outros Food Service,36,2,0,2,1,7,10,6,8
AL,2821,OURO BRANCO,2706109.0,11709.0,36,307.45580322828596,15,41.66666666666667,Microempresa,0,0.0,36,0,0,0,0,Lanchonetes,36,1,0,2,2,18,1,4,8
SP,6679,MARIAPOLIS,3528908.0,3514.0,36,1024.4735344336939,13,36.11111111111111,Microempresa,2,5.555555555555555,34,0,2,0,0,Lanchonetes,36,7,0,1,0,13,6,6,3
MA,933,TASSO FRAGOSO,2112001.0,9150.0,36,393.44262295081967,20,55.55555555555556,Microempresa,4,11.11111111111111,32,1,3,0,0,Restaurantes,36,3,0,4,3,10,1,2,13
AL,2781,LAGOA DA CANOA,2704104.0,18838.0,36,191.10308949994692,14,38.88888888888889,Microempresa,0,0.0,36,0,0,0,0,Lanchonetes,36,2,0,0,1,12,7,4,10
MG,600,CURRAL DE DENTRO,3120870.0,7692.0,36,468.01872074883,8,22.22222222222222,Microempresa,0,0.0,36,0,0,0,0,Lanchonetes,36,5,0,1,2,13,5,7,3
MA,945,URBANO SANTOS,2112605.0,34216.0,36,105.21393500116905,26,72.22222222222221,Microempresa,2,5.555555555555555,34,2,0,0,0,Restaurantes,36,1,0,0,2,6,8,3,16
PR,7559,FLORIDA,4108106.0,2718.0,35,1287.711552612215,19,54.285714285714285,Microempresa,3,8.571428571428571,32,3,0,0,0,Outros Food Service,35,10,0,0,1,7,13,4,0
CE,1541,SANTANA DO ACARAU,2312007.0,32218.0,35,108.6349245763238,18,51.42857142857142,Microempresa,0,0.0,35,0,0,0,0,Lanchonetes,35,2,0,5,0,12,5,4,7
MT,9119,NORTELANDIA,5106000.0,5845.0,35,598.8023952095808,15,42.857142857142854,Microempresa,0,0.0,35,0,0,0,0,Lanchonetes,35,9,0,1,2,10,6,2,5
RS,8579,CAMPO NOVO,4304002.0,5063.0,35,691.2897491605768,9,25.71428571428571,Microempresa,0,0.0,35,0,0,0,0,Restaurantes,35,6,0,0,0,8,3,6,12
PE,2529,QUIPAPA,2611507.0,17507.0,35,199.9200319872051,9,25.71428571428571,Microempresa,0,0.0,35,0,0,0,0,Lanchonetes,35,3,0,0,2,10,8,8,4
MT,121,NOVA GUARITA,5108808.0,4513.0,35,775.5373365832041,17,48.57142857142857,Microempresa,1,2.857142857142857,34,1,0,0,0,Lanchonetes,35,7,0,0,2,11,6,2,7
PE,2311,ALAGOINHA,2600609.0,14473.0,35,241.82961376355973,15,42.857142857142854,Microempresa,0,0.0,35,0,0,0,0,Lanchonetes,35,3,1,0,2,10,8,4,7
PR,7967,NOVA OLIMPIA,4117206.0,6002.0,35,583.138953682106,18,51.42857142857142,Microempresa,0,0.0,35,0,0,0,0,Lanchonetes,35,1,0,0,1,20,7,1,5
GO,9457,MAURILANDIA,5213004.0,10052.0,35,348.1894150417827,19,54.285714285714285,Microempresa,1,2.857142857142857,34,1,0,0,0,Lanchonetes,35,7,0,0,0,14,3,4,7
PR,9915,DIAMANTE D'OESTE,4107157.0,4484.0,35,780.5530776092774,18,51.42857142857142,Microempresa,0,0.0,35,0,0,0,0,Lanchonetes,35,3,0,0,0,16,6,6,4
SP,6255,BRAUNA,3507704.0,5487.0,35,637.8713322398396,19,54.285714285714285,Microempresa,1,2.857142857142857,34,1,0,0,0,Lanchonetes,35,4,0,1,1,17,8,1,3
BA,3481,CORIBE,2909109.0,14444.0,35,242.31514815840487,15,42.857142857142854,Microempresa,0,0.0,35,0,0,0,0,Restaurantes,35,3,0,1,3,3,6,2,17
MG,4619,INHAUMA,3131000.0,6494.0,35,538.9590391130274,21,60.0,Microempresa,5,14.285714285714285,30,5,0,0,0,Alimentação preparada,35,14,0,1,2,3,8,0,7
SC,8261,PONTE ALTA,4213302.0,4350.0,35,804.5977011494252,12,34.285714285714285,Microempresa,1,2.857142857142857,34,1,0,0,0,Outros Food Service,35,3,0,2,0,8,10,4,8
PE,2431,IBIMIRIM,2606606.0,28207.0,35,124.08267451341865,22,62.857142857142854,Microempresa,0,0.0,35,0,0,0,0,Restaurantes,35,3,0,2,1,6,7,6,10
BA,3987,SANTA LUZIA,2928059.0,14405.0,35,242.97119055883377,11,31.428571428571427,Microempresa,0,0.0,35,0,0,0,0,Outros Food Service,35,2,0,2,2,6,16,2,5
BA,3625,ITAPE,2916203.0,10640.0,35,328.9473684210526,18,51.42857142857142,Microempresa,1,2.857142857142857,34,1,0,0,0,Lanchonetes,35,6,0,0,4,10,7,3,5
MG,4001,ABADIA DOS DOURADOS,3100104.0,6326.0,35,553.2722099272842,7,20.0,Microempresa,1,2.857142857142857,34,1,0,0,0,Alimentação preparada,35,10,0,0,3,10,0,5,7
PE,2411,FLORES,2605608.0,20723.0,35,168.89446508710128,14,40.0,Microempresa,5,14.285714285714285,30,4,1,0,0,Outros Food Service,35,4,0,0,1,8,9,4,9
AL,2889,CRAIBAS,2702355.0,26154.0,35,133.82274221916342,18,51.42857142857142,Microempresa,1,2.857142857142857,34,0,1,0,0,Lanchonetes,35,5,0,1,1,10,5,3,10
PA,555,SENADOR JOSE PORFIRIO,1507805.0,25517.0,35,137.1634596543481,18,51.42857142857142,Microempresa,0,0.0,35,0,0,0,0,Restaurantes,35,4,0,0,0,6,7,2,16
SC,8361,TREZE DE MAIO,4218400.0,7679.0,35,455.7885141294439,12,34.285714285714285,Microempresa,2,5.714285714285714,33,2,0,0,0,Lanchonetes,35,2,0,0,0,11,6,10,6
RS,8969,VICTOR GRAEFF,4323200.0,2825.0,35,1238.9380530973451,16,45.714285714285715,Microempresa,0,0.0,35,0,0,0,0,Lanchonetes,35,7,0,2,0,18,4,3,1
SP,6655,LUIZIANIA,3527702.0,4730.0,35,739.9577167019028,14,40.0,Microempresa,0,0.0,35,0,0,0,0,Lanchonetes,35,4,0,1,1,12,6,5,6
MA,1283,MIRANDA DO NORTE,2106755.0,24371.0,35,143.61331090230192,17,48.57142857142857,Microempresa,2,5.714285714285714,33,0,2,0,0,Restaurantes,35,0,0,1,0,10,8,0,16
GO,69,INACIOLANDIA,5209937.0,6091.0,35,574.6182892792646,10,28.57142857142857,Microempresa,0,0.0,35,0,0,0,0,Alimentação preparada,35,8,0,0,1,7,6,7,6
MG,5333,SERRA DOS AIMORES,3166709.0,6786.0,35,515.7677571470675,16,45.714285714285715,Microempresa,1,2.857142857142857,34,1,0,0,0,Outros Food Service,35,6,0,2,2,10,12,1,2
PB,2089,MOGEIRO,2509404.0,14492.0,35,241.51255865304998,14,40.0,Microempresa,1,2.857142857142857,34,0,1,0,0,Lanchonetes,35,5,0,1,0,9,8,4,8
AL,2835,PIACABUCU,2706802.0,16189.0,35,216.1961825931188,11,31.428571428571427,Microempresa,0,0.0,35,0,0,0,0,Restaurantes,35,1,0,2,1,7,0,2,22
MG,2659,MATA VERDE,3140555.0,9602.0,35,364.5073942928556,20,57.14285714285714,Microempresa,0,0.0,35,0,0,0,0,Outros Food Service,35,4,0,2,2,4,12,1,10
PE,2565,SAO JOAQUIM DO MONTE,2613305.0,20436.0,35,171.26639264043843,14,40.0,Microempresa,0,0.0,35,0,0,0,0,Lanchonetes,35,4,0,0,0,10,9,4,8
MT,9009,ALTO PARAGUAI,5100508.0,7335.0,35,477.16428084526245,16,45.714285714285715,Microempresa,1,2.857142857142857,34,1,0,0,0,Alimentação preparada,35,8,0,3,1,8,4,3,8
SP,6367,CRUZALIA,3513306.0,2118.0,35,1652.5023607176583,21,60.0,Microempresa,1,2.857142857142857,34,1,0,0,0,Lanchonetes,35,9,0,0,0,10,5,6,5
PR,868,PEROBAL,4118857.0,7691.0,35,455.07736315173577,13,37.142857142857146,Microempresa,0,0.0,35,0,0,0,0,Lanchonetes,35,5,0,0,1,16,4,3,6
MG,4651,ITAMARATI DE MINAS,3132602.0,3692.0,35,947.9956663055254,19,54.285714285714285,Microempresa,1,2.857142857142857,34,0,1,0,0,Lanchonetes,35,10,0,1,0,13,6,2,3
PB,1999,CRUZ DO ESPIRITO SANTO,2504900.0,17918.0,35,195.3343007032035,15,42.857142857142854,Microempresa,1,2.857142857142857,34,0,1,0,0,Restaurantes,35,5,1,1,0,6,5,4,13
MG,4363,CONQUISTA,3118205.0,6890.0,35,507.98258345428155,15,42.857142857142854,Microempresa,2,5.714285714285714,33,2,0,0,0,Alimentação preparada,35,11,0,2,0,7,4,5,6
SC,8331,SAO JOSE DO CERRITO,4216800.0,8658.0,35,404.25040425040424,17,48.57142857142857,Microempresa,0,0.0,35,0,0,0,0,Lanchonetes,35,4,0,0,2,16,3,4,6
MA,867,PINDARE MIRIM,2108504.0,32560.0,35,107.49385749385749,18,51.42857142857142,Microempresa,2,5.714285714285714,33,0,2,0,0,Lanchonetes,35,5,0,2,2,13,4,4,5
BA,3893,SATIRO DIAS,2929701.0,16468.0,35,212.53339810541655,20,57.14285714285714,Microempresa,1,2.857142857142857,34,1,0,0,0,Padarias e confeitaria,35,2,0,0,2,8,8,9,6
SP,6201,BARAO DE ANTONINA,3505005.0,3644.0,35,960.4829857299671,16,45.714285714285715,Microempresa,0,0.0,35,0,0,0,0,Lanchonetes,35,5,1,0,1,18,5,3,2
MG,4317,CHACARA,3115904.0,3211.0,35,1090.0031142946123,22,62.857142857142854,Microempresa,0,0.0,35,0,0,0,0,Lanchonetes,35,9,0,0,1,11,5,3,6
SP,6525,IPORANGA,3521200.0,4075.0,35,858.8957055214725,19,54.285714285714285,Microempresa,0,0.0,35,0,0,0,0,Lanchonetes,35,6,1,3,0,11,3,1,10
SE,3107,ARAUA,2800407.0,10445.0,35,335.0885591191958,18,51.42857142857142,Microempresa,3,8.571428571428571,32,1,2,0,0,Lanchonetes,35,3,0,1,2,11,7,6,5
RN,424,SANTA MARIA,2409332.0,5006.0,34,679.1849780263683,18,52.94117647058824,Microempresa,2,5.88235294117647,32,1,1,0,0,Lanchonetes,34,5,0,1,0,9,6,6,7
MG,4645,ITAIPE,3132305.0,10418.0,34,326.3582261470532,19,55.88235294117647,Microempresa,0,0.0,34,0,0,0,0,Outros Food Service,34,7,0,1,1,7,10,3,5
PE,2439,INAJA,2607000.0,28008.0,34,121.39388746072551,12,35.294117647058826,Microempresa,1,2.941176470588235,33,0,1,0,0,Restaurantes,34,3,0,0,2,8,8,2,11
MT,8981,NOVA BRASILANDIA,5106208.0,3730.0,34,911.5281501340482,24,70.58823529411765,Microempresa,0,0.0,34,0,0,0,0,Lanchonetes,34,3,0,0,0,16,0,4,11
GO,83,SANTO ANTONIO DA BARRA,5219712.0,4266.0,34,796.9995311767464,21,61.76470588235294,Microempresa,1,2.941176470588235,33,0,1,0,0,Lanchonetes,34,5,0,0,2,15,7,0,5
MG,4583,HELIODORA,3129202.0,6283.0,34,541.1427661944931,19,55.88235294117647,Microempresa,0,0.0,34,0,0,0,0,Lanchonetes,34,7,0,2,0,15,2,1,7
CE,1365,CARIUS,2303303.0,17225.0,34,197.3875181422351,14,41.17647058823529,Microempresa,0,0.0,34,0,0,0,0,Restaurantes,34,5,0,0,2,5,3,6,13
MA,240,SAO PEDRO DA AGUA BRANCA,2111532.0,14829.0,34,229.28046395576237,12,35.294117647058826,Microempresa,1,2.941176470588235,33,1,0,0,0,Lanchonetes,34,3,0,2,1,10,4,4,10
PE,2503,PANELAS,2610202.0,23234.0,34,146.337264353964,13,38.23529411764706,Microempresa,3,8.823529411764707,31,3,0,0,0,Lanchonetes,34,4,0,0,2,8,8,6,6
MG,2905,LAGOA GRANDE,3137536.0,9257.0,34,367.2896186669547,14,41.17647058823529,Microempresa,1,2.941176470588235,33,1,0,0,0,Lanchonetes,34,1,0,1,1,12,8,2,9
SP,3053,ITAOCA,3522158.0,3503.0,34,970.5966314587497,12,35.294117647058826,Microempresa,0,0.0,34,0,0,0,0,Lanchonetes,34,8,0,0,0,11,7,3,5
MG,4007,ACAIACA,3100401.0,4000.0,34,850.0000000000001,17,50.0,Microempresa,1,2.941176470588235,33,1,0,0,0,Lanchonetes,34,4,0,0,3,13,6,0,8
RN,1709,JARDIM DE PIRANHAS,2405603.0,14474.0,34,234.90396573165677,17,50.0,Microempresa,1,2.941176470588235,33,0,1,0,0,Restaurantes,34,3,0,1,2,6,8,3,11
RS,8513,ANTA GORDA,4300703.0,6080.0,34,559.2105263157895,9,26.47058823529412,Microempresa,0,0.0,34,0,0,0,0,Lanchonetes,34,4,1,0,1,13,3,5,7
SP,6297,CAMPOS NOVOS PAULISTA,3509809.0,5013.0,34,678.2365848793138,11,32.35294117647059,Microempresa,0,0.0,34,0,0,0,0,Lanchonetes,34,4,0,0,0,18,1,3,8
RS,6085,HULHA NEGRA,4309654.0,6102.0,34,557.1943625040971,14,41.17647058823529,Microempresa,1,2.941176470588235,33,1,0,0,0,Lanchonetes,34,7,0,0,0,10,5,4,8
RS,7341,SAO MIGUEL DAS MISSOES,4319158.0,7193.0,34,472.6817739468928,19,55.88235294117647,Microempresa,0,0.0,34,0,0,0,0,Lanchonetes,34,6,0,0,0,13,8,2,5
GO,9751,SAO MIGUEL DO PASSA QUATRO,5220264.0,4719.0,34,720.4916295825386,7,20.588235294117645,Microempresa,0,0.0,34,0,0,0,0,Lanchonetes,34,5,0,0,0,16,1,6,6
GO,9755,SIMOLANDIA,5220686.0,5576.0,34,609.7560975609756,11,32.35294117647059,Microempresa,0,0.0,34,0,0,0,0,Lanchonetes,34,4,0,0,1,18,3,2,6
SC,8017,ANGELINA,4200903.0,5489.0,34,619.4206595008197,7,20.588235294117645,Microempresa,2,5.88235294117647,32,2,0,0,0,Lanchonetes,34,4,0,1,3,17,3,3,3
BA,3013,NOVO HORIZONTE,2923035.0,11605.0,34,292.9771650150797,16,47.05882352941176,Microempresa,0,0.0,34,0,0,0,0,Lanchonetes,34,1,0,1,0,16,6,4,6
MG,4909,OLIMPIO NORONHA,3145505.0,2621.0,34,1297.2148035101106,8,23.52941176470588,Microempresa,0,0.0,34,0,0,0,0,Lanchonetes,34,5,0,0,0,11,11,4,3
MG,632,JENIPAPO DE MINAS,3135456.0,6022.0,34,564.5964795748921,13,38.23529411764706,Microempresa,0,0.0,34,0,0,0,0,Lanchonetes,34,5,1,3,0,11,5,3,6
SP,6955,RESTINGA,3542701.0,6480.0,34,524.6913580246913,16,47.05882352941176,Microempresa,0,0.0,34,0,0,0,0,Outros Food Service,34,4,0,0,1,5,10,6,8
MG,4335,COLUNA,3116803.0,8165.0,34,416.4115125535823,17,50.0,Microempresa,2,5.88235294117647,32,2,0,0,0,Lanchonetes,34,0,0,0,3,9,8,5,9
RS,8783,PARAI,4314001.0,7362.0,34,461.83102417821243,19,55.88235294117647,Microempresa,2,5.88235294117647,32,2,0,0,0,Restaurantes,34,2,0,1,1,8,6,6,10
SP,6513,INDIANA,3520608.0,5208.0,34,652.84178187404,18,52.94117647058824,Microempresa,0,0.0,34,0,0,0,0,Outros Food Service,34,4,0,2,2,8,9,5,4
RS,966,CERRITO,4305124.0,5909.0,34,575.3934675918091,16,47.05882352941176,Microempresa,0,0.0,34,0,0,0,0,Outros Food Service,34,6,0,0,0,10,11,3,4
BA,3809,POTIRAGUA,2925402.0,10659.0,34,318.9792663476874,9,26.47058823529412,Microempresa,2,5.88235294117647,32,2,0,0,0,Lanchonetes,34,1,0,1,1,12,10,0,9
PR,7983,BRAGANEY,4103354.0,4691.0,34,724.7921551907909,18,52.94117647058824,Microempresa,0,0.0,34,0,0,0,0,Lanchonetes,34,2,5,0,0,9,8,2,8
PR,7949,XAMBRE,4128807.0,5822.0,34,583.9917554105118,8,23.52941176470588,Microempresa,0,0.0,34,0,0,0,0,Lanchonetes,34,3,0,0,0,10,7,4,10
RS,9829,JOIA,4311155.0,7294.0,34,466.1365505895256,11,32.35294117647059,Microempresa,0,0.0,34,0,0,0,0,Lanchonetes,34,6,0,0,0,13,4,6,5
MG,4761,LASSANCE,3138104.0,7436.0,34,457.23507261968797,16,47.05882352941176,Microempresa,0,0.0,34,0,0,0,0,Lanchonetes,34,1,0,1,1,13,9,0,9
GO,9617,TAQUARAL DE GOIAS,5221007.0,4213.0,34,807.0258723000238,23,67.64705882352942,Microempresa,0,0.0,34,0,0,0,0,Lanchonetes,34,3,0,0,0,20,4,4,3
MG,5281,SAO PEDRO DO SUACUI,3164100.0,5121.0,34,663.9328256199962,4,11.76470588235294,Microempresa,1,2.941176470588235,33,1,0,0,0,Lanchonetes,34,6,0,0,4,10,6,2,6
SP,6781,ONDA VERDE,3534005.0,4969.0,34,684.2423022740994,18,52.94117647058824,Microempresa,4,11.76470588235294,30,2,2,0,0,Lanchonetes,34,5,0,4,1,12,4,3,5
PB,1925,AROEIRAS,2501302.0,19136.0,34,177.6755852842809,13,38.23529411764706,Microempresa,2,5.88235294117647,32,1,1,0,0,Padarias e confeitaria,34,3,0,0,0,1,4,16,10
MT,1082,CONQUISTA D'OESTE,5103361.0,3941.0,34,862.7251966505963,19,55.88235294117647,Microempresa,1,2.941176470588235,33,1,0,0,0,Restaurantes,34,5,0,1,0,4,6,8,10
MG,5017,PIRANGUCU,3150901.0,6366.0,34,534.0873389883758,15,44.11764705882353,Microempresa,3,8.823529411764707,31,0,3,0,0,Lanchonetes,34,3,0,3,1,13,7,1,6
PB,1929,BAIA DA TRAICAO,2501401.0,9830.0,34,345.8799593082401,11,32.35294117647059,Microempresa,1,2.941176470588235,33,0,1,0,0,Restaurantes,34,3,1,2,0,4,8,4,12
BA,3305,ACAJUTIBA,2900306.0,14187.0,34,239.65602311975752,11,32.35294117647059,Microempresa,0,0.0,34,0,0,0,0,Outros Food Service,34,4,1,0,2,6,9,7,5
GO,9689,SANTA ISABEL,5219357.0,3531.0,34,962.9000283205892,18,52.94117647058824,Microempresa,0,0.0,34,0,0,0,0,Lanchonetes,34,7,0,0,1,13,4,2,7
BA,3381,BOQUIRA,2904100.0,19723.0,34,172.38756781422703,12,35.294117647058826,Microempresa,1,2.941176470588235,33,1,0,0,0,Lanchonetes,34,0,0,0,3,13,7,1,10
BA,3373,BOA NOVA,2903706.0,13587.0,34,250.23919923456245,10,29.411764705882355,Microempresa,0,0.0,34,0,0,0,0,Restaurantes,34,4,0,3,0,2,9,3,13
RS,8583,CANDIDO GODOI,4304309.0,6419.0,34,529.6775198629069,13,38.23529411764706,Microempresa,2,5.88235294117647,32,2,0,0,0,Restaurantes,34,5,0,0,0,4,6,9,10
SC,5573,SAO CRISTOVAO DO SUL,4216057.0,6586.0,34,516.246583662314,18,52.94117647058824,Microempresa,5,14.705882352941178,29,3,2,0,0,Lanchonetes,34,1,1,2,0,11,9,1,9
TO,9441,ALIANCA DO TOCANTINS,1700350.0,5172.0,34,657.3859242072699,18,52.94117647058824,Microempresa,0,0.0,34,0,0,0,0,Lanchonetes,34,5,0,0,0,18,2,2,7
PR,7579,GUARACI,4109203.0,4719.0,33,699.3006993006993,14,42.42424242424242,Microempresa,0,0.0,33,0,0,0,0,Lanchonetes,33,3,1,0,0,21,2,2,4
PR,5457,NOVA SANTA BARBARA,4117214.0,4325.0,33,763.0057803468208,10,30.303030303030305,Microempresa,0,0.0,33,0,0,0,0,Lanchonetes,33,3,0,0,1,21,1,3,4
BA,3337,APORA,2901908.0,16344.0,33,201.90895741556534,14,42.42424242424242,Microempresa,0,0.0,33,0,0,0,0,Outros Food Service,33,7,0,0,1,5,10,5,5
TO,9693,BARROLANDIA,1703107.0,4866.0,33,678.1750924784217,14,42.42424242424242,Microempresa,0,0.0,33,0,0,0,0,Restaurantes,33,2,0,1,0,4,7,2,17
MA,895,SANTA HELENA,2109809.0,43278.0,33,76.25121308748093,19,57.57575757575758,Microempresa,1,3.0303030303030303,32,1,0,0,0,Outros Food Service,33,1,0,2,2,5,8,7,8
BA,3379,BONINAL,2904001.0,14143.0,33,233.3309764547833,24,72.72727272727273,Microempresa,2,6.0606060606060606,31,0,2,0,0,Lanchonetes,33,1,0,3,1,10,8,4,6
PE,2409,FERREIROS,2605509.0,16103.0,33,204.9307582438055,20,60.60606060606061,Microempresa,0,0.0,33,0,0,0,0,Outros Food Service,33,2,0,1,4,4,10,5,7
PR,7639,JAPIRA,4112306.0,5062.0,33,651.9162386408534,16,48.484848484848484,Microempresa,0,0.0,33,0,0,0,0,Lanchonetes,33,5,0,0,1,9,9,3,6
MA,907,SAO BENTO,2110500.0,48280.0,33,68.35128417564209,17,51.515151515151516,Microempresa,0,0.0,33,0,0,0,0,Restaurantes,33,5,0,0,1,8,6,4,9
MG,5215,SAO BENTO ABADE,3160801.0,4855.0,33,679.7116374871266,16,48.484848484848484,Microempresa,0,0.0,33,0,0,0,0,Lanchonetes,33,2,0,0,0,14,10,1,6
TO,9355,FILADELFIA,1707702.0,7746.0,33,426.0263361735089,11,33.33333333333333,Microempresa,0,0.0,33,0,0,0,0,Restaurantes,33,3,0,0,1,9,4,3,13
BA,3347,AURELINO LEAL,2902401.0,11276.0,33,292.65697055693505,15,45.45454545454545,Microempresa,0,0.0,33,0,0,0,0,Lanchonetes,33,2,0,1,1,14,9,2,4
BA,3339,ARACATU,2902005.0,14456.0,33,228.27891532927504,10,30.303030303030305,Microempresa,2,6.0606060606060606,31,1,1,0,0,Lanchonetes,33,5,0,3,0,8,8,7,2
MG,4447,DIVISA NOVA,3122405.0,6010.0,33,549.0848585690516,20,60.60606060606061,Microempresa,0,0.0,33,0,0,0,0,Lanchonetes,33,2,0,0,0,14,13,3,1
MG,4019,AGUAS VERMELHAS,3101003.0,14643.0,33,225.36365498873184,16,48.484848484848484,Microempresa,1,3.0303030303030303,32,0,1,0,0,Restaurantes,33,6,0,2,1,5,3,1,15
SP,2979,NOVAIS,3533254.0,4457.0,33,740.4083464213597,18,54.54545454545454,Microempresa,0,0.0,33,0,0,0,0,Lanchonetes,33,8,0,0,0,15,3,0,7
SP,6437,GASTAO VIDIGAL,3516804.0,3175.0,33,1039.3700787401574,11,33.33333333333333,Microempresa,0,0.0,33,0,0,0,0,Lanchonetes,33,6,0,1,2,11,2,5,6
RS,8399,IPE,4310439.0,5490.0,33,601.0928961748634,8,24.242424242424242,Microempresa,1,3.0303030303030303,32,1,0,0,0,Lanchonetes,33,3,0,1,1,11,4,6,7
PR,878,RESERVA DO IGUACU,4121752.0,6447.0,33,511.86598417868777,15,45.45454545454545,Microempresa,0,0.0,33,0,0,0,0,Restaurantes,33,5,0,2,0,8,6,2,10
PE,2299,DORMENTES,2605152.0,17874.0,33,184.62571332661966,8,24.242424242424242,Microempresa,0,0.0,33,0,0,0,0,Padarias e confeitaria,33,4,0,0,2,5,6,10,6
PR,7713,NOSSA SENHORA DAS GRACAS,4116406.0,3653.0,33,903.3670955379141,19,57.57575757575758,Microempresa,0,0.0,33,0,0,0,0,Outros Food Service,33,3,0,0,0,9,11,5,5
MG,710,SAO DOMINGOS DAS DORES,3160959.0,5808.0,33,568.1818181818182,23,69.6969696969697,Microempresa,0,0.0,33,0,0,0,0,Restaurantes,33,7,0,5,0,7,2,3,9
MG,4487,ESPIRITO SANTO DO DOURADO,3124401.0,7250.0,33,455.1724137931035,18,54.54545454545454,Microempresa,0,0.0,33,0,0,0,0,Lanchonetes,33,2,0,0,2,8,8,6,7
CE,1421,IRACEMA,2306009.0,14467.0,33,228.10534319485728,14,42.42424242424242,Microempresa,0,0.0,33,0,0,0,0,Restaurantes,33,2,0,0,3,7,8,1,12
RS,1160,PINTO BANDEIRA,4314548.0,2785.0,33,1184.91921005386,22,66.66666666666666,Microempresa,0,0.0,33,0,0,0,0,Alimentação preparada,33,14,0,0,0,6,3,4,6
GO,9771,AGUA FRIA DE GOIAS,5200175.0,4967.0,33,664.3849406080129,13,39.39393939393939,Microempresa,1,3.0303030303030303,32,1,0,0,0,Restaurantes,33,2,3,2,0,7,6,1,12
RR,305,ALTO ALEGRE,1400050.0,24135.0,33,136.7308887507769,15,45.45454545454545,Microempresa,0,0.0,33,0,0,0,0,Lanchonetes,33,0,1,0,1,13,4,1,13
RS,8753,MUCUM,4312609.0,4692.0,33,703.3248081841432,9,27.27272727272727,Microempresa,0,0.0,33,0,0,0,0,Lanchonetes,33,1,0,1,0,10,5,7,9
PR,9955,IVATE,4111555.0,6746.0,33,489.17877260598874,17,51.515151515151516,Microempresa,0,0.0,33,0,0,0,0,Lanchonetes,33,3,0,1,2,14,0,8,5
PR,7655,KALORE,4113106.0,4671.0,33,706.4868336544637,13,39.39393939393939,Microempresa,0,0.0,33,0,0,0,0,Lanchonetes,33,6,0,1,0,12,7,0,7
MA,819,LIMA CAMPOS,2106003.0,11560.0,33,285.46712802768167,19,57.57575757575758,Microempresa,4,12.121212121212121,29,4,0,0,0,Restaurantes,33,2,0,0,2,5,4,8,12
MG,4413,CRUZEIRO DA FORTALEZA,3120706.0,3623.0,33,910.8473640629312,20,60.60606060606061,Microempresa,0,0.0,33,0,0,0,0,Lanchonetes,33,5,0,0,1,10,5,6,6
MG,2675,DURANDE,3123528.0,8090.0,33,407.9110012360939,19,57.57575757575758,Microempresa,0,0.0,33,0,0,0,0,Lanchonetes,33,2,0,0,0,17,7,1,6
SC,8303,SALTO VELOSO,4215406.0,4508.0,33,732.0319432120674,13,39.39393939393939,Microempresa,2,6.0606060606060606,31,2,0,0,0,Restaurantes,33,3,0,0,1,10,6,2,11
PA,1190,MOJUI DOS CAMPOS,1504752.0,26305.0,33,125.45143508838623,14,42.42424242424242,Microempresa,2,6.0606060606060606,31,2,0,0,0,Restaurantes,33,4,0,0,0,6,9,1,13
MG,5145,SANTA BARBARA DO TUGURIO,3157302.0,4228.0,33,780.5108798486282,6,18.181818181818183,Microempresa,0,0.0,33,0,0,0,0,Outros Food Service,33,7,0,0,0,10,11,2,3
GO,9591,SAO DOMINGOS,5219803.0,9336.0,33,353.4704370179948,15,45.45454545454545,Microempresa,0,0.0,33,0,0,0,0,Lanchonetes,33,2,0,1,0,14,5,6,5
MA,855,PARNARAMA,2107803.0,32212.0,33,102.44629330684216,22,66.66666666666666,Microempresa,0,0.0,33,0,0,0,0,Restaurantes,33,4,0,1,2,8,3,2,13
BA,3405,CAFARNAUM,2905305.0,18073.0,33,182.59281801582472,21,63.63636363636363,Microempresa,0,0.0,33,0,0,0,0,Restaurantes,33,4,0,0,2,2,8,1,16
PR,7799,QUINTA DO SOL,4121109.0,5047.0,33,653.8537745195166,7,21.21212121212121,Microempresa,1,3.0303030303030303,32,1,0,0,0,Lanchonetes,33,3,0,0,0,13,7,2,8
PR,7753,PAULA FREITAS,4118600.0,5720.0,33,576.9230769230769,13,39.39393939393939,Microempresa,2,6.0606060606060606,31,1,1,0,0,Lanchonetes,33,3,0,0,0,14,4,4,8
PI,1069,ELESBAO VELOSO,2203503.0,13704.0,33,240.80560420315237,17,51.515151515151516,Microempresa,3,9.090909090909092,30,3,0,0,0,Lanchonetes,33,2,0,0,1,15,3,1,11
MG,666,NOVO ORIENTE DE MINAS,3145356.0,10506.0,33,314.1062250142775,10,30.303030303030305,Microempresa,0,0.0,33,0,0,0,0,Outros Food Service,33,4,0,1,0,3,13,4,8
RS,8533,BARAO DE COTEGIPE,4301701.0,7320.0,33,450.81967213114757,9,27.27272727272727,Microempresa,3,9.090909090909092,30,3,0,0,0,Lanchonetes,33,8,0,0,0,9,6,5,5
CE,1579,URUOCA,2313906.0,14369.0,33,229.6610759273436,21,63.63636363636363,Microempresa,0,0.0,33,0,0,0,0,Lanchonetes,33,5,0,0,3,14,6,4,1
RS,8485,BARAO,4301651.0,6496.0,33,508.0049261083744,12,36.36363636363637,Microempresa,1,3.0303030303030303,32,1,0,0,0,Outros Food Service,33,5,0,0,0,1,10,8,9
AM,277,SILVES,1304005.0,12827.0,33,257.269821470336,24,72.72727272727273,Microempresa,3,9.090909090909092,30,2,1,0,0,Restaurantes,33,4,0,1,0,7,5,1,15
EX,9707,EXTERIOR,0.0,,33,,3,9.090909090909092,Demais,33,100.0,0,0,33,0,0,Restaurantes,33,4,0,11,1,1,0,0,16
RS,5769,VALE DO SOL,4322533.0,10069.0,33,327.73860363491906,9,27.27272727272727,Microempresa,2,6.0606060606060606,31,2,0,0,0,Lanchonetes,33,6,0,2,0,14,3,5,3
MG,4507,FELICIO DOS SANTOS,3125408.0,5253.0,33,628.212450028555,9,27.27272727272727,Microempresa,1,3.0303030303030303,32,1,0,0,0,Lanchonetes,33,1,0,0,0,13,1,9,9
RS,6033,SANTA CLARA DO SUL,4316758.0,7080.0,33,466.10169491525426,11,33.33333333333333,Microempresa,1,3.0303030303030303,32,1,0,0,0,Restaurantes,33,3,0,0,2,8,3,7,10
GO,1076,LAGOA SANTA,5212253.0,1444.0,33,2285.3185595567866,11,33.33333333333333,Microempresa,0,0.0,33,0,0,0,0,Lanchonetes,33,3,0,0,0,15,7,2,6
SP,6115,ALFREDO MARCONDES,3500808.0,4591.0,33,718.7976475713352,21,63.63636363636363,Microempresa,0,0.0,33,0,0,0,0,Lanchonetes,33,7,0,0,0,15,2,6,3
PR,7599,INACIO MARTINS,4110201.0,9477.0,32,337.6595969188562,14,43.75,Microempresa,0,0.0,32,0,0,0,0,Outros Food Service,32,3,0,2,1,7,10,6,3
RN,1649,CARNAUBAIS,2402501.0,10042.0,32,318.6616211909978,17,53.125,Microempresa,1,3.125,31,1,0,0,0,Catering empresarial,32,5,1,7,0,5,3,4,7
BA,3493,CRISTOPOLIS,2909703.0,14585.0,32,219.40349674322937,17,53.125,Microempresa,1,3.125,31,1,0,0,0,Lanchonetes,32,2,0,0,0,18,4,2,6
MT,129,CANABRAVA DO NORTE,5102694.0,4422.0,32,723.6544549977385,15,46.875,Microempresa,0,0.0,32,0,0,0,0,Lanchonetes,32,0,0,1,1,16,5,2,7
BA,3633,ITAPITANGA,2916609.0,10648.0,32,300.5259203606311,15,46.875,Microempresa,0,0.0,32,0,0,0,0,Lanchonetes,32,4,0,0,2,11,3,7,5
MG,4191,CACHOEIRA DA PRATA,3109600.0,3790.0,32,844.3271767810027,9,28.125,Microempresa,0,0.0,32,0,0,0,0,Alimentação preparada,32,12,0,0,0,10,4,4,2
MG,4113,BARRA LONGA,3105707.0,5696.0,32,561.7977528089888,17,53.125,Microempresa,0,0.0,32,0,0,0,0,Lanchonetes,32,3,0,0,1,14,3,4,7
BA,3491,CRISOPOLIS,2909604.0,20348.0,32,157.2636131315117,12,37.5,Microempresa,1,3.125,31,1,0,0,0,Outros Food Service,32,0,0,1,0,9,10,4,8
SP,6279,CAIABU,3508900.0,3715.0,32,861.3728129205921,16,50.0,Microempresa,0,0.0,32,0,0,0,0,Lanchonetes,32,8,0,0,2,10,5,4,3
MG,5217,SAO BRAS DO SUACUI,3160900.0,4189.0,32,763.9054666984961,16,50.0,Microempresa,1,3.125,31,0,1,0,0,Restaurantes,32,8,0,0,1,9,1,3,10
MG,4927,PAINEIRAS,3146404.0,4235.0,32,755.6080283353011,10,31.25,Microempresa,0,0.0,32,0,0,0,0,Lanchonetes,32,7,0,1,0,11,7,5,1
PR,836,BOA VENTURA DE SAO ROQUE,4103040.0,6235.0,32,513.2317562149158,13,40.625,Microempresa,0,0.0,32,0,0,0,0,Lanchonetes,32,0,0,0,5,12,0,3,12
MG,5223,SAO FRANCISCO DE PAULA,3161205.0,6269.0,32,510.4482373584304,17,53.125,Microempresa,0,0.0,32,0,0,0,0,Lanchonetes,32,3,0,0,3,12,7,2,5
RN,1863,SERRA DE SAO BENTO,2413300.0,5869.0,32,545.2376895552906,11,34.375,Microempresa,0,0.0,32,0,0,0,0,Restaurantes,32,3,0,1,0,2,0,9,17
PB,2119,PAULISTA,2510907.0,12184.0,32,262.6395272488509,11,34.375,Microempresa,1,3.125,31,0,1,0,0,Restaurantes,32,3,0,3,0,7,2,1,16
RN,1815,RIACHUELO,2410900.0,7663.0,32,417.5910217930314,14,43.75,Microempresa,1,3.125,31,0,1,0,0,Lanchonetes,32,6,0,1,0,10,6,2,7
PE,2609,TRACUNHAEM,2615508.0,14481.0,32,220.97921414266972,16,50.0,Microempresa,0,0.0,32,0,0,0,0,Outros Food Service,32,3,0,2,2,1,13,5,6
MG,4043,ALVARENGA,3102209.0,3961.0,32,807.8767987881848,10,31.25,Microempresa,1,3.125,31,1,0,0,0,Lanchonetes,32,2,0,0,3,15,2,7,3
MG,5365,TAQUARACU DE MINAS,3168309.0,4399.0,32,727.4380541032053,11,34.375,Microempresa,0,0.0,32,0,0,0,0,Outros Food Service,32,1,0,1,0,7,8,7,8
MG,4499,EWBANK DA CAMARA,3125002.0,3994.0,32,801.201802704056,8,25.0,Microempresa,1,3.125,31,1,0,0,0,Lanchonetes,32,3,0,0,0,13,7,2,7
PR,7961,INDIANOPOLIS,4110409.0,4553.0,32,702.8332967274325,10,31.25,Microempresa,1,3.125,31,0,1,0,0,Lanchonetes,32,5,0,1,3,12,7,3,1
PR,7991,PRANCHITA,4120358.0,5838.0,32,548.1329222336417,17,53.125,Microempresa,2,6.25,30,2,0,0,0,Restaurantes,32,6,0,0,2,9,2,3,10
MT,1048,UNIAO DO SUL,5108303.0,3910.0,32,818.4143222506393,19,59.375,Microempresa,0,0.0,32,0,0,0,0,Lanchonetes,32,4,1,0,0,15,4,2,6
MT,135,GLORIA D'OESTE,5103957.0,2858.0,32,1119.664100769769,17,53.125,Microempresa,1,3.125,31,1,0,0,0,Lanchonetes,32,10,0,0,2,12,4,1,3
AL,2799,MATA GRANDE,2705002.0,22119.0,32,144.67200144672,13,40.625,Microempresa,0,0.0,32,0,0,0,0,Lanchonetes,32,1,0,0,3,12,4,6,6
SC,8065,CAMPO BELO DO SUL,4203402.0,7306.0,32,437.99616753353405,15,46.875,Microempresa,2,6.25,30,0,2,0,0,Padarias e confeitaria,32,4,0,2,0,4,6,8,8
BA,3081,CAPELA DO ALTO ALEGRE,2906857.0,11016.0,32,290.48656499636894,12,37.5,Microempresa,0,0.0,32,0,0,0,0,Outros Food Service,32,2,0,2,0,7,16,3,2
BA,3925,TAPIRAMUTA,2931301.0,16200.0,32,197.53086419753086,13,40.625,Microempresa,0,0.0,32,0,0,0,0,Alimentação preparada,32,9,0,1,0,6,6,7,3
BA,3869,SANTA TERESINHA,2928505.0,10914.0,32,293.20139270661537,11,34.375,Microempresa,2,6.25,30,2,0,0,0,Restaurantes,32,0,0,0,0,12,4,2,14
MG,4401,COUTO DE MAGALHAES DE MINAS,3120102.0,4355.0,32,734.7876004592423,13,40.625,Microempresa,0,0.0,32,0,0,0,0,Lanchonetes,32,3,0,2,0,13,8,4,2
MT,103,NOVA MARILANDIA,5108857.0,3784.0,32,845.6659619450318,18,56.25,Microempresa,1,3.125,31,1,0,0,0,Restaurantes,32,9,0,0,0,6,5,1,11
RS,5759,MARIANA PIMENTEL,4311981.0,4002.0,32,799.6001999000499,15,46.875,Microempresa,0,0.0,32,0,0,0,0,Lanchonetes,32,1,0,0,0,17,5,5,4
MA,154,DAVINOPOLIS,2103752.0,14863.0,32,215.29973760344478,18,56.25,Microempresa,2,6.25,30,1,1,0,0,Lanchonetes,32,2,0,1,0,12,5,1,11
SP,6319,CASSIA DOS COQUEIROS,3510906.0,2866.0,32,1116.5387299371946,7,21.875,Microempresa,0,0.0,32,0,0,0,0,Restaurantes,32,3,0,0,0,8,9,2,10
PB,1913,SAO JOAO DO RIO DO PEIXE,2500700.0,18531.0,32,172.68361124602018,17,53.125,Microempresa,1,3.125,31,1,0,0,0,Outros Food Service,32,2,0,1,2,7,8,4,8
RS,8611,CONDOR,4305702.0,6538.0,32,489.4463138574488,11,34.375,Microempresa,0,0.0,32,0,0,0,0,Restaurantes,32,4,0,1,0,11,1,2,13
MT,9197,SANTA TEREZINHA,5107776.0,7754.0,32,412.69022440030955,18,56.25,Microempresa,1,3.125,31,0,1,0,0,Lanchonetes,32,8,2,3,0,11,4,1,3
GO,71,APARECIDA DO RIO DOCE,5201454.0,3078.0,32,1039.6361273554255,12,37.5,Microempresa,2,6.25,30,2,0,0,0,Lanchonetes,32,3,0,1,0,19,2,0,7
CE,1597,MILHA,2308351.0,14787.0,32,216.40630283357004,3,9.375,Microempresa,0,0.0,32,0,0,0,0,Restaurantes,32,2,0,1,1,5,5,5,13
SP,6443,GLICERIO,3517109.0,4145.0,32,772.0144752714114,16,50.0,Microempresa,0,0.0,32,0,0,0,0,Lanchonetes,32,5,0,0,0,10,4,9,4
SP,6423,FLORINEA,3516101.0,4053.0,32,789.5386133728102,15,46.875,Microempresa,0,0.0,32,0,0,0,0,Alimentação preparada,32,9,0,2,1,7,3,2,8
SC,950,ZORTEA,4219853.0,4342.0,32,736.9875633348687,16,50.0,Microempresa,1,3.125,31,1,0,0,0,Restaurantes,32,6,0,0,2,7,5,2,10
PI,1131,MONTE ALEGRE DO PIAUI,2206605.0,10945.0,32,292.3709456372773,13,40.625,Microempresa,1,3.125,31,1,0,0,0,Restaurantes,32,2,0,0,0,6,2,3,19
RN,1633,BOM JESUS,2401701.0,10335.0,32,309.6274794388002,12,37.5,Microempresa,0,0.0,32,0,0,0,0,Lanchonetes,32,4,0,0,0,18,5,2,3
MG,5127,ROMARIA,3156403.0,3421.0,32,935.3990061385559,15,46.875,Microempresa,0,0.0,32,0,0,0,0,Restaurantes,32,4,0,0,0,6,8,5,9
MA,703,ALCANTARA,2100204.0,18675.0,31,165.99732262382864,17,54.83870967741935,Microempresa,0,0.0,31,0,0,0,0,Restaurantes,31,4,0,0,1,5,4,3,14
PE,2387,CHA DE ALEGRIA,2604403.0,13528.0,31,229.15434654050856,13,41.935483870967744,Microempresa,0,0.0,31,0,0,0,0,Outros Food Service,31,2,1,0,0,7,13,5,3
BA,3431,CANDIBA,2906600.0,13410.0,31,231.1707680835198,14,45.16129032258064,Microempresa,2,6.451612903225806,29,2,0,0,0,Restaurantes,31,2,0,0,3,5,6,2,13
TO,9659,SILVANOPOLIS,1720655.0,5267.0,31,588.5703436491361,13,41.935483870967744,Microempresa,0,0.0,31,0,0,0,0,Lanchonetes,31,4,0,0,2,13,3,0,9
TO,9613,SITIO NOVO DO TOCANTINS,1720804.0,11554.0,31,268.30534879695347,17,54.83870967741935,Microempresa,0,0.0,31,0,0,0,0,Lanchonetes,31,5,0,1,0,11,7,1,6
GO,9749,SAO LUIZ DO NORTE,5220157.0,4953.0,31,625.8833030486574,16,51.61290322580645,Microempresa,0,0.0,31,0,0,0,0,Restaurantes,31,4,0,0,1,8,2,6,10
GO,9661,AMERICANO DO BRASIL,5200852.0,5239.0,31,591.7159763313609,18,58.06451612903226,Microempresa,1,3.225806451612903,30,1,0,0,0,Alimentação preparada,31,7,0,2,2,4,5,6,5
SC,948,TREVISO,4218350.0,3939.0,31,787.0017771007871,14,45.16129032258064,Microempresa,3,9.67741935483871,28,3,0,0,0,Restaurantes,31,6,0,1,0,6,3,7,8
RS,8517,ARATIBA,4300901.0,6618.0,31,468.4194620731339,7,22.58064516129032,Microempresa,1,3.225806451612903,30,1,0,0,0,Restaurantes,31,3,0,2,0,3,6,7,10
PA,517,PORTO DE MOZ,1505908.0,44552.0,31,69.58161249775543,18,58.06451612903226,Microempresa,1,3.225806451612903,30,1,0,0,0,Outros Food Service,31,3,0,3,1,2,11,3,8
SC,5579,CORDILHEIRA ALTA,4204350.0,5305.0,31,584.3543826578699,18,58.06451612903226,Microempresa,2,6.451612903225806,29,0,2,0,0,Restaurantes,31,5,0,1,2,4,4,4,11
RS,7373,PARAISO DO SUL,4314027.0,6620.0,31,468.27794561933536,11,35.483870967741936,Microempresa,0,0.0,31,0,0,0,0,Lanchonetes,31,7,0,1,0,13,3,2,5
GO,9651,MUNDO NOVO,5214051.0,6181.0,31,501.5369681281346,17,54.83870967741935,Microempresa,0,0.0,31,0,0,0,0,Lanchonetes,31,7,0,5,0,10,4,0,5
MG,4713,JEQUITIBA,3135704.0,6184.0,31,501.2936610608021,14,45.16129032258064,Microempresa,0,0.0,31,0,0,0,0,Alimentação preparada,31,9,1,1,1,7,1,2,9
PR,7855,SANTANA DO ITARARE,4124004.0,5663.0,31,547.4130319618577,9,29.03225806451613,Microempresa,0,0.0,31,0,0,0,0,Restaurantes,31,7,0,0,0,8,5,1,10
PI,1047,CAPITAO DE CAMPOS,2202406.0,11374.0,31,272.55143309301917,12,38.70967741935484,Microempresa,6,19.35483870967742,25,2,4,0,0,Restaurantes,31,3,0,2,2,1,5,2,16
RS,7339,SALDANHA MARINHO,4316436.0,2619.0,31,1183.6578846888126,12,38.70967741935484,Microempresa,3,9.67741935483871,28,1,2,0,0,Padarias e confeitaria,31,4,0,3,0,7,4,8,5
PA,437,BUJARU,1501907.0,25019.0,31,123.90583156800831,22,70.96774193548387,Microempresa,2,6.451612903225806,29,2,0,0,0,Outros Food Service,31,3,0,0,2,7,9,2,8
SP,6355,CORUMBATAI,3512704.0,4305.0,31,720.0929152148665,14,45.16129032258064,Microempresa,3,9.67741935483871,28,0,3,0,0,Outros Food Service,31,7,0,0,0,7,8,1,8
SE,3215,RIACHAO DO DANTAS,2805802.0,18505.0,31,167.52229127262902,11,35.483870967741936,Microempresa,1,3.225806451612903,30,1,0,0,0,Lanchonetes,31,4,0,1,0,11,6,4,5
MG,670,OLHOS-D'AGUA,3145455.0,5539.0,31,559.6678100740206,15,48.38709677419355,Microempresa,1,3.225806451612903,30,1,0,0,0,Lanchonetes,31,1,0,2,0,12,5,2,9
GO,1056,BONOPOLIS,5203575.0,3273.0,31,947.143293614421,12,38.70967741935484,Microempresa,0,0.0,31,0,0,0,0,Restaurantes,31,1,0,0,0,6,8,3,13
MG,4613,INDIANOPOLIS,3130705.0,6314.0,31,490.9724421919544,19,61.29032258064516,Microempresa,4,12.903225806451612,27,2,2,0,0,Restaurantes,31,5,0,2,5,6,4,1,8
GO,1060,PORTEIRAO,5218052.0,4325.0,31,716.7630057803468,17,54.83870967741935,Microempresa,0,0.0,31,0,0,0,0,Lanchonetes,31,4,0,2,1,11,6,1,6
PR,7879,SAO JORGE DO IVAI,4125308.0,5149.0,31,602.0586521654691,17,54.83870967741935,Microempresa,0,0.0,31,0,0,0,0,Alimentação preparada,31,10,0,0,1,4,6,4,6
RS,7309,VILA MARIA,4323408.0,4515.0,31,686.6002214839424,7,22.58064516129032,Microempresa,3,9.67741935483871,28,0,3,0,0,Padarias e confeitaria,31,1,0,5,2,2,4,9,8
CE,1519,PIQUET CARNEIRO,2310902.0,17363.0,31,178.54057478546335,19,61.29032258064516,Microempresa,1,3.225806451612903,30,1,0,0,0,Restaurantes,31,1,0,0,2,9,4,2,13
CE,1435,JAGUARETAMA,2306702.0,17584.0,31,176.29663330300272,15,48.38709677419355,Microempresa,0,0.0,31,0,0,0,0,Lanchonetes,31,8,0,1,1,10,6,0,5
AP,601,AMAPA,1600105.0,8447.0,31,366.99419912394933,15,48.38709677419355,Microempresa,2,6.451612903225806,29,2,0,0,0,Outros Food Service,31,7,0,0,0,2,11,6,5
MG,4531,FRANCISCO DUMONT,3126604.0,4530.0,31,684.3267108167771,9,29.03225806451613,Microempresa,0,0.0,31,0,0,0,0,Lanchonetes,31,1,2,0,1,9,8,2,8
AM,265,NOVA OLINDA DO NORTE,1303106.0,27965.0,31,110.85285177900948,18,58.06451612903226,Microempresa,4,12.903225806451612,27,4,0,0,0,Lanchonetes,31,3,0,0,2,8,7,3,8
RS,8885,SAO MARTINHO,4319109.0,5587.0,31,554.8594952568463,6,19.35483870967742,Microempresa,2,6.451612903225806,29,2,0,0,0,Outros Food Service,31,1,0,2,3,7,9,7,2
RS,8971,TAVARES,4321352.0,5319.0,31,582.816318856928,14,45.16129032258064,Microempresa,0,0.0,31,0,0,0,0,Lanchonetes,31,3,0,3,0,12,4,6,3
AL,2775,JOAQUIM GOMES,2703809.0,17325.0,31,178.93217893217894,17,54.83870967741935,Microempresa,0,0.0,31,0,0,0,0,Lanchonetes,31,2,0,2,1,9,9,1,7
SE,3183,MONTE ALEGRE DE SERGIPE,2804201.0,14829.0,31,209.04983478319508,10,32.25806451612903,Microempresa,0,0.0,31,0,0,0,0,Outros Food Service,31,1,0,1,0,8,10,3,8
PE,2507,PARNAMIRIM,2610400.0,18897.0,31,164.04720325977667,10,32.25806451612903,Microempresa,1,3.225806451612903,30,1,0,0,0,Restaurantes,31,6,0,1,1,5,6,2,10
BA,3627,ITAPEBI,2916302.0,9437.0,31,328.49422485959525,21,67.74193548387096,Microempresa,0,0.0,31,0,0,0,0,Lanchonetes,31,5,0,0,1,12,1,0,12
SC,8249,PETROLANDIA,4212700.0,7041.0,31,440.2783695497799,13,41.935483870967744,Microempresa,0,0.0,31,0,0,0,0,Lanchonetes,31,2,0,0,1,15,4,7,2
MG,4443,DIVINOLANDIA DE MINAS,3122207.0,6560.0,31,472.5609756097561,12,38.70967741935484,Microempresa,0,0.0,31,0,0,0,0,Lanchonetes,31,3,0,0,2,9,8,1,8
SC,8151,IPUMIRIM,4207700.0,8177.0,31,379.1121438180262,8,25.806451612903224,Microempresa,7,22.58064516129032,24,7,0,0,0,Lanchonetes,31,3,0,1,0,10,3,5,9
BA,3351,BAIXA GRANDE,2902609.0,18579.0,31,166.85505140212067,11,35.483870967741936,Microempresa,0,0.0,31,0,0,0,0,Restaurantes,31,2,0,1,1,7,7,4,9
BA,3779,PAU BRASIL,2923902.0,9494.0,31,326.52201390351803,13,41.935483870967744,Microempresa,0,0.0,31,0,0,0,0,Lanchonetes,31,5,0,2,1,12,4,2,5
MG,4419,DATAS,3121001.0,5651.0,31,548.5754733675456,5,16.129032258064516,Microempresa,0,0.0,31,0,0,0,0,Restaurantes,31,3,0,0,0,8,6,5,9
MS,9061,CORGUINHO,5003108.0,4890.0,31,633.9468302658487,11,35.483870967741936,Microempresa,0,0.0,31,0,0,0,0,Lanchonetes,31,4,0,0,0,14,3,4,6
MA,140,CAMPESTRE DO MARANHAO,2102556.0,12522.0,31,247.56428685513495,16,51.61290322580645,Microempresa,1,3.225806451612903,30,0,1,0,0,Lanchonetes,31,1,0,2,0,10,8,3,7
MT,1098,SANTO ANTONIO DO LESTE,5107792.0,4275.0,31,725.1461988304094,14,45.16129032258064,Microempresa,1,3.225806451612903,30,1,0,0,0,Lanchonetes,31,5,1,4,0,11,6,1,3
MG,750,VARJAO DE MINAS,3170750.0,7363.0,31,421.02403911449136,15,48.38709677419355,Microempresa,1,3.225806451612903,30,0,1,0,0,Outros Food Service,31,4,0,0,0,3,10,5,9
RN,1887,UMARIZAL,2414506.0,10639.0,31,291.3807688692546,12,38.70967741935484,Microempresa,2,6.451612903225806,29,0,2,0,0,Restaurantes,31,4,0,1,1,9,1,5,10
BA,3989,SAO GABRIEL,2929255.0,19246.0,31,161.07243063493712,16,51.61290322580645,Microempresa,0,0.0,31,0,0,0,0,Restaurantes,31,1,0,0,0,8,6,1,15
BA,3819,QUIJINGUE,2925907.0,26431.0,31,117.28651961711626,18,58.06451612903226,Microempresa,0,0.0,31,0,0,0,0,Restaurantes,31,1,0,0,2,8,8,1,11
PB,2005,CUITEGI,2505204.0,6887.0,31,450.12342093799913,11,35.483870967741936,Microempresa,2,6.451612903225806,29,2,0,0,0,Outros Food Service,31,7,0,0,1,3,10,2,8
SP,7067,SANTO EXPEDITO,3548302.0,3075.0,31,1008.1300813008131,13,41.935483870967744,Microempresa,0,0.0,31,0,0,0,0,Lanchonetes,31,5,0,1,1,12,4,4,4
BA,3091,FILADELFIA,2910859.0,18694.0,31,165.82860810955387,14,45.16129032258064,Microempresa,0,0.0,31,0,0,0,0,Lanchonetes,31,0,0,0,3,15,5,1,7
SP,6733,MONTE CASTELO,3531605.0,4311.0,31,719.0906982138714,13,41.935483870967744,Microempresa,0,0.0,31,0,0,0,0,Lanchonetes,31,7,0,2,0,8,3,5,6
BA,3995,VARZEA NOVA,2933158.0,13883.0,31,223.29467694302383,11,35.483870967741936,Microempresa,0,0.0,31,0,0,0,0,Restaurantes,31,3,0,0,1,6,4,4,13
SC,8059,CAIBI,4203105.0,6451.0,31,480.5456518369245,12,38.70967741935484,Microempresa,2,6.451612903225806,29,2,0,0,0,Lanchonetes,31,7,0,0,2,11,2,2,7
SP,6791,OSCAR BRESSANE,3534500.0,2500.0,31,1240.0,9,29.03225806451613,Microempresa,0,0.0,31,0,0,0,0,Lanchonetes,31,5,0,0,0,17,4,3,2
BA,3985,RAFAEL JAMBEIRO,2925956.0,20023.0,31,154.82195475203514,14,45.16129032258064,Microempresa,4,12.903225806451612,27,3,1,0,0,Restaurantes,31,2,0,2,0,2,12,0,13
MG,4087,ARGIRITA,3104403.0,2706.0,31,1145.6023651145601,13,41.935483870967744,Microempresa,0,0.0,31,0,0,0,0,Lanchonetes,31,5,0,0,0,11,8,1,6
SC,8149,IPIRA,4207601.0,4614.0,31,671.8682271348071,15,48.38709677419355,Microempresa,2,6.451612903225806,29,2,0,0,0,Restaurantes,31,1,0,0,0,7,5,8,10
BA,3029,SAO DOMINGOS,2928950.0,8687.0,30,345.34361689881433,14,46.666666666666664,Microempresa,0,0.0,30,0,0,0,0,Padarias e confeitaria,30,0,0,0,4,6,6,8,6
RS,8597,CATUIPE,4305009.0,8834.0,30,339.5970115462984,8,26.666666666666668,Microempresa,1,3.3333333333333335,29,1,0,0,0,Padarias e confeitaria,30,7,0,2,0,6,2,8,5
MA,150,CIDELANDIA,2103257.0,13131.0,30,228.4669865204478,18,60.0,Microempresa,0,0.0,30,0,0,0,0,Restaurantes,30,5,0,1,0,5,6,2,11
BA,3981,PE DE SERRA,2924058.0,13678.0,30,219.33031144904226,8,26.666666666666668,Microempresa,0,0.0,30,0,0,0,0,Lanchonetes,30,1,0,0,1,11,7,2,8
MG,4517,FERROS,3125903.0,9543.0,30,314.36655139893116,8,26.666666666666668,Microempresa,0,0.0,30,0,0,0,0,Lanchonetes,30,6,0,0,0,10,4,7,3
CE,989,ARARENDA,2301257.0,11576.0,30,259.1568762957844,10,33.33333333333333,Microempresa,0,0.0,30,0,0,0,0,Restaurantes,30,3,0,0,2,9,2,3,11
MG,4509,SAO GONCALO DO RIO PRETO,3125507.0,3099.0,30,968.054211035818,16,53.333333333333336,Microempresa,0,0.0,30,0,0,0,0,Lanchonetes,30,6,0,0,0,11,2,3,8
MG,598,CUPARAQUE,3120839.0,3924.0,30,764.525993883792,18,60.0,Microempresa,0,0.0,30,0,0,0,0,Lanchonetes,30,4,0,0,0,12,7,3,4
SP,6869,PIQUEROBI,3538303.0,3279.0,30,914.9130832570906,8,26.666666666666668,Microempresa,0,0.0,30,0,0,0,0,Lanchonetes,30,5,0,0,0,10,4,7,4
SC,8243,PEDRAS GRANDES,4212403.0,4371.0,30,686.3417982155113,13,43.333333333333336,Microempresa,0,0.0,30,0,0,0,0,Restaurantes,30,1,0,1,2,7,2,3,14
SC,9991,TUNAPOLIS,4218756.0,5108.0,30,587.3140172278779,2,6.666666666666667,Microempresa,4,13.333333333333334,26,4,0,0,0,Restaurantes,30,1,0,0,3,4,2,7,13
MG,4247,CAPETINGA,3112406.0,6603.0,30,454.3389368468878,12,40.0,Microempresa,0,0.0,30,0,0,0,0,Lanchonetes,30,7,0,0,0,10,0,7,6
MG,4391,CORONEL PACHECO,3119609.0,2779.0,30,1079.5250089960416,7,23.333333333333332,Microempresa,0,0.0,30,0,0,0,0,Lanchonetes,30,2,0,0,0,12,4,5,7
BA,3693,MACAJUBA,2919603.0,10723.0,30,279.77245173925206,7,23.333333333333332,Microempresa,0,0.0,30,0,0,0,0,Restaurantes,30,1,0,1,1,5,8,3,11
BA,3569,IGAPORA,2913408.0,16088.0,30,186.4743908503232,11,36.666666666666664,Microempresa,0,0.0,30,0,0,0,0,Restaurantes,30,3,0,1,3,8,4,1,10
MG,4969,PAVAO,3148509.0,8119.0,30,369.50363345239566,12,40.0,Microempresa,0,0.0,30,0,0,0,0,Lanchonetes,30,9,0,0,0,13,5,0,3
PR,882,SERRANOPOLIS DO IGUACU,4126355.0,5188.0,30,578.2575173477255,15,50.0,Microempresa,1,3.3333333333333335,29,1,0,0,0,Padarias e confeitaria,30,6,0,0,2,7,5,8,2
PB,2199,SAO MAMEDE,2514909.0,7619.0,30,393.752460952881,10,33.33333333333333,Microempresa,0,0.0,30,0,0,0,0,Lanchonetes,30,5,0,1,0,16,2,0,6
BA,3453,CHORROCHO,2907707.0,10932.0,30,274.42371020856206,13,43.333333333333336,Microempresa,2,6.666666666666667,28,2,0,0,0,Restaurantes,30,1,0,1,0,2,10,1,15
SE,3185,MURIBECA,2804300.0,8084.0,30,371.10341415141016,14,46.666666666666664,Microempresa,1,3.3333333333333335,29,1,0,0,0,Padarias e confeitaria,30,2,0,1,0,4,6,11,6
RN,1667,EQUADOR,2403400.0,5447.0,30,550.7618872774004,18,60.0,Microempresa,0,0.0,30,0,0,0,0,Lanchonetes,30,4,0,3,2,10,8,2,1
PE,2363,CAETES,2603207.0,30692.0,30,97.74534080542162,14,46.666666666666664,Microempresa,2,6.666666666666667,28,2,0,0,0,Lanchonetes,30,2,0,0,1,9,3,9,6
RS,8759,NOVA ARACA,4312807.0,5098.0,30,588.4660651235779,11,36.666666666666664,Microempresa,7,23.333333333333332,23,5,2,0,0,Lanchonetes,30,3,0,3,1,10,4,5,4
PE,2375,CAPOEIRAS,2603801.0,18821.0,30,159.39641889378885,13,43.333333333333336,Microempresa,0,0.0,30,0,0,0,0,Restaurantes,30,0,0,0,0,7,8,6,9
RS,8843,SANTANA DA BOA VISTA,4317004.0,7128.0,30,420.87542087542084,15,50.0,Microempresa,1,3.3333333333333335,29,1,0,0,0,Lanchonetes,30,2,0,0,2,9,7,5,5
MG,5275,SAO MIGUEL DO ANTA,3163805.0,6392.0,30,469.33667083854823,14,46.666666666666664,Microempresa,0,0.0,30,0,0,0,0,Alimentação preparada,30,11,0,0,5,6,5,2,1
AL,2755,FLEXEIRAS,2702801.0,9737.0,30,308.1031118414296,13,43.333333333333336,Microempresa,0,0.0,30,0,0,0,0,Outros Food Service,30,2,0,1,3,5,9,5,5
MG,4411,CRUCILANDIA,3120607.0,5712.0,30,525.2100840336135,10,33.33333333333333,Microempresa,0,0.0,30,0,0,0,0,Alimentação preparada,30,10,0,0,0,9,4,3,4
BA,3307,AGUA FRIA,2900405.0,14798.0,30,202.73009866198132,13,43.333333333333336,Microempresa,0,0.0,30,0,0,0,0,Restaurantes,30,5,0,4,1,2,6,5,7
MG,4015,AGUANIL,3100807.0,4527.0,30,662.6905235255135,17,56.666666666666664,Microempresa,0,0.0,30,0,0,0,0,Lanchonetes,30,5,0,2,0,9,6,1,7
SP,7023,SANTA CLARA D'OESTE,3546108.0,2710.0,30,1107.011070110701,20,66.66666666666666,Microempresa,2,6.666666666666667,28,0,2,0,0,Lanchonetes,30,2,0,1,2,10,5,3,7
PB,1971,CACIMBA DE DENTRO,2503506.0,16293.0,30,184.12815319462345,14,46.666666666666664,Microempresa,1,3.3333333333333335,29,1,0,0,0,Lanchonetes,30,0,0,1,1,17,2,2,7
PB,2045,ITATUBA,2507200.0,10863.0,30,276.16680475006905,9,30.0,Microempresa,2,6.666666666666667,28,1,1,0,0,Lanchonetes,30,5,0,2,0,7,5,6,5
PR,7999,SAO JORGE DO PATROCINIO,4125357.0,6718.0,30,446.5614766299494,9,30.0,Microempresa,0,0.0,30,0,0,0,0,Outros Food Service,30,1,0,0,0,7,11,5,6
TO,327,CARIRI DO TOCANTINS,1703867.0,4184.0,30,717.0172084130019,15,50.0,Microempresa,2,6.666666666666667,28,0,2,0,0,Restaurantes,30,2,0,1,4,7,1,1,14
AL,2851,QUEBRANGULO,2707602.0,11303.0,30,265.416261169601,9,30.0,Microempresa,1,3.3333333333333335,29,0,1,0,0,Padarias e confeitaria,30,0,0,4,3,7,5,8,3
GO,9353,FAZENDA NOVA,5207600.0,5807.0,30,516.6178749784742,14,46.666666666666664,Microempresa,0,0.0,30,0,0,0,0,Lanchonetes,30,8,0,0,2,10,4,3,3
PI,1117,MANOEL EMIDIO,2205904.0,5316.0,30,564.3340857787811,12,40.0,Microempresa,0,0.0,30,0,0,0,0,Restaurantes,30,1,0,1,0,8,5,5,10
AM,263,NHAMUNDA,1303007.0,21394.0,30,140.2262316537347,22,73.33333333333333,Microempresa,1,3.3333333333333335,29,1,0,0,0,Restaurantes,30,1,0,0,2,5,4,0,18
SP,6575,ITIRAPUA,3523701.0,5853.0,30,512.5576627370579,16,53.333333333333336,Microempresa,0,0.0,30,0,0,0,0,Lanchonetes,30,4,0,4,0,9,9,0,4
RS,6049,VALE REAL,4322541.0,6223.0,30,482.0825968182549,12,40.0,Microempresa,4,13.333333333333334,26,4,0,0,0,Lanchonetes,30,2,0,2,0,14,5,4,3
MG,664,NOVA PORTEIRINHA,3145059.0,6714.0,30,446.82752457551385,20,66.66666666666666,Microempresa,2,6.666666666666667,28,2,0,0,0,Alimentação preparada,30,10,0,0,0,6,7,2,5
MG,4549,GONZAGA,3127503.0,5202.0,30,576.7012687427913,12,40.0,Microempresa,0,0.0,30,0,0,0,0,Lanchonetes,30,8,0,0,0,13,4,2,3
MG,4503,FAMA,3125200.0,2690.0,30,1115.2416356877322,18,60.0,Microempresa,0,0.0,30,0,0,0,0,Restaurantes,30,3,0,0,0,6,5,1,15
PB,534,SOBRADO,2515971.0,8709.0,30,344.47123665173956,18,60.0,Microempresa,0,0.0,30,0,0,0,0,Restaurantes,30,3,0,0,0,6,3,2,16
CE,1357,CAPISTRANO,2302909.0,17828.0,30,168.27462418667264,12,40.0,Microempresa,0,0.0,30,0,0,0,0,Outros Food Service,30,4,0,1,1,6,9,2,7
GO,9795,EDEALINA,5207352.0,4121.0,30,727.9786459597185,15,50.0,Microempresa,2,6.666666666666667,28,0,2,0,0,Restaurantes,30,3,0,3,0,6,4,2,12
SP,6353,CORONEL MACEDO,3512605.0,4249.0,30,706.0484819957637,16,53.333333333333336,Microempresa,0,0.0,30,0,0,0,0,Lanchonetes,30,5,0,0,0,15,6,0,4
GO,9351,ESTRELA DO NORTE,5207501.0,3204.0,30,936.3295880149813,16,53.333333333333336,Microempresa,0,0.0,30,0,0,0,0,Lanchonetes,30,2,0,0,0,12,7,2,7
SP,7251,EMBAUBA,3514957.0,2346.0,30,1278.772378516624,14,46.666666666666664,Microempresa,0,0.0,30,0,0,0,0,Lanchonetes,30,6,0,2,0,15,2,2,3
AM,249,JUTAI,1302306.0,28712.0,30,104.48592922819726,16,53.333333333333336,Microempresa,4,13.333333333333334,26,4,0,0,0,Lanchonetes,30,3,0,2,0,11,4,1,9
PA,575,BOM JESUS DO TOCANTINS,1501576.0,19294.0,30,155.4887529802011,17,56.666666666666664,Microempresa,1,3.3333333333333335,29,1,0,0,0,Restaurantes,30,3,0,0,0,7,4,3,13
PR,7819,RIO BOM,4122107.0,3206.0,30,935.7454772301934,14,46.666666666666664,Microempresa,0,0.0,30,0,0,0,0,Lanchonetes,30,0,0,0,0,12,5,1,12
MG,5007,PIEDADE DOS GERAIS,3150406.0,5222.0,30,574.4925315970893,9,30.0,Microempresa,0,0.0,30,0,0,0,0,Lanchonetes,30,3,0,0,0,15,2,5,5
TO,9665,WANDERLANDIA,1722081.0,10718.0,30,279.90296697144987,10,33.33333333333333,Microempresa,1,3.3333333333333335,29,1,0,0,0,Restaurantes,30,0,0,2,1,7,6,0,14
SC,5551,SAO JOAO DO ITAPERIU,4216354.0,4920.0,30,609.7560975609756,19,63.33333333333333,Microempresa,0,0.0,30,0,0,0,0,Lanchonetes,30,2,0,2,0,13,1,8,4
RS,8441,CASEIROS,4304952.0,3064.0,30,979.11227154047,14,46.666666666666664,Microempresa,2,6.666666666666667,28,2,0,0,0,Lanchonetes,30,6,0,0,0,11,3,7,3
BA,3423,CANARANA,2906204.0,25024.0,30,119.8849104859335,17,56.666666666666664,Microempresa,0,0.0,30,0,0,0,0,Lanchonetes,30,2,0,1,1,9,8,0,9
PR,858,GOIOXIM,4108650.0,6412.0,30,467.8727386150967,15,50.0,Microempresa,0,0.0,30,0,0,0,0,Lanchonetes,30,4,0,0,0,14,5,1,6
PR,7461,BOM SUCESSO,4103206.0,6675.0,30,449.43820224719104,15,50.0,Microempresa,0,0.0,30,0,0,0,0,Lanchonetes,30,6,1,0,1,10,7,2,3
MG,5175,SANTANA DO JACARE,3158805.0,4228.0,30,709.5553453169348,11,36.666666666666664,Microempresa,0,0.0,30,0,0,0,0,Restaurantes,30,6,0,2,1,6,4,3,8
BA,3619,ITANAGRA,2915908.0,6069.0,30,494.3153732081068,12,40.0,Microempresa,0,0.0,30,0,0,0,0,Restaurantes,30,4,0,5,0,2,6,5,8
RN,1795,PEDRO VELHO,2409803.0,14196.0,30,211.3271344040575,13,43.333333333333336,Microempresa,0,0.0,30,0,0,0,0,Lanchonetes,30,3,0,0,1,14,6,3,3
MG,5349,SIMAO PEREIRA,3167509.0,3108.0,30,965.2509652509652,13,43.333333333333336,Microempresa,0,0.0,30,0,0,0,0,Lanchonetes,30,5,0,0,0,11,5,3,6
RS,8447,CAMARGO,4303558.0,3060.0,29,947.7124183006536,14,48.275862068965516,Microempresa,2,6.896551724137931,27,1,1,0,0,Lanchonetes,29,5,0,1,0,8,3,7,5
MG,4393,CORONEL XAVIER CHAVES,3119708.0,3610.0,29,803.3240997229917,12,41.37931034482759,Microempresa,1,3.4482758620689653,28,0,1,0,0,Lanchonetes,29,4,0,1,0,10,6,0,8
PR,7545,ENEAS MARQUES,4107405.0,6140.0,29,472.3127035830619,10,34.48275862068966,Microempresa,0,0.0,29,0,0,0,0,Lanchonetes,29,1,0,0,0,11,3,5,9
RN,1653,CERRO CORA,2402709.0,11345.0,29,255.61921551344207,7,24.137931034482758,Microempresa,2,6.896551724137931,27,0,2,0,0,Restaurantes,29,2,0,0,0,11,2,1,13
PB,2203,SAO SEBASTIAO DE LAGOA DE ROCA,2515104.0,11407.0,29,254.2298588585956,12,41.37931034482759,Microempresa,0,0.0,29,0,0,0,0,Lanchonetes,29,5,0,2,1,9,4,3,5
MG,5289,SAO SEBASTIAO DO MARANHAO,3164506.0,10194.0,29,284.481067294487,9,31.03448275862069,Microempresa,0,0.0,29,0,0,0,0,Lanchonetes,29,4,0,0,5,6,6,4,4
SP,6169,AREIAS,3503505.0,3614.0,29,802.4349750968456,11,37.93103448275862,Microempresa,0,0.0,29,0,0,0,0,Outros Food Service,29,3,0,3,0,4,11,1,7
MA,190,MARACACUME,2106326.0,21768.0,29,133.22307975009187,16,55.172413793103445,Microempresa,4,13.793103448275861,25,4,0,0,0,Restaurantes,29,2,0,0,0,7,7,1,12
MG,4395,CORREGO DANTA,3119807.0,2935.0,29,988.0749574105622,6,20.689655172413794,Microempresa,0,0.0,29,0,0,0,0,Restaurantes,29,6,0,0,2,7,4,1,9
PB,2059,JURIPIRANGA,2507903.0,10250.0,29,282.9268292682927,15,51.724137931034484,Microempresa,2,6.896551724137931,27,0,2,0,0,Lanchonetes,29,4,0,0,2,13,2,3,5
MG,4237,CANA VERDE,3111903.0,5328.0,29,544.2942942942942,10,34.48275862068966,Microempresa,0,0.0,29,0,0,0,0,Lanchonetes,29,4,0,0,0,14,2,3,6
RS,8699,IBIRAIARAS,4309902.0,6827.0,29,424.783946096382,16,55.172413793103445,Microempresa,0,0.0,29,0,0,0,0,Alimentação preparada,29,12,0,0,0,6,3,5,3
MG,4243,CAPELA NOVA,3112208.0,4379.0,29,662.2516556291391,8,27.586206896551722,Microempresa,0,0.0,29,0,0,0,0,Lanchonetes,29,3,0,0,0,11,8,3,4
MS,9145,RIO NEGRO,5007307.0,4911.0,29,590.5110975361434,10,34.48275862068966,Microempresa,0,0.0,29,0,0,0,0,Alimentação preparada,29,13,0,0,1,6,6,0,3
RO,24,VALE DO ANARI,1101757.0,8178.0,29,354.6099290780142,15,51.724137931034484,Microempresa,0,0.0,29,0,0,0,0,Lanchonetes,29,2,0,0,2,12,4,0,9
BA,3911,SERROLANDIA,2930600.0,13893.0,29,208.7382134888073,11,37.93103448275862,Microempresa,0,0.0,29,0,0,0,0,Outros Food Service,29,1,0,0,1,3,10,5,9
PB,2015,DONA INES,2505709.0,10636.0,29,272.65889432117336,16,55.172413793103445,Microempresa,1,3.4482758620689653,28,0,1,0,0,Lanchonetes,29,1,0,0,3,12,1,4,8
PA,387,PAU D'ARCO,1505551.0,7410.0,29,391.3630229419703,20,68.96551724137932,Microempresa,1,3.4482758620689653,28,1,0,0,0,Restaurantes,29,1,0,1,0,9,2,1,15
PA,60,PLACAS,1505650.0,18258.0,29,158.83448351407603,15,51.724137931034484,Microempresa,2,6.896551724137931,27,2,0,0,0,Restaurantes,29,2,0,0,1,5,5,4,12
PA,68,TRACUATEUA,1508035.0,30612.0,29,94.73409120606298,12,41.37931034482759,Microempresa,0,0.0,29,0,0,0,0,Restaurantes,29,3,0,1,0,4,3,1,17
MT,9903,NOVO HORIZONTE DO NORTE,5106273.0,3227.0,29,898.6674930275798,11,37.93103448275862,Microempresa,0,0.0,29,0,0,0,0,Alimentação preparada,29,9,2,2,0,8,6,0,2
TO,9237,ARAGUACEMA,1701903.0,6006.0,29,482.8504828504829,7,24.137931034482758,Microempresa,4,13.793103448275861,25,4,0,0,0,Lanchonetes,29,1,0,4,1,9,5,2,7
BA,3843,RODELAS,2927101.0,10959.0,29,264.6226845515102,10,34.48275862068966,Microempresa,0,0.0,29,0,0,0,0,Lanchonetes,29,1,0,0,2,9,8,4,5
RN,1927,SERRA DO MEL,2413359.0,13935.0,29,208.10907786149983,21,72.41379310344827,Microempresa,1,3.4482758620689653,28,1,0,0,0,Restaurantes,29,4,0,0,0,5,4,2,14
MG,2667,SANTA BARBARA DO LESTE,3157252.0,8831.0,29,328.38863095912126,12,41.37931034482759,Microempresa,0,0.0,29,0,0,0,0,Restaurantes,29,7,0,0,0,8,2,1,11
PR,7697,MARUMBI,4115507.0,4786.0,29,605.933974091099,13,44.827586206896555,Microempresa,0,0.0,29,0,0,0,0,Restaurantes,29,8,0,0,0,5,5,2,9
CE,1387,FARIAS BRITO,2304301.0,18442.0,29,157.24975599175795,11,37.93103448275862,Microempresa,0,0.0,29,0,0,0,0,Lanchonetes,29,0,0,2,2,9,1,7,8
RS,5765,PASSO DO SOBRADO,4314076.0,6155.0,29,471.16165718927704,5,17.24137931034483,Microempresa,0,0.0,29,0,0,0,0,Alimentação preparada,29,7,0,0,0,6,5,7,4
RS,1144,ITATI,4310652.0,2696.0,29,1075.6676557863502,12,41.37931034482759,Microempresa,0,0.0,29,0,0,0,0,Lanchonetes,29,1,0,0,0,14,4,1,9
CE,1257,IBICUITINGA,2305332.0,12036.0,29,240.9438351611831,10,34.48275862068966,Microempresa,0,0.0,29,0,0,0,0,Restaurantes,29,4,0,0,1,7,8,0,9
SP,2989,PARISI,3536257.0,3056.0,29,948.9528795811518,15,51.724137931034484,Microempresa,0,0.0,29,0,0,0,0,Outros Food Service,29,5,0,0,4,5,8,3,4
RS,7337,SANTA MARIA DO HERVAL,4316956.0,6486.0,29,447.1168670983657,14,48.275862068965516,Microempresa,3,10.344827586206897,26,3,0,0,0,Lanchonetes,29,7,0,3,0,8,3,2,6
PA,521,PRIMAVERA,1506104.0,11424.0,29,253.8515406162465,17,58.620689655172406,Microempresa,1,3.4482758620689653,28,1,0,0,0,Lanchonetes,29,2,0,3,1,8,6,1,8
GO,9231,ARACU,5201603.0,3838.0,29,755.6018759770714,13,44.827586206896555,Microempresa,1,3.4482758620689653,28,0,1,0,0,Lanchonetes,29,3,0,0,0,10,7,2,7
MG,2651,CAPITAO ANDRADE,3112653.0,4619.0,29,627.8415241394241,6,20.689655172413794,Microempresa,0,0.0,29,0,0,0,0,Lanchonetes,29,1,0,0,0,15,4,5,4
RS,8573,CAMPINA DAS MISSOES,4303707.0,5999.0,29,483.4139023170528,12,41.37931034482759,Microempresa,1,3.4482758620689653,28,1,0,0,0,Lanchonetes,29,5,2,0,0,8,3,6,5
PA,423,BAIAO,1501204.0,57717.0,29,50.24516173744304,18,62.06896551724138,Microempresa,2,6.896551724137931,27,2,0,0,0,Restaurantes,29,5,0,0,3,1,5,1,14
SC,8009,AGUAS DE CHAPECO,4200507.0,6118.0,29,474.01111474338023,12,41.37931034482759,Microempresa,0,0.0,29,0,0,0,0,Lanchonetes,29,5,0,2,0,8,7,2,5
MG,578,CABECEIRA GRANDE,3109451.0,6824.0,29,424.9706916764361,8,27.586206896551722,Microempresa,0,0.0,29,0,0,0,0,Lanchonetes,29,7,0,0,2,11,2,0,7
BA,3389,BROTAS DE MACAUBAS,2904506.0,12190.0,29,237.8999179655455,15,51.724137931034484,Microempresa,0,0.0,29,0,0,0,0,Lanchonetes,29,5,0,0,0,12,2,3,7
MG,5003,PIEDADE DE PONTE NOVA,3150208.0,4052.0,29,715.6959526159922,15,51.724137931034484,Microempresa,0,0.0,29,0,0,0,0,Lanchonetes,29,6,0,0,0,13,1,3,6
MA,717,ARAIOSES,2100907.0,40190.0,29,72.1572530480219,16,55.172413793103445,Microempresa,1,3.4482758620689653,28,1,0,0,0,Restaurantes,29,0,0,0,0,6,4,4,15
MA,711,AMARANTE DO MARANHAO,2100600.0,38337.0,29,75.64493831024859,19,65.51724137931035,Microempresa,0,0.0,29,0,0,0,0,Lanchonetes,29,1,0,0,0,13,10,1,4
MG,5189,SANTA RITA DO ITUETO,3159506.0,5994.0,29,483.81715048381716,9,31.03448275862069,Microempresa,0,0.0,29,0,0,0,0,Lanchonetes,29,4,0,0,0,11,6,5,3
PE,2293,XEXEU,2616506.0,11615.0,29,249.6771416272062,11,37.93103448275862,Microempresa,1,3.4482758620689653,28,1,0,0,0,Restaurantes,29,5,0,1,0,7,6,1,9
PB,2237,TRIUNFO,2516805.0,10369.0,29,279.6798148326743,8,27.586206896551722,Microempresa,0,0.0,29,0,0,0,0,Restaurantes,29,5,0,1,5,2,7,1,8
CE,1431,ITAPIUNA,2306504.0,18168.0,29,159.62131219726993,12,41.37931034482759,Microempresa,1,3.4482758620689653,28,0,1,0,0,Outros Food Service,29,6,0,0,1,5,7,3,7
RS,5781,SENTINELA DO SUL,4320354.0,5424.0,29,534.6607669616519,14,48.275862068965516,Microempresa,1,3.4482758620689653,28,1,0,0,0,Lanchonetes,29,4,0,0,0,13,5,0,7
PI,1123,MIGUEL ALVES,2206209.0,33077.0,29,87.67421471112857,19,65.51724137931035,Microempresa,1,3.4482758620689653,28,0,1,0,0,Restaurantes,29,2,0,0,1,9,4,1,12
AM,267,NOVO ARIPUANA,1303304.0,25506.0,29,113.69873755194857,22,75.86206896551724,Microempresa,0,0.0,29,0,0,0,0,Lanchonetes,29,1,1,0,4,14,3,0,6
PA,469,IRITUIA,1503507.0,32780.0,29,88.46857840146431,19,65.51724137931035,Microempresa,2,6.896551724137931,27,2,0,0,0,Restaurantes,29,2,0,0,0,4,4,2,17
RS,5791,SAO JOAO DO POLESINE,4318432.0,2708.0,29,1070.901033973412,11,37.93103448275862,Microempresa,1,3.4482758620689653,28,1,0,0,0,Restaurantes,29,7,0,0,0,6,1,5,10
MG,2653,CATUJI,3115458.0,7269.0,29,398.9544641628834,15,51.724137931034484,Microempresa,1,3.4482758620689653,28,1,0,0,0,Restaurantes,29,0,0,1,0,10,3,3,12
AM,9839,MANAQUIRI,1302553.0,15902.0,29,182.36699786190417,12,41.37931034482759,Microempresa,2,6.896551724137931,27,2,0,0,0,Restaurantes,29,5,0,0,0,4,4,3,13
AP,663,PEDRA BRANCA DO AMAPARI,1600154.0,13971.0,29,207.57282943239568,11,37.93103448275862,Microempresa,2,6.896551724137931,27,2,0,0,0,Restaurantes,29,1,0,2,0,8,3,6,9
SP,6617,JULIO MESQUITA,3525805.0,4297.0,29,674.8894577612288,14,48.275862068965516,Microempresa,0,0.0,29,0,0,0,0,Lanchonetes,29,2,0,0,1,13,4,2,7
TO,9717,CASEARA,1703909.0,5047.0,28,554.7850208044383,10,35.714285714285715,Microempresa,0,0.0,28,0,0,0,0,Restaurantes,28,2,1,0,1,10,3,0,11
BA,3479,CORDEIROS,2909000.0,7735.0,28,361.99095022624437,13,46.42857142857143,Microempresa,1,3.571428571428571,27,1,0,0,0,Outros Food Service,28,5,0,0,2,5,8,1,7
MA,853,PARAIBANO,2107704.0,18564.0,28,150.82956259426848,10,35.714285714285715,Microempresa,2,7.142857142857142,26,2,0,0,0,Lanchonetes,28,1,0,1,1,7,7,4,7
MG,4689,ITUTINGA,3134509.0,4384.0,28,638.6861313868613,15,53.57142857142857,Microempresa,1,3.571428571428571,27,1,0,0,0,Padarias e confeitaria,28,5,0,0,0,4,4,9,6
GO,9315,CORREGO DO OURO,5205703.0,2427.0,28,1153.6876802637,11,39.285714285714285,Microempresa,0,0.0,28,0,0,0,0,Eventos e buffet,28,5,0,0,7,4,6,3,3
PI,1087,GILBUES,2204402.0,11219.0,28,249.57661110615916,13,46.42857142857143,Microempresa,2,7.142857142857142,26,1,1,0,0,Outros Food Service,28,2,0,0,0,8,9,1,8
PR,8473,ROSARIO DO IVAI,4122651.0,5475.0,28,511.41552511415523,12,42.857142857142854,Microempresa,0,0.0,28,0,0,0,0,Lanchonetes,28,2,0,0,0,10,3,6,7
MA,859,PASTOS BONS,2108009.0,19284.0,28,145.1980916822236,11,39.285714285714285,Microempresa,1,3.571428571428571,27,1,0,0,0,Restaurantes,28,0,1,0,2,6,6,3,10
SP,6657,LUPERCIO,3527801.0,3993.0,28,701.2271475081392,11,39.285714285714285,Microempresa,0,0.0,28,0,0,0,0,Outros Food Service,28,3,0,0,4,7,9,2,3
SP,6665,MACEDONIA,3528205.0,4067.0,28,688.4681583476764,15,53.57142857142857,Microempresa,0,0.0,28,0,0,0,0,Lanchonetes,28,3,0,0,0,12,4,3,6
CE,1359,CARIDADE,2303006.0,16058.0,28,174.3679163034002,10,35.714285714285715,Microempresa,0,0.0,28,0,0,0,0,Lanchonetes,28,6,0,0,0,10,3,2,7
CE,1443,JARDIM,2307106.0,28891.0,28,96.91599460039458,8,28.57142857142857,Microempresa,0,0.0,28,0,0,0,0,Restaurantes,28,0,0,1,3,7,1,5,11
SP,7127,SEBASTIANOPOLIS DO SUL,3551306.0,3194.0,28,876.6437069505322,10,35.714285714285715,Microempresa,2,7.142857142857142,26,0,2,0,0,Lanchonetes,28,4,0,2,0,11,4,4,3
MG,754,VEREDINHA,3171071.0,5223.0,28,536.0903695194332,12,42.857142857142854,Microempresa,0,0.0,28,0,0,0,0,Restaurantes,28,3,0,0,1,9,3,2,10
CE,1503,PALMACIA,2310100.0,10169.0,28,275.3466417543514,8,28.57142857142857,Microempresa,0,0.0,28,0,0,0,0,Restaurantes,28,4,0,0,2,6,6,3,7
AP,611,FERREIRA GOMES,1600238.0,7220.0,28,387.8116343490305,12,42.857142857142854,Microempresa,0,0.0,28,0,0,0,0,Restaurantes,28,0,0,1,2,2,3,2,18
CE,1543,SANTANA DO CARIRI,2312106.0,17393.0,28,160.98430403035704,7,25.0,Microempresa,0,0.0,28,0,0,0,0,Outros Food Service,28,1,0,1,0,8,10,4,4
CE,1509,PARAMOTI,2310407.0,10399.0,28,269.2566592941629,9,32.142857142857146,Microempresa,0,0.0,28,0,0,0,0,Restaurantes,28,4,0,0,0,6,5,6,7
AM,221,CARAUARI,1301001.0,31383.0,28,89.22027849472644,17,60.71428571428571,Microempresa,8,28.57142857142857,20,8,0,0,0,Restaurantes,28,4,0,1,2,5,4,0,12
RS,7295,IMIGRANTE,4310363.0,3149.0,28,889.171165449349,15,53.57142857142857,Microempresa,0,0.0,28,0,0,0,0,Outros Food Service,28,3,0,0,3,5,11,3,3
RS,8535,BARRACAO,4301800.0,4915.0,28,569.6846388606307,11,39.285714285714285,Microempresa,0,0.0,28,0,0,0,0,Lanchonetes,28,2,0,0,3,9,0,7,7
AM,275,SAO PAULO DE OLIVENCA,1303908.0,35619.0,28,78.60973076167214,15,53.57142857142857,Microempresa,1,3.571428571428571,27,1,0,0,0,Restaurantes,28,5,0,1,0,7,3,2,10
RS,6029,COLINAS,4305587.0,2474.0,28,1131.770412287793,7,25.0,Microempresa,0,0.0,28,0,0,0,0,Lanchonetes,28,1,0,0,0,9,2,9,7
GO,67,VILA BOA,5222203.0,4106.0,28,681.9288845591817,17,60.71428571428571,Microempresa,3,10.714285714285714,25,1,2,0,0,Lanchonetes,28,3,0,2,0,12,1,3,7
SP,6515,INDIAPORA,3520707.0,4117.0,28,680.106873937333,15,53.57142857142857,Microempresa,0,0.0,28,0,0,0,0,Lanchonetes,28,6,0,1,0,14,4,0,3
GO,9229,APORE,5201504.0,4524.0,28,618.921308576481,17,60.71428571428571,Microempresa,1,3.571428571428571,27,1,0,0,0,Lanchonetes,28,6,0,1,1,10,2,2,6
MG,4681,ITUETA,3134103.0,6249.0,28,448.0716914706353,11,39.285714285714285,Microempresa,0,0.0,28,0,0,0,0,Lanchonetes,28,4,1,0,1,10,5,4,3
MG,5061,PRESIDENTE BERNARDES,3153103.0,4814.0,28,581.6368923971748,14,50.0,Microempresa,0,0.0,28,0,0,0,0,Lanchonetes,28,1,0,0,0,11,3,3,10
PR,7519,CONSELHEIRO MAIRINCK,4106100.0,3464.0,28,808.3140877598153,10,35.714285714285715,Microempresa,0,0.0,28,0,0,0,0,Restaurantes,28,4,0,0,0,6,5,5,8
PB,2233,TAVARES,2516607.0,14482.0,28,193.3434608479492,10,35.714285714285715,Microempresa,3,10.714285714285714,25,2,1,0,0,Lanchonetes,28,2,0,0,2,10,4,2,8
TO,9697,COMBINADO,1705557.0,4916.0,28,569.5687550854353,10,35.714285714285715,Microempresa,0,0.0,28,0,0,0,0,Lanchonetes,28,0,0,0,0,15,7,1,5
TO,9629,PRESIDENTE KENNEDY,1718402.0,2983.0,28,938.6523633925577,11,39.285714285714285,Microempresa,0,0.0,28,0,0,0,0,Lanchonetes,28,6,0,0,1,10,3,2,6
PA,543,SAO DOMINGOS DO CAPIM,1507201.0,32655.0,28,85.74490889603429,18,64.28571428571429,Microempresa,1,3.571428571428571,27,1,0,0,0,Restaurantes,28,3,0,1,0,6,5,6,7
PR,7803,RANCHO ALEGRE,4121307.0,3445.0,28,812.7721335268504,10,35.714285714285715,Microempresa,0,0.0,28,0,0,0,0,Lanchonetes,28,4,0,2,1,8,5,5,3
RS,964,CARAA,4304713.0,7555.0,28,370.61548643282595,9,32.142857142857146,Microempresa,0,0.0,28,0,0,0,0,Lanchonetes,28,3,0,1,0,8,8,2,6
MA,771,CURURUPU,2103703.0,32598.0,28,85.89484017424381,12,42.857142857142854,Microempresa,0,0.0,28,0,0,0,0,Outros Food Service,28,1,0,1,0,5,12,7,2
PI,1209,SAO PEDRO DO PIAUI,2210508.0,14065.0,28,199.07571987202274,13,46.42857142857143,Microempresa,0,0.0,28,0,0,0,0,Lanchonetes,28,3,0,0,0,10,4,4,7
RS,8643,ERVAL SECO,4307302.0,6891.0,28,406.32709331011466,18,64.28571428571429,Microempresa,1,3.571428571428571,27,1,0,0,0,Lanchonetes,28,7,0,0,0,10,2,5,4
RN,1843,SAO JOSE DO CAMPESTRE,2412302.0,11259.0,28,248.68993693933743,16,57.14285714285714,Microempresa,0,0.0,28,0,0,0,0,Outros Food Service,28,4,2,0,0,4,9,7,2
PE,2595,TACARATU,2614808.0,24986.0,28,112.06275514288001,9,32.142857142857146,Microempresa,0,0.0,28,0,0,0,0,Lanchonetes,28,0,0,0,0,11,7,1,9
PE,2623,VERTENTES,2616209.0,23286.0,28,120.24392338744309,21,75.0,Microempresa,0,0.0,28,0,0,0,0,Restaurantes,28,3,0,0,0,10,1,3,11
BA,3261,BANZAE,2902658.0,12270.0,28,228.19885900570497,11,39.285714285714285,Microempresa,0,0.0,28,0,0,0,0,Restaurantes,28,0,0,0,1,4,4,6,13
SC,8285,RIO DO CAMPO,4214508.0,6663.0,28,420.231127119916,12,42.857142857142854,Microempresa,0,0.0,28,0,0,0,0,Alimentação preparada,28,9,0,0,1,7,4,1,6
BA,3753,NILO PECANHA,2922607.0,12381.0,28,226.15297633470638,14,50.0,Microempresa,0,0.0,28,0,0,0,0,Restaurantes,28,3,0,1,1,3,6,3,11
MT,91,PLANALTO DA SERRA,5106455.0,3369.0,28,831.1071534579994,10,35.714285714285715,Microempresa,0,0.0,28,0,0,0,0,Lanchonetes,28,6,0,0,0,9,8,1,4
MG,2663,ENTRE FOLHAS,3123858.0,5297.0,28,528.601094959411,12,42.857142857142854,Microempresa,0,0.0,28,0,0,0,0,Lanchonetes,28,3,1,0,1,9,5,6,3
MA,797,HUMBERTO DE CAMPOS,2105005.0,26552.0,28,105.45344983428743,11,39.285714285714285,Microempresa,1,3.571428571428571,27,1,0,0,0,Outros Food Service,28,2,0,2,2,4,11,2,5
PB,2097,MULUNGU,2509800.0,8875.0,28,315.49295774647885,19,67.85714285714286,Microempresa,1,3.571428571428571,27,0,1,0,0,Outros Food Service,28,6,0,1,1,3,11,5,1
TO,9257,AXIXA DO TOCANTINS,1702901.0,10799.0,28,259.28326696916383,22,78.57142857142857,Microempresa,0,0.0,28,0,0,0,0,Restaurantes,28,2,0,0,0,6,3,3,14
MA,168,GOVERNADOR NUNES FREIRE,2104677.0,23493.0,28,119.1844379176776,10,35.714285714285715,Microempresa,1,3.571428571428571,27,1,0,0,0,Lanchonetes,28,4,0,0,0,8,5,6,5
MG,5325,SERICITA,3166303.0,7568.0,28,369.9788583509514,13,46.42857142857143,Microempresa,0,0.0,28,0,0,0,0,Outros Food Service,28,3,0,0,1,7,8,4,5
MG,5297,SAO SEBASTIAO DO RIO VERDE,3164902.0,2396.0,28,1168.6143572621036,7,25.0,Microempresa,0,0.0,28,0,0,0,0,Lanchonetes,28,2,0,0,0,15,5,3,3
MG,5361,TAPIRA,3168101.0,4217.0,28,663.9791320844201,15,53.57142857142857,Microempresa,2,7.142857142857142,26,0,2,0,0,Lanchonetes,28,2,0,2,1,11,3,4,5
BA,3561,IBITIARA,2913002.0,15036.0,28,186.21973929236498,14,50.0,Microempresa,1,3.571428571428571,27,0,1,0,0,Restaurantes,28,3,0,1,2,6,5,3,8
SC,8213,MODELO,4210902.0,4162.0,28,672.7534839019702,9,32.142857142857146,Microempresa,0,0.0,28,0,0,0,0,Padarias e confeitaria,28,1,0,0,1,6,4,8,8
MG,2899,PEDRAS DE MARIA DA CRUZ,3149150.0,10584.0,28,264.55026455026456,10,35.714285714285715,Microempresa,0,0.0,28,0,0,0,0,Lanchonetes,28,3,0,4,1,8,3,1,8
MS,159,NOVO HORIZONTE DO SUL,5006259.0,4791.0,28,584.4291379670215,13,46.42857142857143,Microempresa,0,0.0,28,0,0,0,0,Alimentação preparada,28,12,0,0,0,11,2,1,2
MG,4955,PASSA VINTE,3147808.0,2320.0,28,1206.896551724138,16,57.14285714285714,Microempresa,0,0.0,28,0,0,0,0,Outros Food Service,28,2,0,0,0,9,12,0,5
RN,1691,IPANGUACU,2404705.0,14580.0,28,192.04389574759946,12,42.857142857142854,Microempresa,0,0.0,28,0,0,0,0,Outros Food Service,28,3,0,2,0,6,8,3,6
SP,6903,PONGAI,3540101.0,3437.0,28,814.6639511201629,11,39.285714285714285,Microempresa,1,3.571428571428571,27,1,0,0,0,Lanchonetes,28,1,0,0,1,13,5,3,5
BA,3527,GLORIA,2911402.0,16139.0,28,173.49278146105706,10,35.714285714285715,Microempresa,0,0.0,28,0,0,0,0,Restaurantes,28,2,0,0,0,4,4,4,14
MG,5037,POCRANE,3151909.0,8409.0,28,332.9765727197051,14,50.0,Microempresa,0,0.0,28,0,0,0,0,Lanchonetes,28,4,1,0,0,9,6,2,6
PE,2369,CAMOCIM DE SAO FELIX,2603504.0,18044.0,28,155.17623586787852,11,39.285714285714285,Microempresa,0,0.0,28,0,0,0,0,Lanchonetes,28,3,0,1,2,11,1,3,7
MA,935,TIMBIRAS,2112100.0,27314.0,28,102.51153254741158,16,57.14285714285714,Microempresa,2,7.142857142857142,26,2,0,0,0,Restaurantes,28,1,0,0,1,6,9,0,11
PE,2395,CORTES,2604809.0,10347.0,28,270.6098386005606,9,32.142857142857146,Microempresa,0,0.0,28,0,0,0,0,Outros Food Service,28,0,0,0,0,8,10,3,7
BA,3331,ANTAS,2901601.0,14915.0,28,187.73047267851155,9,32.142857142857146,Microempresa,0,0.0,28,0,0,0,0,Restaurantes,28,3,0,2,0,9,1,3,10
TO,9547,PIUM,1717503.0,7440.0,28,376.3440860215054,16,57.14285714285714,Microempresa,0,0.0,28,0,0,0,0,Lanchonetes,28,5,0,1,2,7,5,1,7
RS,8887,SAO NICOLAU,4319208.0,5243.0,28,534.045393858478,16,57.14285714285714,Microempresa,0,0.0,28,0,0,0,0,Lanchonetes,28,3,0,0,2,11,5,0,7
TO,9729,SANTA ROSA DO TOCANTINS,1718907.0,4809.0,28,582.2416302765648,14,50.0,Microempresa,0,0.0,28,0,0,0,0,Lanchonetes,28,4,0,0,1,10,2,1,10
AC,155,MANOEL URBANO,1200344.0,13057.0,28,214.44435934747642,15,53.57142857142857,Microempresa,0,0.0,28,0,0,0,0,Lanchonetes,28,0,0,0,0,13,6,1,8
PR,5473,CRUZEIRO DO IGUACU,4106571.0,4120.0,27,655.3398058252427,13,48.148148148148145,Microempresa,0,0.0,27,0,0,0,0,Lanchonetes,27,1,0,1,0,12,6,1,6
PR,7531,CRUZEIRO DO SUL,4106704.0,4539.0,27,594.8446794448116,4,14.814814814814813,Microempresa,0,0.0,27,0,0,0,0,Alimentação preparada,27,10,0,1,0,2,4,6,4
PB,2195,SAO JOSE DO SABUGI,2514701.0,4295.0,27,628.6379511059371,8,29.629629629629626,Microempresa,0,0.0,27,0,0,0,0,Alimentação preparada,27,11,0,0,0,7,2,2,5
PE,2325,BARRA DE GUABIRABA,2601300.0,12587.0,27,214.50703106379595,12,44.44444444444444,Microempresa,0,0.0,27,0,0,0,0,Lanchonetes,27,4,0,0,2,7,4,5,5
MG,5141,SALTO DA DIVISA,3157104.0,6091.0,27,443.27696601543255,10,37.03703703703704,Microempresa,3,11.11111111111111,24,3,0,0,0,Restaurantes,27,1,0,1,2,6,7,2,8
PR,880,RIO BRANCO DO IVAI,4122172.0,3835.0,27,704.0417209908735,12,44.44444444444444,Microempresa,2,7.4074074074074066,25,2,0,0,0,Lanchonetes,27,4,0,0,0,15,0,3,5
MG,5121,RITAPOLIS,3156106.0,5128.0,27,526.5210608424337,9,33.33333333333333,Microempresa,0,0.0,27,0,0,0,0,Alimentação preparada,27,7,0,0,0,5,6,4,5
MG,5103,RIO ESPERA,3155207.0,5417.0,27,498.4308657928743,6,22.22222222222222,Microempresa,0,0.0,27,0,0,0,0,Lanchonetes,27,2,0,0,0,9,4,7,5
MG,4071,ARANTINA,3103603.0,3004.0,27,898.8015978695073,12,44.44444444444444,Microempresa,0,0.0,27,0,0,0,0,Lanchonetes,27,1,0,0,0,17,2,0,7
SP,2945,SUZANAPOLIS,3552551.0,3466.0,27,778.995960761685,15,55.55555555555556,Microempresa,0,0.0,27,0,0,0,0,Lanchonetes,27,4,0,0,1,11,5,3,3
AL,2765,INHAPI,2703304.0,15388.0,27,175.46139849233168,7,25.925925925925924,Microempresa,0,0.0,27,0,0,0,0,Restaurantes,27,0,0,0,2,8,6,2,9
TO,9499,NOVO ACORDO,1715101.0,4134.0,27,653.1204644412192,9,33.33333333333333,Microempresa,0,0.0,27,0,0,0,0,Restaurantes,27,3,0,0,0,5,2,0,17
SE,3211,PORTO DA FOLHA,2805604.0,27345.0,27,98.73834339001645,7,25.925925925925924,Microempresa,0,0.0,27,0,0,0,0,Lanchonetes,27,4,0,0,1,7,6,4,5
PA,491,MOCAJUBA,1504604.0,28982.0,27,93.1612725139742,14,51.85185185185185,Microempresa,2,7.4074074074074066,25,1,1,0,0,Restaurantes,27,2,0,2,0,6,6,3,8
PA,547,SAO FRANCISCO DO PARA,1507409.0,15439.0,27,174.881792862232,11,40.74074074074074,Microempresa,0,0.0,27,0,0,0,0,Restaurantes,27,2,0,2,1,2,3,1,16
TO,169,ARAGUANA,1702158.0,4263.0,27,633.356790992259,14,51.85185185185185,Microempresa,0,0.0,27,0,0,0,0,Lanchonetes,27,4,0,1,0,9,3,2,8
MG,5283,SAO ROMAO,3164209.0,10570.0,27,255.4399243140965,18,66.66666666666666,Microempresa,0,0.0,27,0,0,0,0,Restaurantes,27,0,0,0,1,10,5,0,11
RS,8827,RONDINHA,4316204.0,5078.0,27,531.705395825128,15,55.55555555555556,Microempresa,0,0.0,27,0,0,0,0,Lanchonetes,27,3,0,0,0,8,5,3,8
BA,3401,CAEM,2905107.0,10736.0,27,251.49031296572278,14,51.85185185185185,Microempresa,0,0.0,27,0,0,0,0,Restaurantes,27,0,0,0,0,9,8,0,10
PB,2235,TEIXEIRA,2516706.0,15173.0,27,177.94767020365123,14,51.85185185185185,Microempresa,2,7.4074074074074066,25,2,0,0,0,Restaurantes,27,3,0,1,2,5,3,5,8
MG,5347,SILVIANOPOLIS,3167400.0,6359.0,27,424.59506211668497,15,55.55555555555556,Microempresa,2,7.4074074074074066,25,0,2,0,0,Lanchonetes,27,3,0,0,0,17,0,1,6
PR,7661,LEOPOLIS,4113403.0,3701.0,27,729.5325587679006,11,40.74074074074074,Microempresa,0,0.0,27,0,0,0,0,Lanchonetes,27,2,1,0,0,12,6,4,2
SE,3109,AREIA BRANCA,2800506.0,18687.0,27,144.48547118317546,15,55.55555555555556,Microempresa,0,0.0,27,0,0,0,0,Lanchonetes,27,6,0,0,1,12,6,0,2
RN,1731,LAGOA SALGADA,2406601.0,8692.0,27,310.630464795214,15,55.55555555555556,Microempresa,0,0.0,27,0,0,0,0,Lanchonetes,27,5,2,0,3,10,3,3,1
RS,8671,GAURAMA,4308706.0,5778.0,27,467.28971962616816,11,40.74074074074074,Microempresa,0,0.0,27,0,0,0,0,Outros Food Service,27,2,0,1,1,5,9,3,6
MT,9031,BARAO DE MELGACO,5101605.0,7071.0,27,381.8413237165889,17,62.96296296296296,Microempresa,1,3.7037037037037033,26,1,0,0,0,Catering empresarial,27,5,1,12,0,1,2,1,5
PA,371,SANTA LUZIA DO PARA,1506559.0,21370.0,27,126.34534394010295,17,62.96296296296296,Microempresa,0,0.0,27,0,0,0,0,Restaurantes,27,4,0,0,1,1,6,5,10
MT,137,LAMBARI D'OESTE,5105234.0,4602.0,27,586.7014341590613,13,48.148148148148145,Microempresa,1,3.7037037037037033,26,1,0,0,0,Alimentação preparada,27,12,0,3,0,5,1,1,5
PR,7833,SALGADO FILHO,4122800.0,4074.0,27,662.7393225331369,7,25.925925925925924,Microempresa,0,0.0,27,0,0,0,0,Lanchonetes,27,2,0,0,0,11,5,4,5
GO,9407,ITAGUARU,5210604.0,4796.0,27,562.9691409507923,5,18.51851851851852,Microempresa,0,0.0,27,0,0,0,0,Lanchonetes,27,4,0,2,3,13,1,1,3
AM,229,EIRUNEPE,1301407.0,36027.0,27,74.94379215588309,16,59.25925925925925,Microempresa,6,22.22222222222222,21,6,0,0,0,Outros Food Service,27,1,0,2,0,6,11,2,5
GO,9401,ISRAELANDIA,5210307.0,2490.0,27,1084.3373493975903,15,55.55555555555556,Microempresa,0,0.0,27,0,0,0,0,Lanchonetes,27,1,0,0,0,10,3,5,8
BA,3271,CARAIBAS,2906899.0,10258.0,27,263.2092025736011,12,44.44444444444444,Microempresa,0,0.0,27,0,0,0,0,Restaurantes,27,4,0,0,0,4,8,1,10
PR,9981,HONORIO SERPA,4109658.0,4740.0,27,569.620253164557,15,55.55555555555556,Microempresa,2,7.4074074074074066,25,0,2,0,0,Outros Food Service,27,0,0,0,0,6,10,1,10
TO,9667,FIGUEIROPOLIS,1707652.0,5331.0,27,506.47158131682613,11,40.74074074074074,Microempresa,2,7.4074074074074066,25,2,0,0,0,Restaurantes,27,1,0,1,2,4,5,4,10
AC,109,MANCIO LIMA,1200336.0,20616.0,27,130.9662398137369,15,55.55555555555556,Microempresa,2,7.4074074074074066,25,2,0,0,0,Restaurantes,27,3,0,0,0,2,5,3,14
PB,2017,DUAS ESTRADAS,2505808.0,3344.0,27,807.4162679425838,16,59.25925925925925,Microempresa,0,0.0,27,0,0,0,0,Outros Food Service,27,7,0,0,0,2,10,4,4
BA,9859,JABORANDI,2917359.0,9598.0,27,281.3086059595749,12,44.44444444444444,Microempresa,4,14.814814814814813,23,2,2,0,0,Alimentação preparada,27,5,3,1,2,5,4,2,5
SP,6719,MOMBUCA,3530904.0,3844.0,27,702.3933402705516,10,37.03703703703704,Microempresa,0,0.0,27,0,0,0,0,Lanchonetes,27,4,0,0,0,10,2,2,9
BA,3983,PINTADAS,2924652.0,10651.0,27,253.4973241949113,10,37.03703703703704,Microempresa,0,0.0,27,0,0,0,0,Outros Food Service,27,6,0,4,0,6,7,4,0
PB,1995,CONGO,2504702.0,5145.0,27,524.7813411078718,6,22.22222222222222,Microempresa,0,0.0,27,0,0,0,0,Outros Food Service,27,1,0,0,0,5,10,1,10
RS,1026,VALE VERDE,4322525.0,3213.0,27,840.3361344537815,8,29.629629629629626,Microempresa,0,0.0,27,0,0,0,0,Lanchonetes,27,1,0,0,0,15,5,3,3
RS,994,MACAMBARA,4311718.0,4485.0,27,602.0066889632106,12,44.44444444444444,Microempresa,0,0.0,27,0,0,0,0,Lanchonetes,27,1,0,1,0,11,9,2,3
RS,998,MARQUES DE SOUZA,4312054.0,4050.0,27,666.6666666666667,10,37.03703703703704,Microempresa,0,0.0,27,0,0,0,0,Restaurantes,27,1,1,1,0,1,4,7,12
SP,6631,LAVINIA,3526506.0,9967.0,27,270.8939500351159,11,40.74074074074074,Microempresa,0,0.0,27,0,0,0,0,Lanchonetes,27,5,0,0,0,12,7,1,2
CE,1517,PEREIRO,2310803.0,15848.0,27,170.36850075719335,9,33.33333333333333,Microempresa,0,0.0,27,0,0,0,0,Lanchonetes,27,4,0,0,2,9,0,3,9
AM,297,BOA VISTA DO RAMOS,1300680.0,27052.0,27,99.80777761348514,16,59.25925925925925,Microempresa,0,0.0,27,0,0,0,0,Lanchonetes,27,3,0,2,0,9,4,2,7
BA,3823,RETIROLANDIA,2926103.0,14199.0,27,190.15423621381788,12,44.44444444444444,Microempresa,0,0.0,27,0,0,0,0,Restaurantes,27,1,0,1,2,6,4,3,10
BA,3349,BAIANOPOLIS,2902500.0,14163.0,27,190.63757678457952,10,37.03703703703704,Microempresa,0,0.0,27,0,0,0,0,Restaurantes,27,2,0,0,0,7,7,0,11
CE,1307,AIUABA,2300408.0,14015.0,27,192.65073135925795,10,37.03703703703704,Microempresa,0,0.0,27,0,0,0,0,Restaurantes,27,6,0,0,0,4,1,2,14
RO,10,NOVA UNIAO,1101435.0,6506.0,27,415.0015370427298,13,48.148148148148145,Microempresa,2,7.4074074074074066,25,2,0,0,0,Lanchonetes,27,4,0,0,0,11,9,0,3
RS,5761,SERTAO SANTANA,4320552.0,5989.0,27,450.82651527800965,8,29.629629629629626,Microempresa,1,3.7037037037037033,26,1,0,0,0,Alimentação preparada,27,7,0,3,0,5,4,3,5
CE,1279,TURURU,2313559.0,16720.0,27,161.48325358851676,14,51.85185185185185,Microempresa,0,0.0,27,0,0,0,0,Restaurantes,27,7,0,0,1,3,5,3,8
SC,8283,RIO DAS ANTAS,4214409.0,6405.0,27,421.5456674473068,13,48.148148148148145,Microempresa,0,0.0,27,0,0,0,0,Restaurantes,27,7,0,1,0,4,7,0,8
CE,1313,ALTO SANTO,2300705.0,14327.0,27,188.45536399804564,12,44.44444444444444,Microempresa,1,3.7037037037037033,26,0,1,0,0,Restaurantes,27,0,1,0,0,6,7,3,10
BA,3791,PINDAI,2924504.0,15106.0,27,178.73692572487752,5,18.51851851851852,Microempresa,0,0.0,27,0,0,0,0,Lanchonetes,27,2,0,2,1,13,4,0,5
SP,6517,INUBIA PAULISTA,3520806.0,3670.0,27,735.6948228882834,13,48.148148148148145,Microempresa,0,0.0,27,0,0,0,0,Outros Food Service,27,7,0,1,0,8,9,0,2
PE,2453,ITAPETIM,2607703.0,14240.0,27,189.6067415730337,15,55.55555555555556,Microempresa,0,0.0,27,0,0,0,0,Alimentação preparada,27,7,0,0,2,6,1,6,5
MG,4455,DOM VICOSO,3122801.0,3191.0,27,846.1297398934503,11,40.74074074074074,Microempresa,0,0.0,27,0,0,0,0,Restaurantes,27,3,0,0,0,8,1,4,11
MG,4453,DOM SILVERIO,3122702.0,5360.0,27,503.7313432835821,9,33.33333333333333,Microempresa,0,0.0,27,0,0,0,0,Alimentação preparada,27,9,0,0,0,2,6,5,5
SC,5597,ARABUTA,4201273.0,4522.0,27,597.0809376382132,12,44.44444444444444,Microempresa,0,0.0,27,0,0,0,0,Lanchonetes,27,1,0,0,0,13,0,2,11
RS,7391,JAQUIRANA,4311122.0,3751.0,27,719.8080511863503,10,37.03703703703704,Microempresa,0,0.0,27,0,0,0,0,Outros Food Service,27,1,0,0,0,8,9,3,6
MA,847,OLHO D'AGUA DAS CUNHAS,2107407.0,18281.0,27,147.6943274437941,14,51.85185185185185,Microempresa,1,3.7037037037037033,26,0,1,0,0,Restaurantes,27,1,0,1,6,3,7,1,8
MA,841,MORROS,2107100.0,19033.0,27,141.85887668785793,15,55.55555555555556,Microempresa,5,18.51851851851852,22,5,0,0,0,Restaurantes,27,3,0,0,1,5,0,1,17
AM,211,BARREIRINHA,1300508.0,34025.0,27,79.35341660543718,14,51.85185185185185,Microempresa,1,3.7037037037037033,26,1,0,0,0,Outros Food Service,27,1,0,0,0,3,17,2,4
SC,8021,ANITAPOLIS,4201109.0,3792.0,27,712.0253164556962,8,29.629629629629626,Microempresa,0,0.0,27,0,0,0,0,Lanchonetes,27,3,0,0,0,18,1,1,4
MG,4627,IPIACU,3131406.0,3792.0,27,712.0253164556962,7,25.925925925925924,Microempresa,0,0.0,27,0,0,0,0,Restaurantes,27,4,0,2,0,5,5,5,6
GO,9327,CRISTIANOPOLIS,5206305.0,3709.0,27,727.9590186033971,18,66.66666666666666,Microempresa,2,7.4074074074074066,25,2,0,0,0,Lanchonetes,27,0,0,2,2,13,4,0,6
BA,3557,IBIRAPUA,2912806.0,9332.0,27,289.32704672096014,6,22.22222222222222,Microempresa,0,0.0,27,0,0,0,0,Lanchonetes,27,1,0,3,0,10,2,5,6
SC,8393,TIMBE DO SUL,4218103.0,5512.0,27,489.84034833091437,8,29.629629629629626,Microempresa,0,0.0,27,0,0,0,0,Lanchonetes,27,4,0,0,0,9,5,2,7
MG,4765,LEANDRO FERREIRA,3138302.0,3273.0,27,824.9312557286892,10,37.03703703703704,Microempresa,0,0.0,27,0,0,0,0,Lanchonetes,27,3,0,0,2,7,7,3,5
TO,195,SANTA FE DO ARAGUAIA,1718865.0,7575.0,27,356.43564356435644,12,44.44444444444444,Microempresa,1,3.7037037037037033,26,1,0,0,0,Outros Food Service,27,1,0,1,1,8,9,2,5
MG,4109,BARAO DO MONTE ALTO,3105509.0,4915.0,26,528.9928789420143,16,61.53846153846154,Microempresa,0,0.0,26,0,0,0,0,Lanchonetes,26,1,0,0,0,10,6,2,7
SP,7263,MOTUCA,3532058.0,4063.0,26,639.9212404627123,14,53.84615384615385,Microempresa,0,0.0,26,0,0,0,0,Outros Food Service,26,5,0,0,0,7,11,1,2
PR,7755,PAULO FRONTIN,4118709.0,6385.0,26,407.20438527799536,6,23.076923076923077,Microempresa,1,3.8461538461538463,25,0,1,0,0,Lanchonetes,26,2,0,0,0,13,2,6,3
TO,9533,GOIATINS,1709005.0,12884.0,26,201.80068301769637,15,57.692307692307686,Microempresa,2,7.6923076923076925,24,2,0,0,0,Restaurantes,26,3,0,1,0,7,5,2,8
PR,5523,ALTO PARAISO,4128625.0,3058.0,26,850.2289077828646,9,34.61538461538461,Microempresa,0,0.0,26,0,0,0,0,Outros Food Service,26,1,0,0,0,5,11,0,9
MG,4991,PEQUI,3149606.0,4271.0,26,608.7567314446266,9,34.61538461538461,Microempresa,1,3.8461538461538463,25,1,0,0,0,Lanchonetes,26,3,0,2,0,8,2,3,8
PB,1963,CABACEIRAS,2503100.0,5557.0,26,467.8783516285766,12,46.15384615384615,Microempresa,0,0.0,26,0,0,0,0,Restaurantes,26,5,0,0,0,8,1,0,12
SP,6721,MONCOES,3531001.0,1941.0,26,1339.5157135497168,11,42.30769230769231,Microempresa,1,3.8461538461538463,25,0,1,0,0,Lanchonetes,26,2,0,0,3,11,6,1,3
TO,9705,PEQUIZEIRO,1716653.0,5032.0,26,516.6931637519873,15,57.692307692307686,Microempresa,0,0.0,26,0,0,0,0,Lanchonetes,26,3,0,1,0,8,8,2,4
PB,2023,FAGUNDES,2506103.0,11300.0,26,230.08849557522123,13,50.0,Microempresa,2,7.6923076923076925,24,0,2,0,0,Lanchonetes,26,2,0,0,0,7,5,5,7
SP,2963,PEDRINHAS PAULISTA,3537156.0,2829.0,26,919.0526687875575,9,34.61538461538461,Microempresa,0,0.0,26,0,0,0,0,Lanchonetes,26,8,0,1,0,9,2,2,4
MA,955,BOM JARDIM,2102002.0,33850.0,26,76.80945347119646,16,61.53846153846154,Microempresa,1,3.8461538461538463,25,0,1,0,0,Restaurantes,26,3,0,1,0,8,0,1,13
CE,1327,ARATUBA,2301406.0,11396.0,26,228.15022815022814,12,46.15384615384615,Microempresa,0,0.0,26,0,0,0,0,Lanchonetes,26,0,0,1,2,8,4,3,8
SC,8375,VARGEAO,4219101.0,3729.0,26,697.2378653794583,10,38.46153846153847,Microempresa,2,7.6923076923076925,24,2,0,0,0,Lanchonetes,26,2,1,0,0,8,4,4,7
SP,6989,RUBIACEA,3544400.0,2739.0,26,949.2515516611902,10,38.46153846153847,Microempresa,0,0.0,26,0,0,0,0,Padarias e confeitaria,26,6,1,0,0,5,2,8,4
CE,1393,GENERAL SAMPAIO,2304608.0,6934.0,26,374.96394577444477,10,38.46153846153847,Microempresa,0,0.0,26,0,0,0,0,Lanchonetes,26,0,0,0,4,9,3,2,8
BA,3853,SANTA BRIGIDA,2927606.0,15411.0,26,168.71066121601453,10,38.46153846153847,Microempresa,0,0.0,26,0,0,0,0,Restaurantes,26,4,0,0,2,3,6,3,8
AM,289,ALVARAES,1300029.0,16938.0,26,153.50100366040854,16,61.53846153846154,Microempresa,3,11.538461538461538,23,3,0,0,0,Restaurantes,26,1,0,0,1,6,5,2,11
MG,700,SANTA BARBARA DO MONTE VERDE,3157278.0,3236.0,26,803.4610630407911,14,53.84615384615385,Microempresa,0,0.0,26,0,0,0,0,Padarias e confeitaria,26,2,0,0,0,6,4,7,7
AM,295,BERURI,1300631.0,22842.0,26,113.82540933368357,9,34.61538461538461,Microempresa,4,15.384615384615385,22,4,0,0,0,Outros Food Service,26,0,0,2,2,7,8,3,4
PI,1011,ANGICAL DO PIAUI,2200608.0,7000.0,26,371.42857142857144,9,34.61538461538461,Microempresa,0,0.0,26,0,0,0,0,Restaurantes,26,0,0,0,0,8,3,1,14
MG,728,SAO SEBASTIAO DO ANTA,3164472.0,6442.0,26,403.60136603539274,9,34.61538461538461,Microempresa,0,0.0,26,0,0,0,0,Outros Food Service,26,2,0,0,0,8,11,0,5
SP,6541,ITAJU,3522000.0,3726.0,26,697.7992485238861,6,23.076923076923077,Microempresa,0,0.0,26,0,0,0,0,Restaurantes,26,2,0,0,1,6,7,2,8
MG,4569,GUARARA,3128501.0,3052.0,26,851.9003931847969,11,42.30769230769231,Microempresa,0,0.0,26,0,0,0,0,Alimentação preparada,26,7,0,0,3,7,5,1,3
SP,6995,SAGRES,3544707.0,2524.0,26,1030.1109350237718,7,26.923076923076923,Microempresa,0,0.0,26,0,0,0,0,Lanchonetes,26,0,0,0,0,16,4,3,3
SP,7193,TIMBURI,3554607.0,2478.0,26,1049.2332526230832,11,42.30769230769231,Microempresa,1,3.8461538461538463,25,1,0,0,0,Alimentação preparada,26,10,0,0,0,9,0,5,2
GO,9309,DIVINOPOLIS DE GOIAS,5208301.0,4370.0,26,594.9656750572082,16,61.53846153846154,Microempresa,0,0.0,26,0,0,0,0,Lanchonetes,26,4,0,3,0,10,7,1,1
GO,9331,CROMINIA,5206503.0,4020.0,26,646.7661691542288,10,38.46153846153847,Microempresa,0,0.0,26,0,0,0,0,Lanchonetes,26,7,0,1,0,9,3,0,6
SP,3055,ITAPIRAPUA PAULISTA,3522653.0,4433.0,26,586.5102639296188,12,46.15384615384615,Microempresa,0,0.0,26,0,0,0,0,Lanchonetes,26,1,0,0,0,10,6,5,4
BA,3659,JANDAIRA,2917904.0,9483.0,26,274.17483918591165,10,38.46153846153847,Microempresa,0,0.0,26,0,0,0,0,Restaurantes,26,3,0,0,0,2,7,0,14
RN,1807,PUREZA,2410405.0,10283.0,26,252.84450063211128,14,53.84615384615385,Microempresa,0,0.0,26,0,0,0,0,Restaurantes,26,3,0,3,0,4,6,2,8
TO,9245,ARAPOEMA,1702307.0,5425.0,26,479.26267281105993,14,53.84615384615385,Microempresa,2,7.6923076923076925,24,0,2,0,0,Lanchonetes,26,2,0,2,0,12,2,3,5
RS,8623,DAVID CANABARRO,4306304.0,4400.0,26,590.9090909090909,12,46.15384615384615,Microempresa,2,7.6923076923076925,24,2,0,0,0,Restaurantes,26,3,0,0,0,5,5,6,7
BA,3359,BARRA DO MENDES,2903003.0,14404.0,26,180.50541516245488,12,46.15384615384615,Microempresa,0,0.0,26,0,0,0,0,Lanchonetes,26,2,0,0,1,8,6,1,8
MT,99,RIBEIRAOZINHO,5107198.0,2768.0,26,939.306358381503,15,57.692307692307686,Microempresa,0,0.0,26,0,0,0,0,Alimentação preparada,26,7,0,3,1,7,1,3,4
SP,6963,RIBEIRAO CORRENTE,3543105.0,4727.0,26,550.0317325999576,12,46.15384615384615,Microempresa,0,0.0,26,0,0,0,0,Lanchonetes,26,3,0,1,0,11,8,1,2
RS,8949,TUPARENDI,4322301.0,8535.0,26,304.62800234329234,10,38.46153846153847,Microempresa,1,3.8461538461538463,25,1,0,0,0,Restaurantes,26,4,0,0,0,5,6,4,7
PR,5489,SAO PEDRO DO IGUACU,4125753.0,5686.0,26,457.26345409778406,6,23.076923076923077,Microempresa,0,0.0,26,0,0,0,0,Lanchonetes,26,4,0,0,0,9,8,1,4
RN,414,CAICARA DO NORTE,2401859.0,6483.0,26,401.04889711553295,13,50.0,Microempresa,0,0.0,26,0,0,0,0,Alimentação preparada,26,8,0,2,0,5,4,6,1
MG,5277,SAO PEDRO DA UNIAO,3163904.0,4968.0,26,523.3494363929146,16,61.53846153846154,Microempresa,0,0.0,26,0,0,0,0,Padarias e confeitaria,26,2,0,0,1,5,5,7,6
PE,2415,FREI MIGUELINHO,2605806.0,14043.0,26,185.14562415438297,17,65.38461538461539,Microempresa,0,0.0,26,0,0,0,0,Outros Food Service,26,0,0,0,2,6,13,1,4
TO,9273,BREJINHO DE NAZARE,1703701.0,4752.0,26,547.1380471380471,13,50.0,Microempresa,0,0.0,26,0,0,0,0,Lanchonetes,26,5,0,0,1,8,3,2,7
AL,2811,NOVO LINO,2705606.0,10280.0,26,252.9182879377432,10,38.46153846153847,Microempresa,2,7.6923076923076925,24,2,0,0,0,Lanchonetes,26,2,0,0,1,11,5,0,7
RN,1683,GOVERNADOR DIX-SEPT ROSADO,2404309.0,12223.0,26,212.7137363985928,14,53.84615384615385,Microempresa,2,7.6923076923076925,24,2,0,0,0,Restaurantes,26,1,0,0,2,6,5,5,7
SP,6957,RIBEIRA,3542800.0,3151.0,26,825.1348778165662,6,23.076923076923077,Microempresa,0,0.0,26,0,0,0,0,Lanchonetes,26,3,0,1,0,10,6,1,5
PA,385,CUMARU DO NORTE,1502764.0,15354.0,26,169.33698059137683,19,73.07692307692307,Microempresa,0,0.0,26,0,0,0,0,Cantinas,26,4,7,2,1,5,2,0,5
BA,3587,IRAMAIA,2914307.0,11018.0,26,235.9774913777455,9,34.61538461538461,Microempresa,0,0.0,26,0,0,0,0,Restaurantes,26,1,0,2,0,7,4,0,12
BA,3499,DARIO MEIRA,2910008.0,11316.0,26,229.76316719688938,12,46.15384615384615,Microempresa,0,0.0,26,0,0,0,0,Lanchonetes,26,4,0,0,4,7,6,1,4
PI,322,ILHA GRANDE,2204659.0,9540.0,26,272.53668763102723,13,50.0,Microempresa,0,0.0,26,0,0,0,0,Restaurantes,26,2,0,2,2,5,2,1,12
MG,4425,DESCOBERTO,3121308.0,5081.0,26,511.71029324936035,8,30.76923076923077,Microempresa,1,3.8461538461538463,25,1,0,0,0,Lanchonetes,26,2,0,0,0,14,2,3,5
BA,3303,ABARE,2900207.0,18303.0,26,142.05321531989293,16,61.53846153846154,Microempresa,0,0.0,26,0,0,0,0,Outros Food Service,26,4,0,2,0,3,8,2,7
BA,3007,NOVA FATIMA,2922730.0,8301.0,26,313.21527526804,8,30.76923076923077,Microempresa,0,0.0,26,0,0,0,0,Outros Food Service,26,0,0,2,1,5,11,2,5
RS,7327,TRES PALMEIRAS,4321857.0,4829.0,26,538.4137502588528,7,26.923076923076923,Microempresa,0,0.0,26,0,0,0,0,Lanchonetes,26,1,0,0,0,12,4,3,6
SC,5589,NOVA ITABERABA,4211454.0,4696.0,26,553.6626916524701,5,19.230769230769234,Microempresa,6,23.076923076923077,20,6,0,0,0,Lanchonetes,26,2,0,0,0,10,7,0,7
MG,4241,CAPARAO,3112109.0,5133.0,26,506.52639781804015,13,50.0,Microempresa,0,0.0,26,0,0,0,0,Lanchonetes,26,3,0,0,0,11,2,3,7
RS,7349,SAO JOAO DA URTIGA,4318424.0,4546.0,26,571.9313682358118,6,23.076923076923077,Microempresa,0,0.0,26,0,0,0,0,Restaurantes,26,2,0,0,0,8,4,2,10
GO,51,PROFESSOR JAMIL,5218391.0,3768.0,26,690.0212314225054,16,61.53846153846154,Microempresa,3,11.538461538461538,23,3,0,0,0,Restaurantes,26,3,0,0,2,4,4,5,8
BA,3409,CALDEIRAO GRANDE,2905503.0,13626.0,25,183.47277264054014,13,52.0,Microempresa,0,0.0,25,0,0,0,0,Outros Food Service,25,3,0,2,2,1,10,5,2
PI,2275,MARCOLANDIA,2205953.0,8857.0,25,282.2626171389861,11,44.0,Microempresa,1,4.0,24,1,0,0,0,Restaurantes,25,0,2,1,0,8,2,0,12
MA,783,GODOFREDO VIANA,2104305.0,10425.0,25,239.8081534772182,9,36.0,Microempresa,5,20.0,20,2,3,0,0,Restaurantes,25,0,0,5,1,2,6,1,10
MA,713,ANAJATUBA,2100709.0,26275.0,25,95.14747859181732,12,48.0,Microempresa,0,0.0,25,0,0,0,0,Outros Food Service,25,1,0,0,0,6,9,2,7
MA,230,SAO FRANCISCO DO BREJAO,2110856.0,9184.0,25,272.21254355400697,10,40.0,Microempresa,2,8.0,23,0,2,0,0,Lanchonetes,25,5,0,6,0,7,2,2,3
MG,5131,RUBIM,3156601.0,10628.0,25,235.22770041400076,13,52.0,Microempresa,0,0.0,25,0,0,0,0,Lanchonetes,25,3,0,0,2,12,2,1,5
TO,9405,ITACAJA,1710508.0,6950.0,25,359.71223021582733,13,52.0,Microempresa,0,0.0,25,0,0,0,0,Lanchonetes,25,5,0,0,0,11,4,2,3
MT,93,SAO PEDRO DA CIPA,5107404.0,4253.0,25,587.820362097343,12,48.0,Microempresa,1,4.0,24,0,1,0,0,Lanchonetes,25,6,0,1,1,7,6,2,2
MG,5167,SANTANA DE CATAGUASES,3158409.0,3543.0,25,705.6167090036691,11,44.0,Microempresa,0,0.0,25,0,0,0,0,Lanchonetes,25,4,0,1,0,14,3,1,2
PR,7553,FLORAI,4107801.0,4789.0,25,522.0296512841929,7,28.000000000000004,Microempresa,0,0.0,25,0,0,0,0,Alimentação preparada,25,6,0,0,4,5,4,4,2
MG,5327,SERITINGA,3166402.0,1869.0,25,1337.613697164259,9,36.0,Microempresa,0,0.0,25,0,0,0,0,Lanchonetes,25,3,0,0,2,8,4,2,6
TO,72,AGUIARNOPOLIS,1700301.0,4469.0,25,559.4092638174088,13,52.0,Microempresa,0,0.0,25,0,0,0,0,Restaurantes,25,0,0,0,0,7,3,4,11
PA,513,PONTA DE PEDRAS,1505700.0,25707.0,25,97.24977632551446,13,52.0,Microempresa,0,0.0,25,0,0,0,0,Restaurantes,25,0,0,0,0,5,9,1,10
PA,451,COLARES,1502608.0,13720.0,25,182.21574344023324,15,60.0,Microempresa,0,0.0,25,0,0,0,0,Restaurantes,25,5,0,0,1,6,4,1,8
SE,3231,SANTO AMARO DAS BROTAS,2806602.0,11281.0,25,221.61155925893095,14,56.00000000000001,Microempresa,0,0.0,25,0,0,0,0,Restaurantes,25,3,0,1,0,4,4,6,7
SE,3221,ROSARIO DO CATETE,2806107.0,9516.0,25,262.7154266498529,9,36.0,Microempresa,3,12.0,22,0,3,0,0,Lanchonetes,25,2,0,4,2,6,1,4,6
PA,461,GURUPA,1503101.0,34344.0,25,72.7929187048684,7,28.000000000000004,Microempresa,8,32.0,17,8,0,0,0,Outros Food Service,25,0,0,0,0,2,12,0,11
GO,9919,ITAGUARI,5210562.0,5150.0,25,485.43689320388347,10,40.0,Microempresa,0,0.0,25,0,0,0,0,Restaurantes,25,1,0,1,0,10,2,0,11
MT,9869,ARAGUAIANA,5101001.0,4059.0,25,615.9152500615916,10,40.0,Microempresa,1,4.0,24,1,0,0,0,Lanchonetes,25,3,1,1,1,11,4,1,3
MT,101,PORTO ESTRELA,5106851.0,3102.0,25,805.9316569954868,8,32.0,Microempresa,0,0.0,25,0,0,0,0,Alimentação preparada,25,6,0,2,0,5,5,2,5
MG,4887,NATERCIA,3144409.0,4810.0,25,519.7505197505197,11,44.0,Microempresa,1,4.0,24,1,0,0,0,Lanchonetes,25,3,0,0,0,8,6,3,5
MA,909,SAO BERNARDO,2110609.0,27930.0,25,89.50948800572861,7,28.000000000000004,Microempresa,0,0.0,25,0,0,0,0,Restaurantes,25,3,0,1,0,5,5,2,9
MT,1044,NOVO MUNDO,5106265.0,6292.0,25,397.32994278448825,14,56.00000000000001,Microempresa,4,16.0,21,4,0,0,0,Lanchonetes,25,3,0,0,1,16,2,0,3
MT,1086,NOVA NAZARE,5106174.0,4681.0,25,534.0739158299509,11,44.0,Microempresa,2,8.0,23,2,0,0,0,Restaurantes,25,5,0,0,0,6,2,1,11
MS,9815,TACURU,5007950.0,11248.0,25,222.26173541963018,12,48.0,Microempresa,2,8.0,23,2,0,0,0,Restaurantes,25,2,1,0,0,7,5,2,8
RS,8733,LIBERATO SALZANO,4311601.0,4845.0,25,515.9958720330237,10,40.0,Microempresa,0,0.0,25,0,0,0,0,Restaurantes,25,4,0,0,0,1,5,2,13
MT,9163,TORIXOREU,5108204.0,4245.0,25,588.9281507656066,13,52.0,Microempresa,0,0.0,25,0,0,0,0,Lanchonetes,25,3,1,2,0,7,4,3,5
MG,2695,LONTRA,3138658.0,8958.0,25,279.0801518196026,15,60.0,Microempresa,0,0.0,25,0,0,0,0,Alimentação preparada,25,6,0,0,4,4,5,1,5
SP,792,BREJO ALEGRE,3507753.0,2605.0,25,959.6928982725527,15,60.0,Microempresa,0,0.0,25,0,0,0,0,Padarias e confeitaria,25,2,0,2,0,5,2,7,7
MG,4075,ARAPUA,3103801.0,2662.0,25,939.1435011269722,17,68.0,Microempresa,1,4.0,24,1,0,0,0,Lanchonetes,25,5,0,0,0,11,4,2,3
MG,2901,RIACHINHO,3154457.0,6775.0,25,369.00369003690037,12,48.0,Microempresa,0,0.0,25,0,0,0,0,Lanchonetes,25,1,0,0,1,12,6,1,4
BA,3583,IPUPIARA,2914109.0,10377.0,25,240.91741351064854,12,48.0,Microempresa,0,0.0,25,0,0,0,0,Lanchonetes,25,2,0,0,1,11,6,0,5
GO,9623,TRES RANCHOS,5221304.0,2981.0,25,838.6447500838644,10,40.0,Microempresa,1,4.0,24,1,0,0,0,Restaurantes,25,3,0,1,0,4,3,3,11
SC,9945,DOUTOR PEDRINHO,4205159.0,3721.0,25,671.8624025799517,10,40.0,Microempresa,1,4.0,24,1,0,0,0,Lanchonetes,25,5,0,0,0,11,1,1,7
SC,9943,CELSO RAMOS,4204152.0,2868.0,25,871.6875871687587,15,60.0,Microempresa,0,0.0,25,0,0,0,0,Lanchonetes,25,6,0,0,2,7,4,4,2
MG,4801,MARILAC,3140100.0,4325.0,25,578.0346820809249,13,52.0,Microempresa,0,0.0,25,0,0,0,0,Eventos e buffet,25,2,0,0,6,5,3,4,5
GO,9475,MOSSAMEDES,5213905.0,4599.0,25,543.5964340073929,16,64.0,Microempresa,0,0.0,25,0,0,0,0,Lanchonetes,25,1,0,0,0,10,4,4,6
SP,6461,GUARANI D'OESTE,3518008.0,1999.0,25,1250.625312656328,2,8.0,Microempresa,0,0.0,25,0,0,0,0,Lanchonetes,25,1,0,0,0,17,4,0,3
GO,9447,MAIRIPOTABA,5212600.0,2643.0,25,945.8948164964056,14,56.00000000000001,Microempresa,0,0.0,25,0,0,0,0,Outros Food Service,25,3,0,0,2,5,7,3,5
PI,1095,IPIRANGA DO PIAUI,2204808.0,9638.0,25,259.3899149201079,8,32.0,Microempresa,0,0.0,25,0,0,0,0,Restaurantes,25,4,0,0,0,7,3,2,9
PB,2107,NOVA PALMEIRA,2510303.0,4356.0,25,573.921028466483,13,52.0,Microempresa,1,4.0,24,1,0,0,0,Restaurantes,25,4,0,0,0,0,6,6,9
MG,4711,JEQUITAI,3135605.0,6304.0,25,396.5736040609137,11,44.0,Microempresa,0,0.0,25,0,0,0,0,Lanchonetes,25,6,0,2,2,7,4,0,4
SP,6129,ALVINLANDIA,3501509.0,2915.0,25,857.6329331046312,10,40.0,Microempresa,0,0.0,25,0,0,0,0,Lanchonetes,25,8,1,0,0,10,4,1,1
AM,273,SANTO ANTONIO DO ICA,1303700.0,30987.0,25,80.67899441701358,10,40.0,Microempresa,8,32.0,17,7,1,0,0,Restaurantes,25,1,0,0,1,4,9,0,10
PR,7861,SANTO ANTONIO DO CAIUA,4124202.0,2460.0,25,1016.260162601626,13,52.0,Microempresa,0,0.0,25,0,0,0,0,Lanchonetes,25,2,0,0,2,10,1,3,7
PE,2485,MIRANDIBA,2609303.0,14610.0,25,171.11567419575633,12,48.0,Microempresa,1,4.0,24,1,0,0,0,Lanchonetes,25,3,0,2,1,9,4,0,6
MG,732,SETUBINHA,3165552.0,9940.0,25,251.50905432595573,7,28.000000000000004,Microempresa,0,0.0,25,0,0,0,0,Lanchonetes,25,0,0,0,0,9,4,4,8
RS,6031,MATO LEITAO,4312153.0,5001.0,25,499.90001999600076,13,52.0,Microempresa,3,12.0,22,1,2,0,0,Lanchonetes,25,3,0,2,1,11,1,3,4
GO,63,BURITI DE GOIAS,5203939.0,2811.0,25,889.3632159373888,10,40.0,Microempresa,0,0.0,25,0,0,0,0,Lanchonetes,25,3,0,1,1,6,5,3,6
AM,209,BARCELOS,1300409.0,17805.0,25,140.40999719180004,13,52.0,Microempresa,2,8.0,23,2,0,0,0,Lanchonetes,25,3,0,0,0,10,4,1,7
GO,9271,BRAZABRANTES,5203609.0,4252.0,25,587.9586077140169,12,48.0,Microempresa,1,4.0,24,1,0,0,0,Lanchonetes,25,4,1,1,0,8,2,3,6
RS,7293,SAO VENDELINO,4319752.0,2309.0,25,1082.7197921178,12,48.0,Microempresa,0,0.0,25,0,0,0,0,Outros Food Service,25,4,0,0,1,5,7,2,6
PR,7883,SAO JOSE DA BOA VISTA,4125407.0,5994.0,25,417.0837504170837,10,40.0,Microempresa,0,0.0,25,0,0,0,0,Lanchonetes,25,1,0,0,1,8,6,3,6
RS,7317,SEGREDO,4320263.0,6098.0,25,409.97048212528694,6,24.0,Microempresa,0,0.0,25,0,0,0,0,Lanchonetes,25,2,0,0,0,16,3,1,3
GO,9391,HIDROLINA,5209804.0,3441.0,25,726.5329845975007,14,56.00000000000001,Microempresa,0,0.0,25,0,0,0,0,Lanchonetes,25,4,0,0,0,9,6,3,3
MA,831,MATOES,2106607.0,33350.0,25,74.96251874062968,13,52.0,Microempresa,2,8.0,23,2,0,0,0,Lanchonetes,25,1,0,0,0,10,1,3,10
MG,4677,ITAVERAVA,3133907.0,5742.0,25,435.3883664228492,9,36.0,Microempresa,0,0.0,25,0,0,0,0,Lanchonetes,25,2,0,0,1,8,2,4,8
MG,4581,GURINHATA,3129103.0,5107.0,25,489.5241824946152,12,48.0,Microempresa,0,0.0,25,0,0,0,0,Lanchonetes,25,0,0,1,1,10,0,5,8
PE,2603,TERRA NOVA,2615201.0,9241.0,25,270.53349204631536,10,40.0,Microempresa,2,8.0,23,2,0,0,0,Outros Food Service,25,3,0,1,1,3,8,3,6
BA,3309,ERICO CARDOSO,2900504.0,10932.0,25,228.68642517380167,11,44.0,Microempresa,0,0.0,25,0,0,0,0,Lanchonetes,25,1,0,2,0,11,4,1,6
PB,2061,JURU,2508000.0,9352.0,25,267.32249786142,13,52.0,Microempresa,0,0.0,25,0,0,0,0,Lanchonetes,25,0,0,1,1,18,1,0,4
SP,7085,SAO JOAO DAS DUAS PONTES,3549201.0,2623.0,25,953.1071292413268,8,32.0,Microempresa,0,0.0,25,0,0,0,0,Lanchonetes,25,5,0,0,0,8,1,6,5
CE,1325,ARARIPE,2301307.0,20166.0,25,123.97104036497073,10,40.0,Microempresa,0,0.0,25,0,0,0,0,Lanchonetes,25,2,0,3,1,7,7,2,3
CE,1553,SAO LUIS DO CURU,2312601.0,10818.0,25,231.09632094657053,13,52.0,Microempresa,0,0.0,25,0,0,0,0,Restaurantes,25,2,0,0,0,4,5,5,9
BA,3815,PRESIDENTE JANIO QUADROS,2925709.0,12941.0,25,193.18445251526157,11,44.0,Microempresa,0,0.0,25,0,0,0,0,Restaurantes,25,5,0,0,0,6,1,5,8
SP,2977,MARAPOAMA,3528858.0,3435.0,25,727.802037845706,12,48.0,Microempresa,2,8.0,23,0,2,0,0,Lanchonetes,25,4,0,2,1,9,2,2,5
SP,2961,EMILIANOPOLIS,3515129.0,3061.0,25,816.7265599477295,9,36.0,Microempresa,0,0.0,25,0,0,0,0,Lanchonetes,25,3,0,0,2,9,3,1,7
BA,3049,VARZEDO,2933174.0,10357.0,25,241.38263976054841,10,40.0,Microempresa,0,0.0,25,0,0,0,0,Padarias e confeitaria,25,6,0,1,1,3,5,7,2
PR,9979,BOM SUCESSO DO SUL,4103222.0,3239.0,25,771.8431614695894,12,48.0,Microempresa,2,8.0,23,2,0,0,0,Lanchonetes,25,4,0,1,0,8,4,1,7
PB,1949,BONITO DE SANTA FE,2502409.0,10407.0,25,240.2229268761411,11,44.0,Microempresa,0,0.0,25,0,0,0,0,Restaurantes,25,0,0,1,0,7,0,6,11
BA,3079,BURITIRAMA,2904753.0,20230.0,25,123.5788433020267,17,68.0,Microempresa,0,0.0,25,0,0,0,0,Lanchonetes,25,0,0,0,0,9,8,0,8
PB,1903,AGUIAR,2500205.0,4993.0,25,500.70098137392347,8,32.0,Microempresa,2,8.0,23,0,2,0,0,Lanchonetes,25,3,0,0,0,13,1,0,8
AC,647,CAPIXABA,1200179.0,11035.0,25,226.55188038060714,15,60.0,Microempresa,2,8.0,23,2,0,0,0,Restaurantes,25,5,0,2,0,5,0,5,8
AL,2751,FEIRA GRANDE,2702603.0,23210.0,25,107.71219302024988,9,36.0,Microempresa,2,8.0,23,2,0,0,0,Lanchonetes,25,3,0,1,0,10,4,1,6
MG,626,IMBE DE MINAS,3130556.0,7277.0,25,343.5481654527965,8,32.0,Microempresa,0,0.0,25,0,0,0,0,Lanchonetes,25,4,0,0,2,6,6,1,6
MG,5005,PIEDADE DO RIO GRANDE,3150307.0,4691.0,24,511.61799189938176,10,41.66666666666667,Microempresa,0,0.0,24,0,0,0,0,Lanchonetes,24,6,0,0,0,7,3,5,3
MA,715,ANAPURUS,2100808.0,14115.0,24,170.03188097768333,8,33.33333333333333,Microempresa,2,8.333333333333332,22,2,0,0,0,Lanchonetes,24,1,0,2,0,6,5,5,5
PR,5521,BRASILANDIA DO SUL,4103370.0,3891.0,24,616.8080185042405,10,41.66666666666667,Microempresa,0,0.0,24,0,0,0,0,Restaurantes,24,3,0,0,2,4,3,4,8
BA,3905,SERRA DOURADA,2930303.0,17558.0,24,136.68982799863312,11,45.83333333333333,Microempresa,0,0.0,24,0,0,0,0,Lanchonetes,24,3,0,0,0,8,3,2,8
BA,3915,SOUTO SOARES,2930808.0,17777.0,24,135.00590650840974,16,66.66666666666666,Microempresa,0,0.0,24,0,0,0,0,Restaurantes,24,4,0,1,1,3,3,1,11
BA,3287,JUCURUCU,2918456.0,9934.0,24,241.59452385745925,11,45.83333333333333,Microempresa,0,0.0,24,0,0,0,0,Outros Food Service,24,1,0,1,1,5,7,4,5
PE,2429,IATI,2606507.0,17538.0,24,136.84570646595964,14,58.333333333333336,Microempresa,0,0.0,24,0,0,0,0,Outros Food Service,24,0,0,1,2,5,7,2,7
PE,2471,LAGOA DO OURO,2608602.0,12369.0,24,194.03347077370847,11,45.83333333333333,Microempresa,0,0.0,24,0,0,0,0,Restaurantes,24,6,0,0,0,6,2,2,8
SE,3135,NOSSA SENHORA APARECIDA,2804458.0,9570.0,24,250.78369905956114,13,54.166666666666664,Microempresa,0,0.0,24,0,0,0,0,Outros Food Service,24,3,0,2,0,5,9,0,5
SE,3127,CARIRA,2801405.0,20314.0,24,118.14512159102097,10,41.66666666666667,Microempresa,0,0.0,24,0,0,0,0,Restaurantes,24,3,0,0,0,3,4,6,8
PB,1923,AREIAL,2501203.0,7473.0,24,321.1561621838619,12,50.0,Microempresa,0,0.0,24,0,0,0,0,Lanchonetes,24,3,0,1,1,8,3,5,3
MG,5169,SANTANA DE PIRAPAMA,3158508.0,6982.0,24,343.74104841019766,5,20.833333333333336,Microempresa,2,8.333333333333332,22,2,0,0,0,Lanchonetes,24,3,0,0,2,7,5,2,5
MG,5173,SANTANA DO GARAMBEU,3158706.0,2167.0,24,1107.5219197046608,5,20.833333333333336,Microempresa,0,0.0,24,0,0,0,0,Alimentação preparada,24,12,0,0,0,2,5,0,5
PB,2077,MALTA,2508802.0,6315.0,24,380.0475059382423,12,50.0,Microempresa,0,0.0,24,0,0,0,0,Padarias e confeitaria,24,3,0,3,0,3,3,6,6
RN,1839,SAO JOAO DO SABUGI,2412104.0,6142.0,24,390.7521979811136,9,37.5,Microempresa,1,4.166666666666666,23,1,0,0,0,Alimentação preparada,24,6,1,1,0,6,4,3,3
AL,2861,SANTANA DO MUNDAU,2708105.0,11574.0,24,207.3613271124935,9,37.5,Microempresa,0,0.0,24,0,0,0,0,Padarias e confeitaria,24,1,0,1,3,5,4,7,3
BA,3755,NOVA CANAA,2922706.0,13910.0,24,172.5377426312006,12,50.0,Microempresa,0,0.0,24,0,0,0,0,Alimentação preparada,24,5,0,1,2,4,5,3,4
GO,9251,AURILANDIA,5202601.0,3209.0,24,747.896540978498,7,29.166666666666668,Microempresa,0,0.0,24,0,0,0,0,Alimentação preparada,24,7,1,0,0,2,6,5,3
RS,6017,LINDOLFO COLLOR,4311627.0,6420.0,24,373.8317757009346,13,54.166666666666664,Microempresa,3,12.5,21,2,1,0,0,Lanchonetes,24,4,0,1,0,6,5,4,4
MG,2657,DIVISOPOLIS,3122454.0,10730.0,24,223.67194780987882,8,33.33333333333333,Microempresa,0,0.0,24,0,0,0,0,Lanchonetes,24,0,0,1,3,7,3,6,4
PB,1967,CACHOEIRA DOS INDIOS,2503308.0,9319.0,24,257.5383624852452,13,54.166666666666664,Microempresa,0,0.0,24,0,0,0,0,Restaurantes,24,6,0,3,1,0,4,2,8
SE,3131,CEDRO DE SAO JOAO,2801603.0,5467.0,24,438.9976220962136,8,33.33333333333333,Microempresa,0,0.0,24,0,0,0,0,Outros Food Service,24,0,0,1,2,4,10,5,2
MS,9187,VICENTINA,5008404.0,6534.0,24,367.30945821854914,9,37.5,Microempresa,0,0.0,24,0,0,0,0,Restaurantes,24,4,0,0,2,1,2,5,10
BA,3975,MAETINGA,2919959.0,7224.0,24,332.22591362126246,10,41.66666666666667,Microempresa,0,0.0,24,0,0,0,0,Alimentação preparada,24,6,0,1,0,4,3,6,4
RS,8747,MIRAGUAI,4312302.0,4501.0,24,533.2148411464119,12,50.0,Microempresa,1,4.166666666666666,23,1,0,0,0,Outros Food Service,24,3,0,1,0,6,7,0,7
RN,1673,FELIPE GUERRA,2403707.0,6485.0,24,370.08481110254434,10,41.66666666666667,Microempresa,0,0.0,24,0,0,0,0,Lanchonetes,24,3,0,1,0,6,4,4,6
BA,3507,ENCRUZILHADA,2910404.0,19373.0,24,123.88375574252827,14,58.333333333333336,Microempresa,0,0.0,24,0,0,0,0,Restaurantes,24,5,0,1,1,1,3,2,11
AL,2815,OLHO D'AGUA DO CASADO,2705804.0,8522.0,24,281.62403191739025,7,29.166666666666668,Microempresa,0,0.0,24,0,0,0,0,Restaurantes,24,0,0,0,2,4,6,2,10
RS,8811,REDENTORA,4315404.0,9931.0,24,241.66750578995064,15,62.5,Microempresa,0,0.0,24,0,0,0,0,Lanchonetes,24,4,0,0,1,10,7,0,2
PI,1173,REDENCAO DO GURGUEIA,2208700.0,8566.0,24,280.1774457156199,11,45.83333333333333,Microempresa,6,25.0,18,6,0,0,0,Restaurantes,24,2,0,0,1,7,4,2,8
MG,672,ORATORIOS,3145851.0,5127.0,24,468.1100058513751,12,50.0,Microempresa,3,12.5,21,3,0,0,0,Lanchonetes,24,6,0,0,2,9,2,2,3
PB,2131,PILAR,2511509.0,12972.0,24,185.01387604070305,8,33.33333333333333,Microempresa,2,8.333333333333332,22,0,2,0,0,Alimentação preparada,24,7,0,0,0,7,6,2,2
RO,2,ALTO ALEGRE DOS PARECIS,1100379.0,12213.0,24,196.51191353475804,8,33.33333333333333,Microempresa,0,0.0,24,0,0,0,0,Lanchonetes,24,3,0,0,0,9,5,0,7
PI,1101,ITAUEIRA,2205102.0,10463.0,24,229.3797190098442,14,58.333333333333336,Microempresa,0,0.0,24,0,0,0,0,Lanchonetes,24,2,0,0,0,11,1,1,9
RS,8505,ALECRIM,4300307.0,6219.0,24,385.9141341051616,13,54.166666666666664,Microempresa,0,0.0,24,0,0,0,0,Restaurantes,24,2,0,0,0,4,5,6,7
MG,4195,CACHOEIRA DOURADA,3109808.0,2329.0,24,1030.48518677544,7,29.166666666666668,Microempresa,1,4.166666666666666,23,0,1,0,0,Lanchonetes,24,0,0,2,0,10,3,1,8
SP,6659,LUTECIA,3527900.0,2696.0,24,890.2077151335312,11,45.83333333333333,Microempresa,0,0.0,24,0,0,0,0,Outros Food Service,24,3,0,1,1,7,8,2,2
MT,8997,SALTO DO CEU,5107750.0,3636.0,24,660.0660066006601,12,50.0,Microempresa,0,0.0,24,0,0,0,0,Restaurantes,24,5,1,2,0,3,3,3,7
SC,936,SALTINHO,4215356.0,3575.0,24,671.3286713286714,9,37.5,Microempresa,0,0.0,24,0,0,0,0,Outros Food Service,24,1,0,0,1,7,12,0,3
MA,801,IGARAPE GRANDE,2105203.0,10460.0,24,229.44550669216062,14,58.333333333333336,Microempresa,1,4.166666666666666,23,0,1,0,0,Outros Food Service,24,2,0,1,1,6,7,3,4
RS,8707,ILOPOLIS,4310306.0,4245.0,24,565.3710247349823,7,29.166666666666668,Microempresa,4,16.666666666666664,20,4,0,0,0,Restaurantes,24,2,0,0,0,2,4,6,10
MG,2897,MATIAS CARDOSO,3140852.0,8871.0,24,270.5444707473791,7,29.166666666666668,Microempresa,0,0.0,24,0,0,0,0,Restaurantes,24,2,0,1,0,7,5,0,9
RS,8415,ERNESTINA,4307054.0,3097.0,24,774.9434937035841,14,58.333333333333336,Microempresa,0,0.0,24,0,0,0,0,Lanchonetes,24,5,2,0,0,10,1,1,5
PB,446,APARECIDA,2500775.0,8286.0,24,289.6451846488052,10,41.66666666666667,Microempresa,0,0.0,24,0,0,0,0,Lanchonetes,24,3,0,1,2,10,1,3,4
MA,795,GUIMARAES,2104909.0,10412.0,24,230.50326546292737,7,29.166666666666668,Microempresa,0,0.0,24,0,0,0,0,Restaurantes,24,1,0,2,3,4,6,1,7
MA,829,MATINHA,2106508.0,22549.0,24,106.43487516076101,12,50.0,Microempresa,2,8.333333333333332,22,1,1,0,0,Outros Food Service,24,0,0,3,4,6,9,0,2
RN,1803,PORTALEGRE,2410207.0,7875.0,24,304.76190476190476,11,45.83333333333333,Microempresa,0,0.0,24,0,0,0,0,Restaurantes,24,4,0,0,1,5,3,3,8
BA,3707,MALHADA DE PEDRAS,2920304.0,8992.0,24,266.9039145907473,13,54.166666666666664,Microempresa,0,0.0,24,0,0,0,0,Lanchonetes,24,2,0,0,2,10,5,0,5
SP,2997,BARRA DO CHAPEU,3505351.0,5252.0,24,456.96877380045703,11,45.83333333333333,Microempresa,0,0.0,24,0,0,0,0,Lanchonetes,24,4,0,0,0,11,1,1,7
RN,1801,POCO BRANCO,2410108.0,12514.0,24,191.78520057535562,12,50.0,Microempresa,0,0.0,24,0,0,0,0,Lanchonetes,24,0,0,0,0,7,7,5,5
MA,833,MIRADOR,2106706.0,21552.0,24,111.35857461024499,12,50.0,Microempresa,3,12.5,21,3,0,0,0,Outros Food Service,24,1,0,1,3,4,8,0,7
SP,6431,GABRIEL MONTEIRO,3516507.0,2815.0,24,852.5754884547069,15,62.5,Microempresa,0,0.0,24,0,0,0,0,Alimentação preparada,24,8,0,0,0,8,5,2,1
MG,4337,COMENDADOR GOMES,3116902.0,2795.0,24,858.6762075134168,11,45.83333333333333,Microempresa,0,0.0,24,0,0,0,0,Lanchonetes,24,2,0,4,0,12,1,1,4
SP,6609,JERIQUARA,3525409.0,4021.0,24,596.8664511315593,8,33.33333333333333,Microempresa,1,4.166666666666666,23,1,0,0,0,Lanchonetes,24,1,0,1,0,9,4,4,5
TO,9715,BURITI DO TOCANTINS,1703800.0,10737.0,24,223.52612461581447,6,25.0,Microempresa,0,0.0,24,0,0,0,0,Restaurantes,24,0,0,0,0,5,7,3,9
MG,4987,PEDRO TEIXEIRA,3149408.0,1859.0,24,1291.0166756320602,13,54.166666666666664,Microempresa,0,0.0,24,0,0,0,0,Lanchonetes,24,3,0,2,2,9,7,0,1
BA,3439,CARDEAL DA SILVA,2907004.0,8632.0,24,278.0352177942539,9,37.5,Microempresa,2,8.333333333333332,22,2,0,0,0,Outros Food Service,24,1,0,1,0,3,9,4,6
PE,2465,JUPI,2608305.0,16095.0,24,149.11463187325256,9,37.5,Microempresa,0,0.0,24,0,0,0,0,Lanchonetes,24,2,0,0,0,8,3,4,7
PI,1031,BENEDITINOS,2201606.0,10084.0,24,238.0007933359778,16,66.66666666666666,Microempresa,0,0.0,24,0,0,0,0,Lanchonetes,24,4,0,0,0,9,3,2,6
GO,9363,FORMOSO,5208103.0,4643.0,24,516.9071720870128,8,33.33333333333333,Microempresa,1,4.166666666666666,23,1,0,0,0,Lanchonetes,24,2,0,0,2,12,3,0,5
SC,8337,SAO MARTINHO,4217105.0,3539.0,24,678.1576716586607,7,29.166666666666668,Microempresa,0,0.0,24,0,0,0,0,Lanchonetes,24,2,0,1,0,8,5,3,5
MA,835,MIRINZAL,2106805.0,14298.0,24,167.85564414603442,5,20.833333333333336,Microempresa,1,4.166666666666666,23,0,1,0,0,Outros Food Service,24,0,0,1,0,7,8,1,7
BA,3005,MUQUEM DE SAO FRANCISCO,2922250.0,10810.0,24,222.01665124884366,9,37.5,Microempresa,1,4.166666666666666,23,1,0,0,0,Lanchonetes,24,2,0,3,0,6,6,1,6
RS,1174,TIO HUGO,4321469.0,3363.0,24,713.6485280999108,11,45.83333333333333,Microempresa,4,16.666666666666664,20,4,0,0,0,Restaurantes,24,0,0,0,0,2,7,4,11
MG,2693,ICARAI DE MINAS,3130051.0,10917.0,24,219.84061555372355,9,37.5,Microempresa,0,0.0,24,0,0,0,0,Lanchonetes,24,2,1,0,1,7,6,1,6
PB,452,BARAUNA,2501534.0,5050.0,24,475.2475247524752,13,54.166666666666664,Microempresa,1,4.166666666666666,23,0,1,0,0,Alimentação preparada,24,7,0,0,0,4,5,1,7
SP,6743,MURUTINGA DO SUL,3532108.0,3734.0,23,615.9614354579539,10,43.47826086956522,Microempresa,0,0.0,23,0,0,0,0,Lanchonetes,23,1,0,0,0,11,3,4,4
MA,705,ALDEIAS ALTAS,2100303.0,23772.0,23,96.75248191149251,7,30.434782608695656,Microempresa,0,0.0,23,0,0,0,0,Restaurantes,23,3,0,0,2,4,5,2,7
BA,3917,TABOCAS DO BREJO VELHO,2930907.0,12367.0,23,185.9788145872079,7,30.434782608695656,Microempresa,0,0.0,23,0,0,0,0,Lanchonetes,23,2,0,0,2,8,4,2,5
PR,5507,LIDIANOPOLIS,4113429.0,3985.0,23,577.1643663739021,8,34.78260869565217,Microempresa,0,0.0,23,0,0,0,0,Lanchonetes,23,3,0,0,2,9,1,0,8
PR,5511,FAROL,4107553.0,2968.0,23,774.932614555256,11,47.82608695652174,Microempresa,0,0.0,23,0,0,0,0,Lanchonetes,23,2,0,0,0,9,5,4,3
BA,3291,LAJEDO DO TABOCAL,2919058.0,7666.0,23,300.02608922515,7,30.434782608695656,Microempresa,1,4.3478260869565215,22,1,0,0,0,Lanchonetes,23,4,0,0,0,5,4,5,5
BA,3089,FATIMA,2910750.0,18489.0,23,124.39829087565579,9,39.130434782608695,Microempresa,0,0.0,23,0,0,0,0,Lanchonetes,23,0,0,0,0,6,5,6,6
TO,9259,BABACULANDIA,1703008.0,7498.0,23,306.7484662576687,9,39.130434782608695,Microempresa,2,8.695652173913043,21,2,0,0,0,Restaurantes,23,1,0,0,0,5,3,0,14
PB,1957,BREJO DO CRUZ,2502805.0,14137.0,23,162.69364080073566,8,34.78260869565217,Microempresa,0,0.0,23,0,0,0,0,Restaurantes,23,4,0,1,1,3,2,3,9
MG,4073,ARAPONGA,3103702.0,8217.0,23,279.9075088231715,8,34.78260869565217,Microempresa,0,0.0,23,0,0,0,0,Lanchonetes,23,0,0,0,1,8,5,3,6
RS,8961,VIADUTOS,4322905.0,4847.0,23,474.5203218485661,6,26.08695652173913,Microempresa,0,0.0,23,0,0,0,0,Lanchonetes,23,1,0,0,0,11,4,2,5
SC,5555,SANTA TEREZINHA,4215679.0,7955.0,23,289.1263356379635,8,34.78260869565217,Microempresa,0,0.0,23,0,0,0,0,Lanchonetes,23,2,1,0,0,9,4,5,2
RS,8503,AJURICABA,4300208.0,6843.0,23,336.1098933216425,7,30.434782608695656,Microempresa,0,0.0,23,0,0,0,0,Alimentação preparada,23,9,0,0,2,9,0,3,0
PI,1180,NAZARIA,2206720.0,11174.0,23,205.8349740468946,9,39.130434782608695,Microempresa,3,13.043478260869565,20,3,0,0,0,Lanchonetes,23,4,0,2,0,6,5,2,4
RS,8509,ALPESTRE,4300505.0,7235.0,23,317.8991015894955,6,26.08695652173913,Microempresa,0,0.0,23,0,0,0,0,Outros Food Service,23,5,0,0,0,5,8,2,3
RS,8499,AGUA SANTA,4300059.0,4003.0,23,574.5690731951037,10,43.47826086956522,Microempresa,2,8.695652173913043,21,2,0,0,0,Restaurantes,23,1,0,0,1,5,2,6,8
TO,173,CAMPOS LINDOS,1703842.0,9028.0,23,254.76295968099248,9,39.130434782608695,Microempresa,1,4.3478260869565215,22,1,0,0,0,Restaurantes,23,1,0,1,4,5,1,0,11
RN,1753,MONTANHAS,2407708.0,11794.0,23,195.01441410886892,8,34.78260869565217,Microempresa,0,0.0,23,0,0,0,0,Restaurantes,23,6,0,3,0,3,1,3,7
PA,499,NOVA TIMBOTEUA,1505007.0,13147.0,23,174.944854339393,8,34.78260869565217,Microempresa,0,0.0,23,0,0,0,0,Lanchonetes,23,1,0,0,1,9,3,3,6
MA,857,PASSAGEM FRANCA,2107902.0,17590.0,23,130.75611142694714,13,56.52173913043478,Microempresa,1,4.3478260869565215,22,1,0,0,0,Lanchonetes,23,1,0,1,5,9,2,0,5
MG,566,ANGELANDIA,3102852.0,7839.0,23,293.4047710167113,9,39.130434782608695,Microempresa,0,0.0,23,0,0,0,0,Lanchonetes,23,3,0,0,2,9,3,1,5
PR,8477,SULINA,4126652.0,3501.0,23,656.9551556698086,12,52.17391304347826,Microempresa,1,4.3478260869565215,22,1,0,0,0,Lanchonetes,23,4,2,0,0,7,4,2,4
PR,8475,CAMPO BONITO,4104055.0,3974.0,23,578.7619526925013,15,65.21739130434783,Microempresa,0,0.0,23,0,0,0,0,Lanchonetes,23,2,0,2,4,5,5,1,4
BA,3947,UIBAI,2932408.0,13891.0,23,165.57483262544093,13,56.52173913043478,Microempresa,0,0.0,23,0,0,0,0,Lanchonetes,23,5,0,3,0,6,2,2,5
MA,148,CENTRO NOVO DO MARANHAO,2103174.0,16432.0,23,139.9707887049659,10,43.47826086956522,Microempresa,5,21.73913043478261,18,4,1,0,0,Restaurantes,23,1,0,1,1,3,4,2,11
PA,56,NOVA IPIXUNA,1504976.0,14383.0,23,159.91100604880762,8,34.78260869565217,Microempresa,0,0.0,23,0,0,0,0,Lanchonetes,23,4,0,0,1,10,1,1,6
RS,8605,CHIAPETTA,4305405.0,3991.0,23,576.2966675018793,9,39.130434782608695,Microempresa,0,0.0,23,0,0,0,0,Restaurantes,23,3,0,0,0,6,1,5,8
MT,1182,BOA ESPERANCA DO NORTE,,,23,,11,47.82608695652174,Microempresa,2,8.695652173913043,21,2,0,0,0,Restaurantes,23,4,0,0,1,3,2,5,8
BA,3329,ANGUERA,2901502.0,11521.0,23,199.6354483117785,11,47.82608695652174,Microempresa,1,4.3478260869565215,22,1,0,0,0,Restaurantes,23,1,0,0,1,2,4,4,11
PB,2163,SALGADO DE SAO FELIX,2513109.0,11723.0,23,196.19551309391792,11,47.82608695652174,Microempresa,2,8.695652173913043,21,1,1,0,0,Outros Food Service,23,2,1,0,0,4,9,2,5
MA,142,CAPINZAL DO NORTE,2102754.0,11696.0,23,196.64842681258548,14,60.86956521739131,Microempresa,1,4.3478260869565215,22,0,1,0,0,Restaurantes,23,2,0,1,2,4,3,3,8
MG,5245,SAO JOAO DA MATA,3162302.0,3023.0,23,760.8336089976845,13,56.52173913043478,Microempresa,0,0.0,23,0,0,0,0,Lanchonetes,23,3,0,0,0,8,3,1,8
MA,929,SITIO NOVO,2111805.0,17470.0,23,131.6542644533486,17,73.91304347826086,Microempresa,0,0.0,23,0,0,0,0,Outros Food Service,23,3,0,0,2,4,6,2,6
PB,1977,CALDAS BRANDAO,2503803.0,5955.0,23,386.23005877413937,11,47.82608695652174,Microempresa,0,0.0,23,0,0,0,0,Lanchonetes,23,0,0,0,0,15,2,1,5
SC,896,BELA VISTA DO TOLDO,4202131.0,5929.0,23,387.92376454714116,4,17.391304347826086,Microempresa,0,0.0,23,0,0,0,0,Lanchonetes,23,0,0,0,1,12,3,3,4
BA,3501,DOM BASILIO,2910107.0,12348.0,23,186.26498218334953,4,17.391304347826086,Microempresa,0,0.0,23,0,0,0,0,Lanchonetes,23,3,0,0,0,11,0,1,8
RN,1641,CAMPO REDONDO,2402105.0,10515.0,23,218.73514027579648,11,47.82608695652174,Microempresa,2,8.695652173913043,21,0,2,0,0,Alimentação preparada,23,5,0,1,2,4,5,2,4
SC,900,BOM JESUS,4202537.0,2919.0,23,787.94107571086,6,26.08695652173913,Microempresa,0,0.0,23,0,0,0,0,Lanchonetes,23,2,0,0,0,8,5,5,3
PB,2009,DESTERRO,2505402.0,8327.0,23,276.20991953884953,10,43.47826086956522,Microempresa,0,0.0,23,0,0,0,0,Lanchonetes,23,1,0,1,1,10,5,1,4
MG,4465,DORES DO TURVO,3123304.0,5222.0,23,440.4442742244351,7,30.434782608695656,Microempresa,2,8.695652173913043,21,0,2,0,0,Padarias e confeitaria,23,2,0,0,0,4,4,7,6
MG,714,SAO GERALDO DO BAIXIO,3161650.0,3142.0,23,732.017823042648,7,30.434782608695656,Microempresa,0,0.0,23,0,0,0,0,Alimentação preparada,23,7,0,0,2,3,4,4,3
MG,712,SAO FELIX DE MINAS,3161056.0,3237.0,23,710.5344454742045,13,56.52173913043478,Microempresa,0,0.0,23,0,0,0,0,Lanchonetes,23,2,0,0,0,9,3,2,7
MG,4467,DORESOPOLIS,3123403.0,1500.0,23,1533.3333333333333,9,39.130434782608695,Microempresa,1,4.3478260869565215,22,0,1,0,0,Outros Food Service,23,4,0,0,0,6,11,0,2
PI,1049,CARACOL,2202505.0,10553.0,23,217.94750307969298,14,60.86956521739131,Microempresa,0,0.0,23,0,0,0,0,Restaurantes,23,1,0,0,1,4,6,0,11
MG,4705,JAPARAIBA,3135308.0,4738.0,23,485.43689320388347,7,30.434782608695656,Microempresa,0,0.0,23,0,0,0,0,Lanchonetes,23,4,0,0,0,8,1,7,3
PE,2639,SANTA CRUZ DA BAIXA VERDE,2612471.0,11936.0,23,192.69436997319033,10,43.47826086956522,Microempresa,0,0.0,23,0,0,0,0,Outros Food Service,23,4,0,2,2,2,5,4,4
MA,875,POCAO DE PEDRAS,2108900.0,17351.0,23,132.5572013140453,4,17.391304347826086,Microempresa,1,4.3478260869565215,22,0,1,0,0,Lanchonetes,23,3,0,1,0,9,2,5,3
SP,7043,SANTA MERCEDES,3547106.0,3020.0,23,761.58940397351,8,34.78260869565217,Microempresa,1,4.3478260869565215,22,1,0,0,0,Padarias e confeitaria,23,2,0,0,1,3,6,7,4
MG,4257,CAPUTIRA,3112901.0,9128.0,23,251.97195442594216,7,30.434782608695656,Microempresa,0,0.0,23,0,0,0,0,Alimentação preparada,23,7,0,0,0,4,3,4,5
RS,8427,DOIS LAJEADOS,4306452.0,3156.0,23,728.7705956907478,4,17.391304347826086,Microempresa,0,0.0,23,0,0,0,0,Restaurantes,23,3,0,0,0,7,0,4,9
RS,7369,PINHAL,4314456.0,3039.0,23,756.8279039157618,11,47.82608695652174,Microempresa,2,8.695652173913043,21,2,0,0,0,Outros Food Service,23,3,0,0,1,3,7,5,4
MA,825,MAGALHAES DE ALMEIDA,2106300.0,13873.0,23,165.7896633749009,21,91.30434782608695,Microempresa,0,0.0,23,0,0,0,0,Lanchonetes,23,0,0,0,3,8,5,0,7
SP,6839,PEDRANOPOLIS,3536901.0,2863.0,23,803.3531260915124,8,34.78260869565217,Microempresa,0,0.0,23,0,0,0,0,Lanchonetes,23,2,0,0,0,16,5,0,0
SC,5563,VARGEM,4219150.0,2595.0,23,886.3198458574182,12,52.17391304347826,Microempresa,0,0.0,23,0,0,0,0,Lanchonetes,23,3,0,1,1,9,3,3,3
MG,4807,MARMELOPOLIS,3140407.0,3328.0,23,691.1057692307692,8,34.78260869565217,Microempresa,0,0.0,23,0,0,0,0,Lanchonetes,23,5,0,0,1,7,2,1,7
SC,8377,VIDAL RAMOS,4219200.0,6263.0,23,367.2361488104742,10,43.47826086956522,Microempresa,0,0.0,23,0,0,0,0,Lanchonetes,23,1,0,0,3,7,1,4,7
MG,4511,FELISBURGO,3125606.0,6558.0,23,350.71668191521803,6,26.08695652173913,Microempresa,0,0.0,23,0,0,0,0,Lanchonetes,23,3,0,0,1,12,0,4,3
MG,4741,LAGAMAR,3137106.0,6576.0,23,349.7566909975669,8,34.78260869565217,Microempresa,2,8.695652173913043,21,2,0,0,0,Lanchonetes,23,5,0,0,1,8,4,3,2
AM,285,URUCARA,1304302.0,19738.0,23,116.52649711216942,15,65.21739130434783,Microempresa,3,13.043478260869565,20,3,0,0,0,Lanchonetes,23,3,0,0,1,11,7,0,1
MG,4361,CONGONHAS DO NORTE,3118106.0,4920.0,23,467.479674796748,14,60.86956521739131,Microempresa,0,0.0,23,0,0,0,0,Restaurantes,23,1,0,1,0,3,5,2,11
SP,6561,ITAPURA,3523008.0,3990.0,23,576.4411027568923,9,39.130434782608695,Microempresa,0,0.0,23,0,0,0,0,Restaurantes,23,4,1,1,0,4,3,3,7
MG,752,VERDELANDIA,3171030.0,7706.0,23,298.4687256683104,12,52.17391304347826,Microempresa,0,0.0,23,0,0,0,0,Outros Food Service,23,4,0,1,3,3,6,0,6
RN,1875,TAIPU,2413904.0,11701.0,23,196.56439620545254,15,65.21739130434783,Microempresa,0,0.0,23,0,0,0,0,Outros Food Service,23,1,0,0,2,7,8,2,3
CE,1485,NOVA OLINDA,2309201.0,16126.0,23,142.6268138410021,8,34.78260869565217,Microempresa,1,4.3478260869565215,22,0,1,0,0,Restaurantes,23,0,0,1,0,8,2,3,9
PI,1013,ANISIO DE ABREU,2200707.0,9665.0,23,237.9720641489912,16,69.56521739130434,Microempresa,2,8.695652173913043,21,2,0,0,0,Lanchonetes,23,0,0,0,3,9,3,1,7
PR,7873,SAO JOAO DO CAIUA,4124905.0,5587.0,23,411.6699480937892,14,60.86956521739131,Microempresa,0,0.0,23,0,0,0,0,Lanchonetes,23,5,0,0,1,9,1,3,4
RS,5939,PONTAO,4314779.0,3345.0,23,687.593423019432,9,39.130434782608695,Microempresa,0,0.0,23,0,0,0,0,Alimentação preparada,23,5,0,1,0,5,4,4,4
PR,5475,FLOR DA SERRA DO SUL,4107850.0,4315.0,23,533.0243337195828,15,65.21739130434783,Microempresa,0,0.0,23,0,0,0,0,Lanchonetes,23,1,0,0,0,8,4,3,7
PR,5477,NOVA ESPERANCA DO SUDOESTE,4116950.0,5814.0,23,395.5968352253182,11,47.82608695652174,Microempresa,0,0.0,23,0,0,0,0,Lanchonetes,23,5,0,0,0,7,6,3,2
CE,1513,PENAFORTE,2310605.0,9403.0,23,244.60278634478357,8,34.78260869565217,Microempresa,0,0.0,23,0,0,0,0,Outros Food Service,23,1,0,1,1,5,6,4,5
TO,9711,MARIANOPOLIS DO TOCANTINS,1712504.0,4812.0,23,477.9717373233583,9,39.130434782608695,Microempresa,0,0.0,23,0,0,0,0,Lanchonetes,23,3,0,0,0,11,0,0,9
SP,6923,PRESIDENTE ALVES,3541109.0,3820.0,23,602.0942408376962,11,47.82608695652174,Microempresa,0,0.0,23,0,0,0,0,Lanchonetes,23,8,1,0,0,9,2,2,1
BA,3483,CORONEL JOAO SA,2909208.0,17602.0,23,130.66696966253835,15,65.21739130434783,Microempresa,0,0.0,23,0,0,0,0,Lanchonetes,23,3,0,0,1,6,5,2,6
MG,5149,SANTA EFIGENIA DE MINAS,3157500.0,4011.0,23,573.4230865120918,5,21.73913043478261,Microempresa,0,0.0,23,0,0,0,0,Lanchonetes,23,2,0,0,0,9,4,1,7
MG,630,JAPONVAR,3135357.0,8411.0,23,273.4514326477232,10,43.47826086956522,Microempresa,0,0.0,23,0,0,0,0,Outros Food Service,23,2,0,0,0,3,13,1,4
SE,3181,MOITA BONITA,2804102.0,11305.0,22,194.60415745245464,10,45.45454545454545,Microempresa,0,0.0,22,0,0,0,0,Lanchonetes,22,2,0,0,0,8,4,5,3
AL,2749,DOIS RIACHOS,2702504.0,9895.0,22,222.3345123799899,9,40.909090909090914,Microempresa,0,0.0,22,0,0,0,0,Lanchonetes,22,0,0,1,0,8,5,0,8
AL,2643,ESTRELA DE ALAGOAS,2702553.0,15683.0,22,140.27928330038895,12,54.54545454545454,Microempresa,0,0.0,22,0,0,0,0,Lanchonetes,22,0,0,1,2,6,6,2,5
TO,9721,NOVA ROSALANDIA,1715002.0,3362.0,22,654.3723973825105,9,40.909090909090914,Microempresa,0,0.0,22,0,0,0,0,Restaurantes,22,5,0,0,1,2,3,3,8
RS,8911,SERTAO,4320503.0,5630.0,22,390.7637655417406,7,31.818181818181817,Microempresa,0,0.0,22,0,0,0,0,Padarias e confeitaria,22,3,0,0,0,5,4,6,4
BA,3991,TANQUE NOVO,2931053.0,17815.0,22,123.49143979792309,8,36.36363636363637,Microempresa,1,4.545454545454546,21,1,0,0,0,Lanchonetes,22,0,2,0,1,8,2,1,8
GO,75,PEROLANDIA,5216452.0,2999.0,22,733.5778592864289,14,63.63636363636363,Microempresa,0,0.0,22,0,0,0,0,Lanchonetes,22,4,0,0,1,9,3,1,4
PR,7893,SAO PEDRO DO PARANA,4125902.0,2736.0,22,804.093567251462,8,36.36363636363637,Microempresa,0,0.0,22,0,0,0,0,Lanchonetes,22,2,0,1,2,7,4,0,6
MG,4915,ONCA DE PITANGUI,3145802.0,3021.0,22,728.2356835484939,7,31.818181818181817,Microempresa,0,0.0,22,0,0,0,0,Outros Food Service,22,3,0,0,0,5,9,2,3
RR,313,SAO JOAO DA BALIZA,1400506.0,10215.0,22,215.369554576603,6,27.27272727272727,Microempresa,0,0.0,22,0,0,0,0,Restaurantes,22,1,0,1,2,5,5,1,7
RR,32,IRACEMA,1400282.0,11098.0,22,198.23391602090467,12,54.54545454545454,Microempresa,0,0.0,22,0,0,0,0,Lanchonetes,22,3,0,0,2,10,5,0,2
MG,4303,CONCEICAO DA BARRA DE MINAS,3115201.0,3558.0,22,618.3249016301293,9,40.909090909090914,Microempresa,0,0.0,22,0,0,0,0,Lanchonetes,22,5,0,0,2,7,3,1,4
MG,4319,CHALE,3116001.0,6315.0,22,348.37688044338876,8,36.36363636363637,Microempresa,0,0.0,22,0,0,0,0,Lanchonetes,22,2,0,0,0,10,5,2,3
PE,2459,JATAUBA,2608008.0,16332.0,22,134.7048738672545,9,40.909090909090914,Microempresa,0,0.0,22,0,0,0,0,Lanchonetes,22,1,0,0,1,7,4,2,7
SC,8133,IBICARE,4206801.0,3287.0,22,669.3033160937024,5,22.727272727272727,Microempresa,0,0.0,22,0,0,0,0,Restaurantes,22,1,0,2,1,6,1,4,7
SC,8031,ARROIO TRINTA,4201604.0,3640.0,22,604.3956043956044,11,50.0,Microempresa,2,9.090909090909092,20,2,0,0,0,Lanchonetes,22,5,0,0,0,6,2,4,5
MG,4505,FARIA LEMOS,3125309.0,3222.0,22,682.8057107386716,8,36.36363636363637,Microempresa,0,0.0,22,0,0,0,0,Lanchonetes,22,5,1,0,0,9,3,1,3
SP,2983,MESOPOLIS,3529658.0,1992.0,22,1104.4176706827309,9,40.909090909090914,Microempresa,0,0.0,22,0,0,0,0,Restaurantes,22,3,2,0,0,2,5,2,8
PE,2515,PEDRA,2610806.0,23732.0,22,92.70183718186415,5,22.727272727272727,Microempresa,1,4.545454545454546,21,0,1,0,0,Restaurantes,22,5,0,0,1,4,2,2,8
PE,2557,SAO BENEDITO DO SUL,2612901.0,13435.0,22,163.7513956084853,11,50.0,Microempresa,0,0.0,22,0,0,0,0,Lanchonetes,22,2,0,0,0,8,4,0,8
MG,642,LEME DO PRADO,3138351.0,4343.0,22,506.5622841353903,8,36.36363636363637,Microempresa,0,0.0,22,0,0,0,0,Lanchonetes,22,3,0,1,0,7,4,1,6
RS,6069,BARRA DO GUARITA,4301859.0,3231.0,22,680.9037449705974,14,63.63636363636363,Microempresa,0,0.0,22,0,0,0,0,Lanchonetes,22,0,0,1,0,7,5,2,7
TO,9321,COUTO DE MAGALHAES,1706001.0,5563.0,22,395.47007010605785,11,50.0,Microempresa,0,0.0,22,0,0,0,0,Lanchonetes,22,2,0,0,0,9,3,0,8
BA,3345,ARATUIPE,2902302.0,9003.0,22,244.3629901144063,11,50.0,Microempresa,0,0.0,22,0,0,0,0,Restaurantes,22,2,0,0,1,2,7,1,9
MG,688,PINGO D'AGUA,3150539.0,4882.0,22,450.63498566161405,6,27.27272727272727,Microempresa,0,0.0,22,0,0,0,0,Padarias e confeitaria,22,4,0,1,1,4,4,5,3
MG,4329,CLARO DOS POCOES,3116506.0,7202.0,22,305.47070258261596,5,22.727272727272727,Microempresa,0,0.0,22,0,0,0,0,Restaurantes,22,5,0,1,0,4,3,0,9
BA,3019,PIRAI DO NORTE,2924678.0,11527.0,22,190.85625054220526,10,45.45454545454545,Microempresa,0,0.0,22,0,0,0,0,Lanchonetes,22,1,0,0,1,6,6,2,6
RS,7311,VILA FLORES,4323309.0,3741.0,22,588.0780539962577,11,50.0,Microempresa,4,18.181818181818183,18,3,1,0,0,Padarias e confeitaria,22,4,0,1,2,3,1,7,4
RS,8765,NOVA PALMA,4313102.0,5676.0,22,387.5968992248062,8,36.36363636363637,Microempresa,0,0.0,22,0,0,0,0,Lanchonetes,22,3,0,0,1,9,2,3,4
MG,4475,ENGENHEIRO NAVARRO,3123809.0,6336.0,22,347.22222222222223,10,45.45454545454545,Microempresa,0,0.0,22,0,0,0,0,Restaurantes,22,2,0,1,1,5,4,1,8
MG,4405,CRISTALIA,3120300.0,5103.0,22,431.1189496374682,12,54.54545454545454,Microempresa,0,0.0,22,0,0,0,0,Outros Food Service,22,0,1,0,2,6,8,1,4
AM,965,CAREIRO DA VARZEA,1301159.0,20081.0,22,109.5562969971615,7,31.818181818181817,Microempresa,1,4.545454545454546,21,1,0,0,0,Restaurantes,22,5,0,2,1,4,2,0,8
SC,8079,CAXAMBU DO SUL,4204103.0,4794.0,22,458.90696704213605,14,63.63636363636363,Microempresa,0,0.0,22,0,0,0,0,Lanchonetes,22,2,0,0,0,12,4,3,1
RO,43,SANTA LUZIA D'OESTE,1100296.0,7798.0,22,282.12362144139524,5,22.727272727272727,Microempresa,0,0.0,22,0,0,0,0,Lanchonetes,22,3,0,0,0,10,0,2,7
PB,2219,SERRARIA,2515906.0,4673.0,22,470.78964262786224,11,50.0,Microempresa,0,0.0,22,0,0,0,0,Restaurantes,22,2,0,3,0,2,3,5,7
MA,899,SANTA QUITERIA DO MARANHAO,2110104.0,24501.0,22,89.79225337741316,14,63.63636363636363,Microempresa,0,0.0,22,0,0,0,0,Lanchonetes,22,3,0,0,0,7,6,1,5
AL,2759,IBATEGUARA,2703007.0,13978.0,22,157.3901845757619,9,40.909090909090914,Microempresa,0,0.0,22,0,0,0,0,Outros Food Service,22,0,0,0,2,5,7,1,7
MS,9101,JATEI,5005103.0,3573.0,22,615.7290792051498,13,59.09090909090909,Microempresa,0,0.0,22,0,0,0,0,Restaurantes,22,0,0,1,1,5,4,2,9
BA,3487,COTEGIPE,2909406.0,13451.0,22,163.55661289123483,6,27.27272727272727,Microempresa,0,0.0,22,0,0,0,0,Outros Food Service,22,5,0,3,0,2,6,2,4
RS,7353,RIOZINHO,4315750.0,4574.0,22,480.9794490599038,3,13.636363636363635,Microempresa,2,9.090909090909092,20,0,2,0,0,Restaurantes,22,1,0,2,0,3,3,5,8
GO,9435,JAUPACI,5212006.0,2932.0,22,750.3410641200546,12,54.54545454545454,Microempresa,0,0.0,22,0,0,0,0,Lanchonetes,22,4,0,0,2,8,3,1,4
GO,9639,VARJAO,5221908.0,3772.0,22,583.2449628844115,12,54.54545454545454,Microempresa,0,0.0,22,0,0,0,0,Restaurantes,22,5,0,1,0,4,4,2,6
BA,3033,SAO JOSE DO JACUIPE,2929370.0,10594.0,22,207.66471587691146,5,22.727272727272727,Microempresa,0,0.0,22,0,0,0,0,Outros Food Service,22,0,0,0,2,5,11,3,1
BA,3035,SAO JOSE DA VITORIA,2929354.0,5415.0,22,406.2788550323176,8,36.36363636363637,Microempresa,0,0.0,22,0,0,0,0,Restaurantes,22,1,0,0,0,6,6,2,7
MG,4441,DIVINO DAS LARANJEIRAS,3122108.0,4110.0,22,535.279805352798,12,54.54545454545454,Microempresa,0,0.0,22,0,0,0,0,Lanchonetes,22,2,0,0,0,13,0,2,5
SP,6667,MAGDA,3528304.0,3210.0,22,685.3582554517134,9,40.909090909090914,Microempresa,0,0.0,22,0,0,0,0,Lanchonetes,22,1,0,2,0,8,8,2,1
MA,863,PENALVA,2108306.0,33463.0,22,65.7442548486388,15,68.18181818181817,Microempresa,0,0.0,22,0,0,0,0,Lanchonetes,22,0,0,2,2,8,4,4,2
RS,1020,TURUCU,4322327.0,3488.0,22,630.7339449541284,8,36.36363636363637,Microempresa,0,0.0,22,0,0,0,0,Alimentação preparada,22,5,1,0,0,5,1,5,5
TO,331,SANDOLANDIA,1718840.0,3927.0,22,560.2240896358544,6,27.27272727272727,Microempresa,0,0.0,22,0,0,0,0,Restaurantes,22,1,0,0,1,6,4,2,8
RN,432,SERRINHA DOS PINTOS,2413557.0,4818.0,22,456.62100456621005,10,45.45454545454545,Microempresa,0,0.0,22,0,0,0,0,Lanchonetes,22,0,0,0,0,11,3,2,6
AL,2883,TRAIPU,2709202.0,24099.0,22,91.29009502468982,12,54.54545454545454,Microempresa,2,9.090909090909092,20,2,0,0,0,Lanchonetes,22,3,0,0,0,7,6,1,5
SP,6407,ESTRELA DO NORTE,3515301.0,2752.0,22,799.4186046511628,12,54.54545454545454,Microempresa,0,0.0,22,0,0,0,0,Lanchonetes,22,4,0,0,0,10,3,1,4
SP,2975,ELISIARIO,3514924.0,3191.0,22,689.4390473205891,10,45.45454545454545,Microempresa,0,0.0,22,0,0,0,0,Lanchonetes,22,3,0,0,0,12,3,2,2
PR,7729,OURIZONA,4117404.0,3181.0,22,691.6064130776485,8,36.36363636363637,Microempresa,0,0.0,22,0,0,0,0,Lanchonetes,22,3,0,0,1,8,3,4,3
TO,351,LAJEADO,1712009.0,3595.0,22,611.961057023644,5,22.727272727272727,Microempresa,0,0.0,22,0,0,0,0,Restaurantes,22,0,0,0,2,6,4,0,10
MG,644,LUISBURGO,3138674.0,7281.0,22,302.1562972119214,12,54.54545454545454,Microempresa,0,0.0,22,0,0,0,0,Lanchonetes,22,0,0,0,2,10,1,0,9
MT,1094,SANTA CRUZ DO XINGU,5107743.0,2974.0,22,739.7444519166106,7,31.818181818181817,Microempresa,2,9.090909090909092,20,2,0,0,0,Restaurantes,22,4,0,1,1,3,3,0,10
BA,3517,FIRMINO ALVES,2910909.0,4981.0,22,441.67837783577596,7,31.818181818181817,Microempresa,1,4.545454545454546,21,0,1,0,0,Lanchonetes,22,2,0,0,1,10,3,1,5
BA,3073,ARATACA,2902252.0,10405.0,22,211.4368092263335,14,63.63636363636363,Microempresa,0,0.0,22,0,0,0,0,Restaurantes,22,5,0,0,0,5,2,3,7
SC,9975,URUPEMA,4218954.0,2771.0,22,793.9372067845544,4,18.181818181818183,Microempresa,0,0.0,22,0,0,0,0,Outros Food Service,22,1,0,0,0,6,8,0,7
MG,5161,SANTA MARIA DO SALTO,3158102.0,4752.0,22,462.96296296296293,9,40.909090909090914,Microempresa,0,0.0,22,0,0,0,0,Restaurantes,22,5,0,0,2,4,2,1,8
TO,9713,APARECIDA DO RIO NEGRO,1701101.0,5152.0,22,427.0186335403727,9,40.909090909090914,Microempresa,0,0.0,22,0,0,0,0,Restaurantes,22,0,0,1,2,5,0,2,12
TO,9469,MONTE DO CARMO,1713601.0,5614.0,22,391.8774492340577,15,68.18181818181817,Microempresa,0,0.0,22,0,0,0,0,Lanchonetes,22,0,0,0,2,11,1,1,7
TO,9619,TOCANTINIA,1721109.0,7851.0,22,280.21908037192713,8,36.36363636363637,Microempresa,0,0.0,22,0,0,0,0,Outros Food Service,22,0,0,0,3,7,8,0,4
MG,5001,PIAU,3150109.0,2853.0,22,771.1181212758501,3,13.636363636363635,Microempresa,0,0.0,22,0,0,0,0,Lanchonetes,22,0,0,0,1,8,3,2,8
RN,434,TENENTE LAURENTINO CRUZ,2414159.0,6183.0,22,355.8143296134562,8,36.36363636363637,Microempresa,0,0.0,22,0,0,0,0,Lanchonetes,22,2,0,1,1,7,5,2,4
PR,5519,SANTA MONICA,4123956.0,3348.0,22,657.1087216248507,12,54.54545454545454,Microempresa,0,0.0,22,0,0,0,0,Lanchonetes,22,4,0,0,0,6,4,5,3
RS,8609,COLORADO,4305603.0,3316.0,22,663.4499396863691,8,36.36363636363637,Microempresa,0,0.0,22,0,0,0,0,Padarias e confeitaria,22,3,0,2,0,4,5,6,2
PI,1169,PORTO,2208502.0,12332.0,22,178.39766461239054,8,36.36363636363637,Microempresa,1,4.545454545454546,21,1,0,0,0,Restaurantes,22,0,0,1,0,6,3,5,7
PA,487,MARAPANIM,1504406.0,28210.0,22,77.98652959943283,11,50.0,Microempresa,0,0.0,22,0,0,0,0,Outros Food Service,22,2,0,3,0,3,7,0,7
GO,9799,GOUVELANDIA,5209150.0,4271.0,22,515.1018496839147,11,50.0,Microempresa,0,0.0,22,0,0,0,0,Lanchonetes,22,4,0,2,0,8,2,0,6
BA,3609,ITAJU DO COLONIA,2915403.0,5742.0,22,383.1417624521073,10,45.45454545454545,Microempresa,1,4.545454545454546,21,1,0,0,0,Outros Food Service,22,3,0,0,0,0,10,5,4
PA,467,INHANGAPI,1503408.0,10813.0,22,203.4587995930824,6,27.27272727272727,Microempresa,0,0.0,22,0,0,0,0,Padarias e confeitaria,22,4,0,0,0,4,2,8,4
BA,3837,RIO DO ANTONIO,2926806.0,13469.0,22,163.33803548890043,3,13.636363636363635,Microempresa,0,0.0,22,0,0,0,0,Lanchonetes,22,1,0,0,0,10,2,5,4
SP,7185,TEJUPA,3554201.0,4098.0,21,512.4450951683748,6,28.57142857142857,Microempresa,0,0.0,21,0,0,0,0,Lanchonetes,21,3,0,0,0,11,4,2,1
PR,7959,GRANDES RIOS,4108700.0,5466.0,21,384.19319429198686,8,38.095238095238095,Microempresa,2,9.523809523809524,19,2,0,0,0,Lanchonetes,21,2,0,0,1,9,1,3,5
PE,2555,SANTA TEREZINHA,2612802.0,10464.0,21,200.68807339449543,9,42.857142857142854,Microempresa,0,0.0,21,0,0,0,0,Lanchonetes,21,2,0,0,2,5,5,3,4
SC,898,BOCAINA DO SUL,4202438.0,3660.0,21,573.7704918032787,4,19.047619047619047,Microempresa,0,0.0,21,0,0,0,0,Restaurantes,21,3,0,0,0,5,1,3,9
PB,498,POCO DE JOSE DE MOURA,2512077.0,4132.0,21,508.22846079380446,11,52.38095238095239,Microempresa,0,0.0,21,0,0,0,0,Restaurantes,21,2,0,1,0,4,4,4,6
PB,2123,PEDRA LAVRADA,2511103.0,6963.0,21,301.5941404566997,13,61.904761904761905,Microempresa,0,0.0,21,0,0,0,0,Lanchonetes,21,2,0,0,0,8,4,4,3
PB,1901,AGUA BRANCA,2500106.0,9582.0,21,219.16092673763305,11,52.38095238095239,Microempresa,1,4.761904761904762,20,1,0,0,0,Restaurantes,21,0,0,0,0,5,2,1,13
MG,5339,SERRANOS,3167004.0,2037.0,21,1030.9278350515465,7,33.33333333333333,Microempresa,0,0.0,21,0,0,0,0,Lanchonetes,21,5,0,0,0,8,1,5,2
MG,4597,IBITIURA DE MINAS,3129905.0,3441.0,21,610.2877070619006,8,38.095238095238095,Microempresa,0,0.0,21,0,0,0,0,Restaurantes,21,3,0,1,0,5,4,2,6
PE,2545,SALOA,2612307.0,14081.0,21,149.13713514665153,4,19.047619047619047,Microempresa,1,4.761904761904762,20,0,1,0,0,Lanchonetes,21,0,0,0,0,6,4,5,6
MA,206,PAULINO NEVES,2108058.0,17625.0,21,119.14893617021276,10,47.61904761904761,Microempresa,2,9.523809523809524,19,2,0,0,0,Restaurantes,21,3,0,0,0,1,4,1,12
RS,8803,PORTO LUCENA,4315008.0,4413.0,21,475.86675730795383,7,33.33333333333333,Microempresa,0,0.0,21,0,0,0,0,Padarias e confeitaria,21,3,0,0,0,3,3,7,5
TO,9345,DOIS IRMAOS DO TOCANTINS,1707207.0,6311.0,21,332.752337189035,8,38.095238095238095,Microempresa,3,14.285714285714285,18,3,0,0,0,Restaurantes,21,1,0,0,2,7,2,0,9
BA,3745,MUNIZ FERREIRA,2922201.0,7462.0,21,281.42589118198873,6,28.57142857142857,Microempresa,0,0.0,21,0,0,0,0,Restaurantes,21,2,0,0,4,3,4,0,8
MG,4721,JOANESIA,3136108.0,4191.0,21,501.0737294201861,7,33.33333333333333,Microempresa,0,0.0,21,0,0,0,0,Lanchonetes,21,1,0,0,2,9,3,3,3
MG,4727,JOAQUIM FELICIO,3136405.0,3847.0,21,545.8799064205874,6,28.57142857142857,Microempresa,0,0.0,21,0,0,0,0,Lanchonetes,21,4,0,0,0,7,2,4,4
CE,1521,PORANGA,2311009.0,12458.0,21,168.56638304703804,13,61.904761904761905,Microempresa,0,0.0,21,0,0,0,0,Lanchonetes,21,2,0,0,1,7,6,2,3
BA,3767,OURICANGAS,2923308.0,7912.0,21,265.4196157735086,4,19.047619047619047,Microempresa,2,9.523809523809524,19,0,2,0,0,Restaurantes,21,3,0,0,0,4,6,1,7
MG,4493,ESTRELA DO INDAIA,3124708.0,2674.0,21,785.3403141361256,9,42.857142857142854,Microempresa,0,0.0,21,0,0,0,0,Outros Food Service,21,3,0,0,0,5,6,4,3
AM,237,SANTA ISABEL DO RIO NEGRO,1303601.0,13724.0,21,153.0166132322938,14,66.66666666666666,Microempresa,0,0.0,21,0,0,0,0,Lanchonetes,21,1,0,0,1,8,6,1,4
SC,8099,DONA EMMA,4205100.0,4482.0,21,468.5408299866131,4,19.047619047619047,Microempresa,2,9.523809523809524,19,2,0,0,0,Lanchonetes,21,2,0,0,0,9,4,4,2
PE,2495,OROCO,2609808.0,14157.0,21,148.33651197287563,6,28.57142857142857,Microempresa,1,4.761904761904762,20,1,0,0,0,Outros Food Service,21,1,1,0,0,4,8,3,4
AL,2645,PARICONHA,2706422.0,10809.0,21,194.2825423258396,5,23.809523809523807,Microempresa,1,4.761904761904762,20,1,0,0,0,Restaurantes,21,4,0,0,0,3,3,3,8
RR,26,AMAJARI,1400027.0,16647.0,21,126.14885564966661,7,33.33333333333333,Microempresa,1,4.761904761904762,20,1,0,0,0,Restaurantes,21,3,0,0,0,4,1,0,13
CE,1557,SENADOR SA,2312809.0,7581.0,21,277.0083102493075,10,47.61904761904761,Microempresa,0,0.0,21,0,0,0,0,Lanchonetes,21,3,0,0,1,9,2,1,5
PI,398,SEBASTIAO LEAL,2210631.0,4606.0,21,455.9270516717325,12,57.14285714285714,Microempresa,1,4.761904761904762,20,1,0,0,0,Restaurantes,21,3,0,0,0,3,5,0,10
PR,5527,RAMILANDIA,4121257.0,4284.0,21,490.19607843137254,12,57.14285714285714,Microempresa,0,0.0,21,0,0,0,0,Lanchonetes,21,5,0,0,0,8,5,2,1
RS,5951,LAGOA DOS TRES CANTOS,4311270.0,1781.0,21,1179.1128579449746,9,42.857142857142854,Microempresa,1,4.761904761904762,20,1,0,0,0,Padarias e confeitaria,21,5,0,0,0,2,3,7,4
SP,826,TRABIJU,3554755.0,1728.0,21,1215.2777777777778,7,33.33333333333333,Microempresa,0,0.0,21,0,0,0,0,Lanchonetes,21,0,0,0,0,14,3,1,3
MG,5089,RIACHO DOS MACHADOS,3154507.0,8831.0,21,237.79866379798437,8,38.095238095238095,Microempresa,2,9.523809523809524,19,0,2,0,0,Restaurantes,21,1,0,2,0,5,3,3,7
RS,8789,PEJUCARA,4314308.0,3817.0,21,550.1702908042965,11,52.38095238095239,Microempresa,0,0.0,21,0,0,0,0,Alimentação preparada,21,6,0,0,0,5,2,4,4
RN,426,PORTO DO MANGUE,2410256.0,5345.0,21,392.89055191768006,6,28.57142857142857,Microempresa,0,0.0,21,0,0,0,0,Lanchonetes,21,5,2,0,1,6,1,0,6
AC,645,BUJARI,1200138.0,14076.0,21,149.19011082693947,11,52.38095238095239,Microempresa,0,0.0,21,0,0,0,0,Lanchonetes,21,6,0,1,0,7,1,0,6
PR,7619,ITAUNA DO SUL,4111308.0,3606.0,21,582.3627287853577,8,38.095238095238095,Microempresa,0,0.0,21,0,0,0,0,Lanchonetes,21,7,0,0,0,10,2,1,1
MG,5073,QUARTEL GERAL,3153707.0,3227.0,21,650.759219088937,6,28.57142857142857,Microempresa,0,0.0,21,0,0,0,0,Restaurantes,21,0,0,0,0,6,2,6,7
RS,8889,SAO PAULO DAS MISSOES,4319307.0,5943.0,21,353.35689045936397,6,28.57142857142857,Microempresa,0,0.0,21,0,0,0,0,Padarias e confeitaria,21,2,1,0,2,5,2,6,3
PA,62,QUATIPURU,1506112.0,11807.0,21,177.86059117472686,13,61.904761904761905,Microempresa,0,0.0,21,0,0,0,0,Restaurantes,21,2,0,2,0,5,4,2,6
PA,66,SAPUCAIA,1507755.0,6261.0,21,335.40967896502156,15,71.42857142857143,Microempresa,1,4.761904761904762,20,1,0,0,0,Restaurantes,21,1,0,0,0,4,4,4,8
BA,3603,ITAGI,2915106.0,14737.0,21,142.49847323064398,9,42.857142857142854,Microempresa,0,0.0,21,0,0,0,0,Lanchonetes,21,2,0,1,0,5,5,4,4
SC,8293,RIO FORTUNA,4214904.0,5081.0,21,413.3044676244833,8,38.095238095238095,Microempresa,0,0.0,21,0,0,0,0,Lanchonetes,21,2,0,1,0,11,1,3,3
PI,2249,COLONIA DO GURGUEIA,2202752.0,6301.0,21,333.2804316775115,15,71.42857142857143,Microempresa,0,0.0,21,0,0,0,0,Restaurantes,21,2,0,0,0,5,4,4,6
RS,8565,CAIBATE,4303301.0,4795.0,21,437.9562043795621,9,42.857142857142854,Microempresa,0,0.0,21,0,0,0,0,Alimentação preparada,21,6,0,1,1,4,2,4,3
CE,1269,PIRES FERREIRA,2310951.0,11014.0,21,190.666424550572,8,38.095238095238095,Microempresa,0,0.0,21,0,0,0,0,Lanchonetes,21,4,0,0,1,5,2,4,5
MA,917,SAO JOAO BATISTA,2111003.0,18871.0,21,111.28186105664776,11,52.38095238095239,Microempresa,3,14.285714285714285,18,2,1,0,0,Lanchonetes,21,1,0,4,1,6,2,2,5
PI,1149,PALMEIRAIS,2207504.0,13439.0,21,156.2616266091227,10,47.61904761904761,Microempresa,0,0.0,21,0,0,0,0,Restaurantes,21,3,0,0,2,2,2,5,7
SP,6147,ANHUMAS,3502408.0,4126.0,21,508.9675230247213,13,61.904761904761905,Microempresa,0,0.0,21,0,0,0,0,Lanchonetes,21,1,0,0,2,6,4,2,6
RS,8483,BOQUEIRAO DO LEAO,4302451.0,6202.0,21,338.6004514672686,9,42.857142857142854,Microempresa,1,4.761904761904762,20,1,0,0,0,Padarias e confeitaria,21,0,0,0,0,2,3,9,7
CE,1263,MIRAIMA,2308377.0,14912.0,21,140.82618025751074,10,47.61904761904761,Microempresa,0,0.0,21,0,0,0,0,Padarias e confeitaria,21,2,0,0,2,3,2,6,6
SP,820,SANTA CRUZ DA ESPERANCA,3546256.0,2173.0,21,966.4058904739991,12,57.14285714285714,Microempresa,0,0.0,21,0,0,0,0,Outros Food Service,21,0,0,0,0,7,8,0,6
SP,796,FERNAO,3515657.0,1695.0,21,1238.9380530973451,11,52.38095238095239,Microempresa,0,0.0,21,0,0,0,0,Lanchonetes,21,2,0,1,0,6,6,0,6
BA,3525,GENTIO DO OURO,2911303.0,11287.0,21,186.0547532559582,13,61.904761904761905,Microempresa,1,4.761904761904762,20,1,0,0,0,Restaurantes,21,1,0,2,0,0,5,5,8
BA,3075,BARRO ALTO,2903235.0,13932.0,21,150.73212747631354,11,52.38095238095239,Microempresa,0,0.0,21,0,0,0,0,Restaurantes,21,6,0,0,0,4,2,2,7
BA,3071,AMERICA DOURADA,2901155.0,15566.0,21,134.90941796222535,6,28.57142857142857,Microempresa,0,0.0,21,0,0,0,0,Lanchonetes,21,2,0,0,1,7,3,3,5
PI,1193,SAO FRANCISCO DO PIAUI,2209708.0,5317.0,21,394.95956366372013,10,47.61904761904761,Microempresa,0,0.0,21,0,0,0,0,Lanchonetes,21,3,0,0,2,6,2,4,4
MG,4873,MORRO DO PILAR,3143708.0,3149.0,21,666.8783740870117,11,52.38095238095239,Microempresa,0,0.0,21,0,0,0,0,Alimentação preparada,21,7,0,0,1,6,1,2,4
MT,1084,CURVELANDIA,5103437.0,4972.0,21,422.3652453740949,8,38.095238095238095,Microempresa,0,0.0,21,0,0,0,0,Restaurantes,21,5,0,0,0,3,5,0,8
RS,7393,JABOTICABA,4310850.0,3847.0,21,545.8799064205874,9,42.857142857142854,Microempresa,0,0.0,21,0,0,0,0,Lanchonetes,21,1,0,0,0,8,8,1,3
RS,5767,SINIMBU,4320677.0,8684.0,21,241.8240442192538,10,47.61904761904761,Microempresa,0,0.0,21,0,0,0,0,Lanchonetes,21,2,0,0,0,7,3,5,4
RS,8743,MATA,4312104.0,4782.0,21,439.146800501882,3,14.285714285714285,Microempresa,0,0.0,21,0,0,0,0,Lanchonetes,21,2,0,0,1,7,1,3,7
SC,8129,GUARUJA DO SUL,4206603.0,4888.0,21,429.62356792144027,7,33.33333333333333,Microempresa,0,0.0,21,0,0,0,0,Lanchonetes,21,1,1,0,0,8,2,4,5
MA,941,TURIACU,2112407.0,39070.0,21,53.74968006142821,8,38.095238095238095,Microempresa,2,9.523809523809524,19,1,1,0,0,Outros Food Service,21,1,0,3,0,4,8,0,5
PI,266,ACAUA,2200053.0,6309.0,21,332.85782215882074,14,66.66666666666666,Microempresa,1,4.761904761904762,20,1,0,0,0,Alimentação preparada,21,8,0,1,2,3,3,0,4
SP,6117,ALTAIR,3500907.0,3456.0,21,607.6388888888889,6,28.57142857142857,Microempresa,0,0.0,21,0,0,0,0,Lanchonetes,21,3,0,1,0,5,5,3,4
AL,2831,PAULO JACINTO,2706604.0,6689.0,21,313.94827328449696,12,57.14285714285714,Microempresa,0,0.0,21,0,0,0,0,Lanchonetes,21,0,0,0,0,11,1,1,8
GO,9637,URUTAI,5221809.0,3733.0,21,562.5502276989017,12,57.14285714285714,Microempresa,2,9.523809523809524,19,2,0,0,0,Restaurantes,21,1,1,0,1,4,3,3,8
PI,1005,ALTO LONGA,2200301.0,13723.0,21,153.0277636085404,12,57.14285714285714,Microempresa,0,0.0,21,0,0,0,0,Restaurantes,21,0,0,2,5,3,2,3,6
PR,7863,SANTO ANTONIO DO PARAISO,4124301.0,2070.0,21,1014.4927536231884,8,38.095238095238095,Microempresa,0,0.0,21,0,0,0,0,Lanchonetes,21,1,0,0,0,8,2,4,6
BA,3701,MAIQUINIQUE,2920007.0,9007.0,21,233.15199289441546,6,28.57142857142857,Microempresa,0,0.0,21,0,0,0,0,Restaurantes,21,1,0,0,3,3,4,0,10
MG,4169,BOTUMIRIM,3108503.0,5772.0,21,363.82536382536387,10,47.61904761904761,Microempresa,0,0.0,21,0,0,0,0,Restaurantes,21,3,0,2,0,4,2,0,10
MG,4321,CHAPADA DO NORTE,3116100.0,9515.0,21,220.7041513399895,4,19.047619047619047,Microempresa,0,0.0,21,0,0,0,0,Lanchonetes,21,1,0,0,0,6,5,4,5
MG,576,BUGRE,3109253.0,4169.0,21,503.7179179659391,6,28.57142857142857,Microempresa,0,0.0,21,0,0,0,0,Alimentação preparada,21,9,0,0,2,2,1,0,7
PB,2065,LAGOA DE DENTRO,2508208.0,8155.0,21,257.51072961373393,17,80.95238095238095,Microempresa,1,4.761904761904762,20,0,1,0,0,Restaurantes,21,3,0,1,2,5,1,1,8
BA,3667,JITAUNA,2918308.0,14571.0,21,144.1218859378217,6,28.57142857142857,Microempresa,0,0.0,21,0,0,0,0,Outros Food Service,21,1,0,1,1,6,8,0,4
SE,3197,PACATUBA,2804904.0,12671.0,20,157.8407386946571,4,20.0,Microempresa,0,0.0,20,0,0,0,0,Restaurantes,20,2,0,0,0,4,4,3,7
AL,2737,CHA PRETA,2701902.0,5996.0,20,333.555703802535,17,85.0,Microempresa,0,0.0,20,0,0,0,0,Restaurantes,20,2,0,2,0,2,3,3,8
AL,2731,CANAPI,2701605.0,15724.0,20,127.19409819384381,7,35.0,Microempresa,0,0.0,20,0,0,0,0,Outros Food Service,20,2,1,0,1,4,7,1,4
CE,9853,QUIXELO,2311355.0,17004.0,20,117.61938367442954,11,55.00000000000001,Microempresa,0,0.0,20,0,0,0,0,Restaurantes,20,0,0,0,1,5,2,4,8
MG,5075,QUELUZITO,3153806.0,1792.0,20,1116.0714285714287,9,45.0,Microempresa,0,0.0,20,0,0,0,0,Outros Food Service,20,4,0,0,0,3,5,3,5
PB,532,SERTAOZINHO,2515930.0,5378.0,20,371.8854592785422,8,40.0,Microempresa,0,0.0,20,0,0,0,0,Outros Food Service,20,4,0,0,0,6,8,0,2
RS,6013,CAMPESTRE DA SERRA,4303673.0,3311.0,20,604.0471156750227,5,25.0,Microempresa,1,5.0,19,1,0,0,0,Lanchonetes,20,1,0,0,0,7,3,3,6
RS,5797,COXILHA,4305975.0,2718.0,20,735.8351729212657,6,30.0,Microempresa,2,10.0,18,2,0,0,0,Outros Food Service,20,4,0,1,0,3,5,3,4
MA,743,BURITI BRAVO,2102309.0,22937.0,20,87.1953612067838,8,40.0,Microempresa,2,10.0,18,2,0,0,0,Lanchonetes,20,0,0,0,1,7,5,0,7
RN,1835,SAO FERNANDO,2411809.0,3612.0,20,553.7098560354375,9,45.0,Microempresa,0,0.0,20,0,0,0,0,Lanchonetes,20,4,0,0,0,7,3,1,5
MG,4735,JURAMENTO,3136801.0,3782.0,20,528.8207297726071,11,55.00000000000001,Microempresa,0,0.0,20,0,0,0,0,Restaurantes,20,2,0,1,1,3,4,2,7
GO,9333,CUMARI,5206602.0,2947.0,20,678.656260604004,8,40.0,Microempresa,0,0.0,20,0,0,0,0,Lanchonetes,20,4,0,0,2,10,3,1,0
MG,5321,SENHORA DO PORTO,3166105.0,3046.0,20,656.5988181221275,14,70.0,Microempresa,0,0.0,20,0,0,0,0,Lanchonetes,20,2,0,0,0,7,4,0,7
RN,1865,SERRA NEGRA DO NORTE,2413409.0,7799.0,20,256.44313373509425,10,50.0,Microempresa,0,0.0,20,0,0,0,0,Restaurantes,20,3,0,0,2,6,0,2,7
PI,1085,FRONTEIRAS,2204303.0,10310.0,20,193.98642095053347,8,40.0,Microempresa,0,0.0,20,0,0,0,0,Outros Food Service,20,2,0,0,0,6,8,0,4
AL,2849,PORTO REAL DO COLEGIO,2707503.0,20277.0,20,98.63392020515855,5,25.0,Microempresa,0,0.0,20,0,0,0,0,Restaurantes,20,1,0,1,0,1,2,5,10
RS,5943,BARRA FUNDA,4301958.0,2557.0,20,782.1666014861166,6,30.0,Microempresa,1,5.0,19,0,1,0,0,Restaurantes,20,1,0,1,0,3,6,1,8
RN,1775,PARAZINHO,2408805.0,4949.0,20,404.122044857547,8,40.0,Microempresa,2,10.0,18,2,0,0,0,Alimentação preparada,20,6,1,0,0,5,3,1,4
PE,2505,PARANATAMA,2610301.0,12838.0,20,155.78750584203146,7,35.0,Microempresa,0,0.0,20,0,0,0,0,Lanchonetes,20,0,0,0,0,8,4,4,4
CE,9855,UMIRIM,2313757.0,17701.0,20,112.98796678153778,5,25.0,Microempresa,0,0.0,20,0,0,0,0,Restaurantes,20,1,0,1,2,3,5,1,7
GO,9203,AGUA LIMPA,5200209.0,1831.0,20,1092.2992900054614,12,60.0,Microempresa,0,0.0,20,0,0,0,0,Restaurantes,20,2,0,0,0,5,5,1,7
CE,1523,PORTEIRAS,2311108.0,18002.0,20,111.09876680368848,13,65.0,Microempresa,0,0.0,20,0,0,0,0,Outros Food Service,20,1,0,0,0,5,8,0,6
GO,9453,MARZAGAO,5212907.0,2990.0,20,668.8963210702341,10,50.0,Microempresa,0,0.0,20,0,0,0,0,Lanchonetes,20,4,0,0,1,6,4,0,5
GO,9467,MONTE ALEGRE DE GOIAS,5213509.0,6456.0,20,309.78934324659235,8,40.0,Microempresa,0,0.0,20,0,0,0,0,Lanchonetes,20,2,0,0,1,9,4,1,3
PI,330,JUAZEIRO DO PIAUI,2205516.0,5306.0,20,376.9317753486619,9,45.0,Microempresa,0,0.0,20,0,0,0,0,Outros Food Service,20,3,0,0,0,3,7,0,7
PI,1289,DOM INOCENCIO,2203453.0,9330.0,20,214.36227224008573,3,15.0,Microempresa,1,5.0,19,1,0,0,0,Alimentação preparada,20,4,0,3,0,2,3,4,4
AL,2761,IGACI,2703106.0,24442.0,20,81.82636445462728,9,45.0,Microempresa,0,0.0,20,0,0,0,0,Lanchonetes,20,0,0,0,1,11,1,2,5
PI,2279,QUEIMADA NOVA,2208650.0,8958.0,20,223.26412145568207,9,45.0,Microempresa,0,0.0,20,0,0,0,0,Restaurantes,20,2,0,0,0,2,2,3,11
MG,4535,FREI GASPAR,3126802.0,5722.0,20,349.5281370150297,8,40.0,Microempresa,0,0.0,20,0,0,0,0,Alimentação preparada,20,6,0,0,1,5,1,1,6
MG,4525,FORTALEZA DE MINAS,3126307.0,3422.0,20,584.4535359438925,8,40.0,Microempresa,2,10.0,18,2,0,0,0,Lanchonetes,20,3,0,0,0,10,3,0,4
RS,6081,GARRUCHOS,4308656.0,2724.0,20,734.2143906020558,2,10.0,Microempresa,1,5.0,19,0,1,0,0,Alimentação preparada,20,6,0,0,0,1,3,5,5
RS,6077,TIRADENTES DO SUL,4321477.0,5188.0,20,385.50501156515037,7,35.0,Microempresa,0,0.0,20,0,0,0,0,Outros Food Service,20,1,0,0,1,2,8,0,8
MA,737,BEQUIMAO,2101905.0,19955.0,20,100.22550739163117,10,50.0,Microempresa,1,5.0,19,1,0,0,0,Outros Food Service,20,2,0,1,0,2,9,0,6
BA,3299,MULUNGU DO MORRO,2922052.0,13660.0,20,146.41288433382138,18,90.0,Microempresa,0,0.0,20,0,0,0,0,Restaurantes,20,1,0,0,0,2,2,0,15
MG,5423,VERISSIMO,3171105.0,3476.0,20,575.3739930955121,10,50.0,Microempresa,1,5.0,19,1,0,0,0,Lanchonetes,20,2,0,0,0,10,3,1,4
MG,5421,WENCESLAU BRAZ,3172202.0,2368.0,20,844.5945945945947,9,45.0,Microempresa,0,0.0,20,0,0,0,0,Lanchonetes,20,4,0,0,0,7,4,1,4
RS,8763,NOVA BRESCIA,4313003.0,3104.0,20,644.3298969072165,5,25.0,Microempresa,1,5.0,19,0,1,0,0,Padarias e confeitaria,20,0,1,1,0,4,2,6,6
PI,1299,CABECEIRAS DO PIAUI,2202059.0,10481.0,20,190.82148649937983,15,75.0,Microempresa,2,10.0,18,2,0,0,0,Outros Food Service,20,2,0,0,0,6,7,1,4
BA,3737,MORTUGABA,2921807.0,11469.0,20,174.38311971401168,7,35.0,Microempresa,0,0.0,20,0,0,0,0,Lanchonetes,20,1,0,0,0,6,6,3,4
MA,749,CANDIDO MENDES,2102606.0,20464.0,20,97.73260359655981,14,70.0,Microempresa,4,20.0,16,2,2,0,0,Restaurantes,20,0,0,2,1,2,7,0,8
PI,2261,SANTA ROSA DO PIAUI,2209377.0,4643.0,20,430.75597673917724,10,50.0,Microempresa,0,0.0,20,0,0,0,0,Lanchonetes,20,2,0,0,1,6,4,1,6
SP,6763,NOVA GUATAPORANGA,3533106.0,2187.0,20,914.4947416552355,6,30.0,Microempresa,0,0.0,20,0,0,0,0,Alimentação preparada,20,7,0,0,2,2,4,2,3
RS,7389,LAGOAO,4311254.0,5421.0,20,368.9356207341819,15,75.0,Microempresa,0,0.0,20,0,0,0,0,Lanchonetes,20,0,0,0,2,8,7,1,2
GO,9479,MUTUNOPOLIS,5214101.0,3517.0,20,568.6664771111743,6,30.0,Microempresa,0,0.0,20,0,0,0,0,Outros Food Service,20,0,0,0,1,4,6,3,6
RN,1805,SERRA CAIADA,2410306.0,11257.0,20,177.6672292795594,9,45.0,Microempresa,1,5.0,19,0,1,0,0,Lanchonetes,20,3,0,4,1,9,1,0,2
BA,3649,JACARACI,2917409.0,14919.0,20,134.05724244252295,10,50.0,Microempresa,0,0.0,20,0,0,0,0,Lanchonetes,20,0,0,0,1,8,6,0,5
MG,4379,CORDISLANDIA,3119005.0,3225.0,20,620.1550387596899,11,55.00000000000001,Microempresa,0,0.0,20,0,0,0,0,Lanchonetes,20,1,2,1,1,10,3,0,2
RN,1853,SAO RAFAEL,2412807.0,7879.0,20,253.8393197106232,12,60.0,Microempresa,0,0.0,20,0,0,0,0,Lanchonetes,20,3,0,0,0,11,3,1,2
CE,1371,CATARINA,2303600.0,8667.0,20,230.76035537094728,12,60.0,Microempresa,0,0.0,20,0,0,0,0,Lanchonetes,20,1,0,2,0,7,0,4,6
MG,4135,BIAS FORTES,3106804.0,3346.0,20,597.7286312014346,5,25.0,Microempresa,0,0.0,20,0,0,0,0,Lanchonetes,20,1,2,0,0,12,0,1,4
SP,6121,ALTO ALEGRE,3501103.0,3866.0,20,517.3305742369374,8,40.0,Microempresa,0,0.0,20,0,0,0,0,Outros Food Service,20,4,0,2,0,5,6,1,2
BA,3375,BOA VISTA DO TUPIM,2903805.0,17221.0,20,116.13727425817316,4,20.0,Microempresa,0,0.0,20,0,0,0,0,Alimentação preparada,20,6,0,0,0,5,6,1,2
SP,802,JUMIRIM,3525854.0,3139.0,20,637.1455877668047,9,45.0,Microempresa,1,5.0,19,0,1,0,0,Outros Food Service,20,0,1,0,2,4,6,3,4
RS,7383,NOVA ALVORADA,4312757.0,3229.0,20,619.3868070610096,3,15.0,Microempresa,0,0.0,20,0,0,0,0,Lanchonetes,20,0,0,0,0,11,4,3,2
BA,3615,ITAMARI,2915700.0,7158.0,20,279.4076557697681,7,35.0,Microempresa,0,0.0,20,0,0,0,0,Outros Food Service,20,1,0,0,0,5,12,0,2
BA,3585,IRAJUBA,2914208.0,6211.0,20,322.00933827080985,15,75.0,Microempresa,0,0.0,20,0,0,0,0,Outros Food Service,20,2,0,0,0,5,7,0,6
RS,8413,EUGENIO DE CASTRO,4307831.0,2683.0,20,745.4342154304883,9,45.0,Microempresa,0,0.0,20,0,0,0,0,Lanchonetes,20,2,0,0,1,7,2,4,4
RS,8403,HARMONIA,4309555.0,5535.0,20,361.33694670280033,8,40.0,Microempresa,0,0.0,20,0,0,0,0,Restaurantes,20,2,0,0,0,2,5,3,8
SP,2973,ZACARIAS,3557154.0,2784.0,20,718.3908045977012,10,50.0,Microempresa,0,0.0,20,0,0,0,0,Alimentação preparada,20,6,0,0,0,3,6,1,4
SP,6909,POPULINA,3540408.0,4179.0,20,478.5833931562575,8,40.0,Microempresa,0,0.0,20,0,0,0,0,Lanchonetes,20,5,0,0,0,11,0,0,4
BA,3327,ANGICAL,2901403.0,14183.0,20,141.013889868152,12,60.0,Microempresa,0,0.0,20,0,0,0,0,Outros Food Service,20,4,0,0,1,4,9,0,2
SP,6283,CAIUA,3509106.0,5612.0,20,356.3791874554526,10,50.0,Microempresa,0,0.0,20,0,0,0,0,Lanchonetes,20,2,0,0,0,13,2,2,1
GO,9587,SANTA TEREZA DE GOIAS,5219605.0,3120.0,20,641.025641025641,14,70.0,Microempresa,0,0.0,20,0,0,0,0,Lanchonetes,20,5,0,0,0,10,1,0,4
SE,3249,TOMAR DO GERU,2807501.0,12047.0,20,166.0164356271271,11,55.00000000000001,Microempresa,0,0.0,20,0,0,0,0,Lanchonetes,20,1,0,1,0,5,5,3,5
SC,8381,WITMARSUM,4219408.0,4569.0,20,437.7325454147516,6,30.0,Microempresa,2,10.0,18,2,0,0,0,Lanchonetes,20,4,0,0,0,7,5,0,4
MG,4201,CAIANA,3110103.0,5505.0,20,363.30608537693007,7,35.0,Microempresa,0,0.0,20,0,0,0,0,Lanchonetes,20,4,0,0,0,8,4,0,4
SP,6127,ALVARO DE CARVALHO,3501400.0,4906.0,20,407.6640847941296,8,40.0,Microempresa,0,0.0,20,0,0,0,0,Lanchonetes,20,4,0,0,0,7,3,2,4
MG,4757,LAMIM,3137908.0,3201.0,20,624.8047485160888,12,60.0,Microempresa,0,0.0,20,0,0,0,0,Lanchonetes,20,0,0,0,1,7,2,5,5
SC,8201,MAJOR GERCINO,4210209.0,3248.0,20,615.7635467980296,7,35.0,Microempresa,0,0.0,20,0,0,0,0,Lanchonetes,20,3,0,0,1,7,4,2,3
BA,3043,SITIO DO QUINTO,2930766.0,14504.0,20,137.89299503585218,12,60.0,Microempresa,0,0.0,20,0,0,0,0,Outros Food Service,20,2,0,1,2,3,6,1,5
MG,4139,BIQUINHAS,3107000.0,2385.0,20,838.5744234800839,17,85.0,Microempresa,0,0.0,20,0,0,0,0,Lanchonetes,20,5,0,0,1,11,0,1,2
BA,3999,WANDERLEY,2933455.0,13481.0,20,148.35694681403456,7,35.0,Microempresa,0,0.0,20,0,0,0,0,Lanchonetes,20,0,0,0,0,11,2,0,7
RO,689,NOVO HORIZONTE DO OESTE,1100502.0,7894.0,20,253.35697998479858,5,25.0,Microempresa,0,0.0,20,0,0,0,0,Restaurantes,20,2,0,0,0,6,1,0,11
BA,3257,APUAREMA,2901957.0,7090.0,20,282.08744710860367,11,55.00000000000001,Microempresa,0,0.0,20,0,0,0,0,Alimentação preparada,20,9,0,0,1,3,1,1,5
PR,7705,MIRASELVA,4116000.0,2024.0,20,988.1422924901186,4,20.0,Microempresa,0,0.0,20,0,0,0,0,Lanchonetes,20,0,1,1,0,7,3,5,3
PR,7715,NOVA ALIANCA DO IVAI,4116505.0,1316.0,20,1519.756838905775,15,75.0,Microempresa,0,0.0,20,0,0,0,0,Alimentação preparada,20,5,0,0,2,3,5,4,1
PR,8471,SAO JOSE DAS PALMEIRAS,4125456.0,4039.0,20,495.1720722951226,4,20.0,Microempresa,0,0.0,20,0,0,0,0,Lanchonetes,20,2,0,0,0,9,2,2,5
PA,585,GARRAFAO DO NORTE,1503077.0,25565.0,20,78.23195775474281,13,65.0,Microempresa,0,0.0,20,0,0,0,0,Restaurantes,20,2,0,0,0,5,4,0,9
GO,9781,CAMPOS VERDES,5204953.0,3747.0,20,533.7603416066187,7,35.0,Microempresa,0,0.0,20,0,0,0,0,Outros Food Service,20,0,0,0,0,7,8,0,5
MA,122,BELA VISTA DO MARANHAO,2101772.0,12132.0,20,164.85328058028355,9,45.0,Microempresa,0,0.0,20,0,0,0,0,Restaurantes,20,0,0,1,0,4,4,3,8
PA,391,NOVA ESPERANCA DO PIRIA,1504950.0,21346.0,20,93.694368968425,13,65.0,Microempresa,0,0.0,20,0,0,0,0,Restaurantes,20,1,0,1,0,5,4,2,7
RS,8641,ERVAL GRANDE,4307203.0,5027.0,20,397.8516013526954,12,60.0,Microempresa,0,0.0,20,0,0,0,0,Lanchonetes,20,0,0,0,0,8,5,1,6
PA,503,OEIRAS DO PARA,1505205.0,37078.0,20,53.940341981768164,10,50.0,Microempresa,3,15.0,17,3,0,0,0,Restaurantes,20,0,0,0,4,3,6,0,7
PE,554,MANARI,2609154.0,25990.0,20,76.95267410542517,7,35.0,Microempresa,0,0.0,20,0,0,0,0,Restaurantes,20,2,0,0,0,3,5,4,6
RN,418,ITAJA,2404853.0,7570.0,20,264.2007926023778,11,55.00000000000001,Microempresa,0,0.0,20,0,0,0,0,Restaurantes,20,2,0,0,0,5,2,3,8
PR,7465,CAFEARA,4103404.0,2644.0,20,756.4296520423601,9,45.0,Microempresa,0,0.0,20,0,0,0,0,Lanchonetes,20,1,0,2,0,14,3,0,0
PR,5469,SANTA LUCIA,4123824.0,3621.0,19,524.7169290251312,4,21.052631578947366,Microempresa,0,0.0,19,0,0,0,0,Restaurantes,19,1,0,0,2,4,2,3,7
PB,2157,RIACHO DOS CAVALOS,2512804.0,8813.0,19,215.5906047883808,7,36.84210526315789,Microempresa,0,0.0,19,0,0,0,0,Lanchonetes,19,0,0,1,0,7,7,2,2
PR,5479,NOVA LARANJEIRAS,4117057.0,12318.0,19,154.24581912648156,11,57.89473684210527,Microempresa,0,0.0,19,0,0,0,0,Lanchonetes,19,2,0,0,0,6,3,5,3
MG,4047,ALVORADA DE MINAS,3102407.0,4393.0,19,432.50625995902567,9,47.368421052631575,Microempresa,0,0.0,19,0,0,0,0,Lanchonetes,19,5,0,0,0,9,2,0,3
MG,5123,ROCHEDO DE MINAS,3156205.0,2384.0,19,796.9798657718121,4,21.052631578947366,Microempresa,0,0.0,19,0,0,0,0,Lanchonetes,19,3,0,0,0,8,5,2,1
MG,5181,SANTANA DOS MONTES,3159100.0,3474.0,19,546.9199769717904,8,42.10526315789473,Microempresa,1,5.263157894736842,18,1,0,0,0,Lanchonetes,19,2,0,0,1,8,1,2,5
RS,8645,ESMERALDA,4307401.0,3264.0,19,582.1078431372549,7,36.84210526315789,Microempresa,0,0.0,19,0,0,0,0,Alimentação preparada,19,5,0,0,1,4,5,1,3
RS,8607,CIRIACO,4305504.0,4208.0,19,451.5209125475285,8,42.10526315789473,Microempresa,0,0.0,19,0,0,0,0,Outros Food Service,19,1,0,0,0,4,6,4,4
PA,439,CACHOEIRA DO ARARI,1502004.0,25683.0,19,73.97889654635361,10,52.63157894736842,Microempresa,0,0.0,19,0,0,0,0,Restaurantes,19,1,0,1,2,1,3,4,7
RS,8631,DONA FRANCISCA,4306700.0,3133.0,19,606.4474944142994,12,63.1578947368421,Microempresa,0,0.0,19,0,0,0,0,Restaurantes,19,2,0,0,2,3,2,4,6
PE,2617,TUPARETAMA,2615904.0,8269.0,19,229.77385415406943,6,31.57894736842105,Microempresa,0,0.0,19,0,0,0,0,Lanchonetes,19,2,0,0,0,6,5,0,6
RS,8493,AMARAL FERRADOR,4300638.0,5384.0,19,352.8974739970282,7,36.84210526315789,Microempresa,0,0.0,19,0,0,0,0,Lanchonetes,19,0,0,0,0,9,6,1,3
CE,1255,IBARETAMA,2305266.0,12109.0,19,156.90808489553226,13,68.42105263157895,Microempresa,0,0.0,19,0,0,0,0,Outros Food Service,19,0,0,1,1,5,7,2,3
RS,7377,NOVA ROMA DO SUL,4313359.0,3545.0,19,535.9661495063469,9,47.368421052631575,Microempresa,0,0.0,19,0,0,0,0,Lanchonetes,19,0,0,0,1,9,1,4,4
PB,2201,SAO MIGUEL DE TAIPU,2515005.0,7326.0,19,259.35025935025936,8,42.10526315789473,Microempresa,2,10.526315789473683,17,2,0,0,0,Restaurantes,19,5,0,0,1,2,0,3,8
RN,1669,ESPIRITO SANTO,2403509.0,10964.0,19,173.29441809558554,8,42.10526315789473,Microempresa,0,0.0,19,0,0,0,0,Lanchonetes,19,1,0,1,0,8,3,3,3
PB,516,SANTO ANDRE,2513851.0,2714.0,19,700.0736919675755,11,57.89473684210527,Microempresa,1,5.263157894736842,18,1,0,0,0,Outros Food Service,19,0,0,4,0,4,6,0,5
PB,2101,NAZAREZINHO,2510006.0,7396.0,19,256.89561925365064,4,21.052631578947366,Microempresa,0,0.0,19,0,0,0,0,Padarias e confeitaria,19,0,0,1,0,0,4,8,6
SC,9957,JOSE BOITEUX,4209151.0,6539.0,19,290.564306468879,12,63.1578947368421,Microempresa,1,5.263157894736842,18,1,0,0,0,Alimentação preparada,19,6,0,1,0,6,4,0,2
SC,9989,SERRA ALTA,4217550.0,3374.0,19,563.1298162418494,12,63.1578947368421,Microempresa,0,0.0,19,0,0,0,0,Outros Food Service,19,0,0,0,1,2,7,4,5
PI,1111,LANDRI SALES,2205607.0,5306.0,19,358.0851865812288,8,42.10526315789473,Microempresa,0,0.0,19,0,0,0,0,Restaurantes,19,4,0,0,0,4,4,0,7
SP,6123,ALVARES FLORENCE,3501202.0,3980.0,19,477.38693467336685,9,47.368421052631575,Microempresa,0,0.0,19,0,0,0,0,Lanchonetes,19,4,0,0,0,8,2,3,2
BA,3011,NOVA REDENCAO,2922854.0,7634.0,19,248.88656012575322,11,57.89473684210527,Microempresa,0,0.0,19,0,0,0,0,Lanchonetes,19,1,0,0,0,7,2,2,7
BA,3567,ICHU,2913309.0,6439.0,19,295.07687529119426,11,57.89473684210527,Microempresa,0,0.0,19,0,0,0,0,Restaurantes,19,5,0,1,0,2,1,3,7
SP,6895,PLATINA,3539707.0,3050.0,19,622.9508196721312,8,42.10526315789473,Microempresa,0,0.0,19,0,0,0,0,Outros Food Service,19,3,0,0,1,4,5,3,3
PR,7773,PLANALTINA DO PARANA,4119707.0,4123.0,19,460.8294930875576,5,26.31578947368421,Microempresa,0,0.0,19,0,0,0,0,Alimentação preparada,19,5,0,0,0,5,5,3,1
BA,3635,ITAQUARA,2916708.0,8478.0,19,224.10945977824957,13,68.42105263157895,Microempresa,0,0.0,19,0,0,0,0,Lanchonetes,19,5,0,0,0,7,3,0,4
SC,8209,MATOS COSTA,4210704.0,2787.0,19,681.7366343738787,14,73.68421052631578,Microempresa,0,0.0,19,0,0,0,0,Lanchonetes,19,2,0,0,0,11,2,0,4
PR,7717,NOVA AMERICA DA COLINA,4116604.0,3274.0,19,580.3298717165546,8,42.10526315789473,Microempresa,0,0.0,19,0,0,0,0,Lanchonetes,19,3,0,0,0,5,2,5,4
MG,4833,MESQUITA,3141702.0,4934.0,19,385.0830968788002,10,52.63157894736842,Microempresa,1,5.263157894736842,18,1,0,0,0,Lanchonetes,19,2,0,0,1,6,2,3,5
CE,1329,ARNEIROZ,2301505.0,7611.0,19,249.63868085665484,6,31.57894736842105,Microempresa,0,0.0,19,0,0,0,0,Lanchonetes,19,2,0,0,2,5,5,1,4
RS,992,JARI,4311130.0,3412.0,19,556.8581477139508,12,63.1578947368421,Microempresa,0,0.0,19,0,0,0,0,Lanchonetes,19,3,0,2,0,6,2,3,3
CE,1259,IPAPORANGA,2305654.0,11988.0,19,158.49182515849182,9,47.368421052631575,Microempresa,0,0.0,19,0,0,0,0,Restaurantes,19,1,0,1,0,5,1,3,8
PR,5515,SAO MANOEL DO PARANA,4125555.0,2178.0,19,872.3599632690542,12,63.1578947368421,Microempresa,0,0.0,19,0,0,0,0,Lanchonetes,19,5,0,0,0,6,4,4,0
RS,8913,SEVERIANO DE ALMEIDA,4320602.0,3463.0,19,548.6572336124748,8,42.10526315789473,Microempresa,0,0.0,19,0,0,0,0,Restaurantes,19,0,0,0,0,3,1,6,9
GO,87,NOVA IGUACU DE GOIAS,5214879.0,3096.0,19,613.6950904392766,6,31.57894736842105,Microempresa,0,0.0,19,0,0,0,0,Lanchonetes,19,1,0,0,0,6,6,1,5
MG,4049,AMPARO DA SERRA,3102506.0,4554.0,19,417.215634606939,7,36.84210526315789,Microempresa,0,0.0,19,0,0,0,0,Lanchonetes,19,4,0,0,0,7,4,2,2
MG,4065,ARACITABA,3103306.0,2096.0,19,906.4885496183206,4,21.052631578947366,Microempresa,0,0.0,19,0,0,0,0,Outros Food Service,19,6,0,1,0,0,7,0,5
RO,695,MINISTRO ANDREAZZA,1101203.0,6389.0,19,297.38613241508847,10,52.63157894736842,Microempresa,1,5.263157894736842,18,1,0,0,0,Outros Food Service,19,2,0,0,0,3,7,2,5
AL,2753,FELIZ DESERTO,2702702.0,4033.0,19,471.1133151500124,8,42.10526315789473,Microempresa,0,0.0,19,0,0,0,0,Lanchonetes,19,1,0,2,0,8,3,1,4
PR,7601,INAJA,4110300.0,2453.0,19,774.5617611088463,14,73.68421052631578,Microempresa,0,0.0,19,0,0,0,0,Lanchonetes,19,1,0,0,0,15,0,0,3
TO,9537,PINDORAMA DO TOCANTINS,1717008.0,4602.0,19,412.8639721860061,6,31.57894736842105,Microempresa,0,0.0,19,0,0,0,0,Lanchonetes,19,1,0,0,0,10,2,0,6
AL,2723,CACIMBINHAS,2701209.0,10706.0,19,177.47057724640388,6,31.57894736842105,Microempresa,0,0.0,19,0,0,0,0,Lanchonetes,19,0,0,0,0,13,1,2,3
BA,3281,ITAGUACU DA BAHIA,2915353.0,12656.0,19,150.12642225031607,11,57.89473684210527,Microempresa,0,0.0,19,0,0,0,0,Restaurantes,19,1,0,1,3,4,0,1,9
MG,5203,SANTO ANTONIO DO ITAMBE,3160207.0,3960.0,19,479.7979797979798,5,26.31578947368421,Microempresa,0,0.0,19,0,0,0,0,Lanchonetes,19,2,0,0,0,12,0,1,4
MG,5209,SANTO ANTONIO DO RIO ABAIXO,3160504.0,1858.0,19,1022.604951560818,11,57.89473684210527,Microempresa,2,10.526315789473683,17,2,0,0,0,Restaurantes,19,3,0,0,0,2,5,2,7
AM,9845,SAO SEBASTIAO DO UATUMA,1303957.0,12415.0,19,153.04067660088603,5,26.31578947368421,Microempresa,1,5.263157894736842,18,1,0,0,0,Restaurantes,19,0,0,0,4,4,2,1,8
AM,233,FONTE BOA,1301605.0,28491.0,19,66.68772594854515,7,36.84210526315789,Microempresa,3,15.789473684210526,16,3,0,0,0,Outros Food Service,19,2,0,1,2,2,5,4,3
AP,70,VITORIA DO JARI,1600808.0,11877.0,19,159.97305716931885,10,52.63157894736842,Microempresa,8,42.10526315789473,11,8,0,0,0,Lanchonetes,19,1,0,0,1,7,4,1,5
SP,7003,SALMOURAO,3545100.0,4883.0,19,389.10505836575874,4,21.052631578947366,Microempresa,0,0.0,19,0,0,0,0,Outros Food Service,19,2,0,0,0,5,9,2,1
MG,5353,SOBRALIA,3167707.0,5107.0,19,372.03837869590757,9,47.368421052631575,Microempresa,0,0.0,19,0,0,0,0,Lanchonetes,19,2,0,0,0,8,6,0,3
SE,3167,JAPOATA,2803401.0,13737.0,19,138.31258644536655,6,31.57894736842105,Microempresa,0,0.0,19,0,0,0,0,Lanchonetes,19,2,0,0,1,6,3,3,4
SE,2647,SANTANA DO SAO FRANCISCO,2806404.0,7566.0,19,251.12344699973568,8,42.10526315789473,Microempresa,1,5.263157894736842,18,0,1,0,0,Restaurantes,19,1,0,2,0,3,5,2,6
RS,7381,NOVA ESPERANCA DO SUL,4313037.0,4976.0,19,381.83279742765274,12,63.1578947368421,Microempresa,0,0.0,19,0,0,0,0,Lanchonetes,19,6,0,0,0,7,2,1,3
GO,9513,PALMELO,5215801.0,2260.0,19,840.7079646017698,6,31.57894736842105,Microempresa,0,0.0,19,0,0,0,0,Lanchonetes,19,1,0,0,0,9,1,3,5
RS,8425,DOUTOR MAURICIO CARDOSO,4306734.0,4533.0,19,419.1484667990294,11,57.89473684210527,Microempresa,0,0.0,19,0,0,0,0,Lanchonetes,19,3,0,1,2,6,3,1,3
GO,9517,PANAMA,5216007.0,2414.0,19,787.0753935376968,6,31.57894736842105,Microempresa,1,5.263157894736842,18,1,0,0,0,Outros Food Service,19,0,0,0,0,6,7,2,4
CE,983,CATUNDA,2303659.0,10909.0,19,174.16811806765057,5,26.31578947368421,Microempresa,0,0.0,19,0,0,0,0,Restaurantes,19,1,0,0,2,0,2,4,10
CE,1243,DEPUTADO IRAPUAN PINHEIRO,2304269.0,9174.0,19,207.10704163941574,4,21.052631578947366,Microempresa,0,0.0,19,0,0,0,0,Padarias e confeitaria,19,0,0,0,3,1,3,6,6
MT,9105,LUCIARA,5105309.0,2642.0,19,719.1521574564724,9,47.368421052631575,Microempresa,1,5.263157894736842,18,1,0,0,0,Lanchonetes,19,2,0,2,2,9,2,1,1
MT,9161,TESOURO,5108105.0,2893.0,19,656.7576909782233,13,68.42105263157895,Microempresa,0,0.0,19,0,0,0,0,Alimentação preparada,19,5,0,2,0,2,5,0,5
MA,777,ESPERANTINOPOLIS,2104008.0,18743.0,19,101.37117857333403,10,52.63157894736842,Microempresa,2,10.526315789473683,17,2,0,0,0,Outros Food Service,19,1,0,0,1,5,6,3,3
MT,115,SANTO AFONSO,5107263.0,2372.0,19,801.0118043844857,15,78.94736842105263,Microempresa,0,0.0,19,0,0,0,0,Restaurantes,19,4,0,1,0,4,1,3,6
PB,2165,SANTA CRUZ,2513208.0,5985.0,19,317.46031746031747,6,31.57894736842105,Microempresa,1,5.263157894736842,18,1,0,0,0,Restaurantes,19,2,0,2,0,1,0,2,12
BA,3563,IBITITA,2913101.0,17525.0,19,108.41654778887303,12,63.1578947368421,Microempresa,0,0.0,19,0,0,0,0,Restaurantes,19,2,0,0,0,2,5,4,6
RS,7335,SEDE NOVA,4320230.0,2750.0,19,690.9090909090909,4,21.052631578947366,Microempresa,0,0.0,19,0,0,0,0,Lanchonetes,19,4,0,0,0,6,5,2,2
AM,205,ATALAIA DO NORTE,1300201.0,15920.0,19,119.34673366834171,12,63.1578947368421,Microempresa,2,10.526315789473683,17,2,0,0,0,Restaurantes,19,1,0,0,0,2,4,2,10
RO,975,THEOBROMA,1101609.0,8383.0,19,226.64917094119048,14,73.68421052631578,Microempresa,0,0.0,19,0,0,0,0,Lanchonetes,19,1,0,0,1,11,0,0,6
PB,1991,CONDADO,2504504.0,6632.0,19,286.4897466827503,9,47.368421052631575,Microempresa,0,0.0,19,0,0,0,0,Lanchonetes,19,1,0,3,0,5,4,2,4
RS,5993,MONTE BELO DO SUL,4312385.0,2608.0,19,728.5276073619632,6,31.57894736842105,Microempresa,2,10.526315789473683,17,2,0,0,0,Restaurantes,19,2,0,0,0,5,2,2,8
PB,536,SOSSEGO,2516151.0,3490.0,19,544.4126074498568,8,42.10526315789473,Microempresa,0,0.0,19,0,0,0,0,Outros Food Service,19,2,0,0,2,2,6,1,6
RN,1857,SAO VICENTE,2413003.0,6546.0,19,290.25358997861287,7,36.84210526315789,Microempresa,0,0.0,19,0,0,0,0,Alimentação preparada,19,7,0,0,2,4,4,2,0
RS,6057,NOVO MACHADO,4313425.0,3238.0,19,586.781964175417,6,31.57894736842105,Microempresa,0,0.0,19,0,0,0,0,Outros Food Service,19,2,3,0,0,6,7,0,1
PI,1027,BARRO DURO,2201408.0,6719.0,19,282.7801756213722,13,68.42105263157895,Microempresa,0,0.0,19,0,0,0,0,Restaurantes,19,1,0,2,2,3,4,0,7
PB,482,LOGRADOURO,2508554.0,5166.0,19,367.7893921796361,9,47.368421052631575,Microempresa,0,0.0,19,0,0,0,0,Lanchonetes,19,1,0,0,1,6,5,2,4
PR,7839,SANTA AMELIA,4123105.0,3333.0,19,570.0570057005701,6,31.57894736842105,Microempresa,0,0.0,19,0,0,0,0,Lanchonetes,19,3,0,0,0,9,2,4,1
PI,1055,CONCEICAO DO CANINDE,2202802.0,5092.0,19,373.13432835820896,6,31.57894736842105,Microempresa,0,0.0,19,0,0,0,0,Lanchonetes,19,0,0,0,5,8,2,1,3
RS,8775,PAIM FILHO,4313607.0,3685.0,19,515.6037991858888,6,31.57894736842105,Microempresa,1,5.263157894736842,18,0,1,0,0,Restaurantes,19,5,0,0,0,2,4,2,6
RS,8779,PALMITINHO,4313805.0,8042.0,19,236.25963690624224,8,42.10526315789473,Microempresa,0,0.0,19,0,0,0,0,Restaurantes,19,4,0,0,0,3,3,1,8
MG,5431,MATHIAS LOBATO,3171501.0,3037.0,19,625.6173855778729,9,47.368421052631575,Microempresa,0,0.0,19,0,0,0,0,Alimentação preparada,19,6,0,0,0,5,4,1,3
SC,8313,SAO BONIFACIO,4215901.0,2977.0,19,638.2264024185422,6,31.57894736842105,Microempresa,0,0.0,19,0,0,0,0,Restaurantes,19,1,0,2,1,0,4,5,6
MA,228,SAO DOMINGOS DO AZEITAO,2110658.0,8255.0,19,230.16353725015142,7,36.84210526315789,Microempresa,0,0.0,19,0,0,0,0,Restaurantes,19,1,0,0,3,2,3,2,8
RN,1625,CAMPO GRANDE,2401305.0,10094.0,18,178.32375668714087,7,38.88888888888889,Microempresa,2,11.11111111111111,16,2,0,0,0,Restaurantes,18,2,0,1,1,1,4,1,8
AL,2721,BRANQUINHA,2701100.0,9776.0,18,184.12438625204584,10,55.55555555555556,Microempresa,0,0.0,18,0,0,0,0,Outros Food Service,18,2,0,0,0,3,8,2,3
AL,2703,ANADIA,2700201.0,14157.0,18,127.14558169103624,6,33.33333333333333,Microempresa,1,5.555555555555555,17,1,0,0,0,Alimentação preparada,18,4,0,1,0,2,3,4,4
TO,9691,SAO VALERIO DA NATIVIDADE,1720499.0,4561.0,18,394.65029598772196,9,50.0,Microempresa,0,0.0,18,0,0,0,0,Lanchonetes,18,0,0,1,1,8,2,1,5
PA,50,CURUA,1502855.0,15069.0,18,119.45052757316346,7,38.88888888888889,Microempresa,0,0.0,18,0,0,0,0,Restaurantes,18,2,0,0,0,4,1,2,9
MT,9879,RESERVA DO CABACAL,5107156.0,1978.0,18,910.010111223458,9,50.0,Microempresa,0,0.0,18,0,0,0,0,Lanchonetes,18,0,0,2,1,6,3,4,2
MG,742,UNIAO DE MINAS,3170438.0,3789.0,18,475.05938242280286,11,61.111111111111114,Microempresa,0,0.0,18,0,0,0,0,Lanchonetes,18,1,0,0,0,9,3,0,5
PR,866,MARQUINHO,4115457.0,4465.0,18,403.13549832026877,9,50.0,Microempresa,0,0.0,18,0,0,0,0,Lanchonetes,18,1,0,2,0,9,5,0,1
TO,9695,BERNARDO SAYAO,1703206.0,4298.0,18,418.7994416007445,10,55.55555555555556,Microempresa,0,0.0,18,0,0,0,0,Lanchonetes,18,1,2,0,2,5,5,0,3
PR,5461,PITANGUEIRAS,4119657.0,3155.0,18,570.5229793977813,10,55.55555555555556,Microempresa,0,0.0,18,0,0,0,0,Lanchonetes,18,2,0,1,0,9,4,0,2
BA,3887,SAO MIGUEL DAS MATAS,2929404.0,10625.0,18,169.41176470588235,6,33.33333333333333,Microempresa,0,0.0,18,0,0,0,0,Alimentação preparada,18,6,0,0,0,5,2,0,5
MG,5129,RUBELITA,3156502.0,5354.0,18,336.19723571161745,2,11.11111111111111,Microempresa,0,0.0,18,0,0,0,0,Alimentação preparada,18,5,0,0,0,1,5,2,5
PE,548,JAQUEIRA,2607950.0,10400.0,18,173.0769230769231,10,55.55555555555556,Microempresa,0,0.0,18,0,0,0,0,Outros Food Service,18,1,0,0,1,4,6,2,4
MA,234,SAO JOAO DO PARAISO,2111052.0,10078.0,18,178.6068664417543,8,44.44444444444444,Microempresa,1,5.555555555555555,17,0,1,0,0,Lanchonetes,18,1,0,1,0,7,4,1,4
TO,179,DARCINOPOLIS,1706506.0,6130.0,18,293.6378466557912,8,44.44444444444444,Microempresa,0,0.0,18,0,0,0,0,Lanchonetes,18,0,0,0,0,7,2,2,7
SE,3225,SANTA LUZIA DO ITANHY,2806305.0,14038.0,18,128.22339364581848,7,38.88888888888889,Microempresa,0,0.0,18,0,0,0,0,Restaurantes,18,5,0,0,0,2,4,0,7
SE,3217,RIACHUELO,2805901.0,8832.0,18,203.80434782608694,7,38.88888888888889,Microempresa,0,0.0,18,0,0,0,0,Alimentação preparada,18,4,0,0,0,4,3,4,3
PA,507,OUREM,1505403.0,18886.0,18,95.3086942708885,6,33.33333333333333,Microempresa,2,11.11111111111111,16,2,0,0,0,Outros Food Service,18,1,1,0,1,0,10,1,4
GO,9735,NOVO PLANALTO,5215256.0,3684.0,18,488.5993485342019,3,16.666666666666664,Microempresa,0,0.0,18,0,0,0,0,Lanchonetes,18,2,0,0,0,6,3,1,6
PA,375,ABEL FIGUEIREDO,1500131.0,6250.0,18,288.0,12,66.66666666666666,Microempresa,1,5.555555555555555,17,1,0,0,0,Lanchonetes,18,2,0,0,0,8,2,0,6
RS,1170,SAO JOSE DO SUL,4318614.0,2443.0,18,736.7990176013099,5,27.77777777777778,Microempresa,0,0.0,18,0,0,0,0,Padarias e confeitaria,18,5,0,0,0,0,2,9,2
BA,3069,JUSSARI,2918555.0,6378.0,18,282.22013170272817,10,55.55555555555556,Microempresa,0,0.0,18,0,0,0,0,Outros Food Service,18,3,0,0,1,2,5,3,4
PE,2579,SERRITA,2614006.0,18769.0,18,95.90281847727636,8,44.44444444444444,Microempresa,0,0.0,18,0,0,0,0,Outros Food Service,18,4,0,0,0,4,6,1,3
RS,1134,CAPAO DO CIPO,4304655.0,3187.0,18,564.7944775651083,8,44.44444444444444,Microempresa,0,0.0,18,0,0,0,0,Lanchonetes,18,3,0,0,1,6,4,1,3
RS,1002,MUITOS CAPOES,4312617.0,2937.0,18,612.8702757916241,9,50.0,Microempresa,0,0.0,18,0,0,0,0,Outros Food Service,18,5,0,4,0,0,6,0,3
MG,718,SAO JOAO DAS MISSOES,3162450.0,13623.0,18,132.1294868971592,10,55.55555555555556,Microempresa,0,0.0,18,0,0,0,0,Lanchonetes,18,2,0,0,1,6,1,2,6
MA,775,DUQUE BACELAR,2103901.0,10439.0,18,172.43030941661078,12,66.66666666666666,Microempresa,1,5.555555555555555,17,0,1,0,0,Restaurantes,18,0,0,1,1,4,4,0,8
MG,4131,BERTOPOLIS,3106606.0,4546.0,18,395.9524857017158,11,61.111111111111114,Microempresa,0,0.0,18,0,0,0,0,Lanchonetes,18,2,0,0,0,6,2,3,5
PB,450,ASSUNCAO,2501351.0,4423.0,18,406.9635993669455,7,38.88888888888889,Microempresa,0,0.0,18,0,0,0,0,Outros Food Service,18,3,1,0,0,2,7,2,3
MA,893,SAMBAIBA,2109700.0,6238.0,18,288.55402372555307,13,72.22222222222221,Microempresa,1,5.555555555555555,17,0,1,0,0,Restaurantes,18,1,0,2,0,3,4,1,7
RS,8745,MAXIMILIANO DE ALMEIDA,4312203.0,4251.0,18,423.42978122794636,5,27.77777777777778,Microempresa,0,0.0,18,0,0,0,0,Alimentação preparada,18,6,0,0,0,3,1,2,6
TO,94,PUGMIL,1718451.0,2215.0,18,812.6410835214447,4,22.22222222222222,Microempresa,0,0.0,18,0,0,0,0,Restaurantes,18,0,0,0,0,3,2,2,11
SE,3243,SIRIRI,2807204.0,7978.0,18,225.6204562547004,10,55.55555555555556,Microempresa,3,16.666666666666664,15,0,3,0,0,Restaurantes,18,1,0,3,0,4,2,1,7
PI,1181,SANTA CRUZ DO PIAUI,2209104.0,6028.0,18,298.60650298606504,5,27.77777777777778,Microempresa,0,0.0,18,0,0,0,0,Restaurantes,18,2,0,0,0,5,3,1,7
TO,191,PAU D'ARCO,1716307.0,4030.0,18,446.6501240694789,13,72.22222222222221,Microempresa,0,0.0,18,0,0,0,0,Restaurantes,18,0,0,0,1,7,2,0,8
SC,924,JUPIA,4209177.0,2744.0,18,655.9766763848397,8,44.44444444444444,Microempresa,0,0.0,18,0,0,0,0,Outros Food Service,18,5,0,0,0,3,8,0,2
SP,824,TAQUARAL,3553658.0,2645.0,18,680.5293005671077,5,27.77777777777778,Microempresa,0,0.0,18,0,0,0,0,Padarias e confeitaria,18,3,0,2,0,3,2,4,4
TO,321,NOVO JARDIM,1715259.0,2241.0,18,803.2128514056224,6,33.33333333333333,Microempresa,0,0.0,18,0,0,0,0,Restaurantes,18,0,0,0,2,6,3,0,7
TO,9253,AURORA DO TOCANTINS,1702703.0,3415.0,18,527.0863836017569,12,66.66666666666666,Microempresa,0,0.0,18,0,0,0,0,Restaurantes,18,2,0,0,1,3,4,0,8
PE,2371,CAMUTANGA,2603603.0,7952.0,18,226.35814889336018,11,61.111111111111114,Microempresa,0,0.0,18,0,0,0,0,Lanchonetes,18,1,0,1,0,8,3,5,0
BA,3333,ANTONIO CARDOSO,2901700.0,11494.0,18,156.60344527579608,9,50.0,Microempresa,2,11.11111111111111,16,2,0,0,0,Restaurantes,18,1,0,4,0,3,3,0,7
GO,9747,SAO JOAO DA PARAUNA,5220058.0,1817.0,18,990.6439185470555,13,72.22222222222221,Microempresa,0,0.0,18,0,0,0,0,Padarias e confeitaria,18,1,0,1,2,4,1,5,4
PB,478,DAMIAO,2505352.0,5151.0,18,349.44670937682,8,44.44444444444444,Microempresa,2,11.11111111111111,16,0,2,0,0,Restaurantes,18,2,0,1,0,4,3,1,7
RN,1697,JACANA,2405009.0,8055.0,18,223.46368715083798,5,27.77777777777778,Microempresa,0,0.0,18,0,0,0,0,Outros Food Service,18,1,0,0,0,4,6,2,5
SC,5571,RIO RUFINO,4215059.0,2426.0,18,741.962077493817,9,50.0,Microempresa,0,0.0,18,0,0,0,0,Lanchonetes,18,3,1,0,0,4,2,4,4
SC,5575,MACIEIRA,4210050.0,1792.0,18,1004.4642857142858,11,61.111111111111114,Microempresa,0,0.0,18,0,0,0,0,Outros Food Service,18,1,0,0,0,3,6,2,6
MG,4025,ALAGOA,3101300.0,2823.0,18,637.6195536663124,4,22.22222222222222,Microempresa,0,0.0,18,0,0,0,0,Lanchonetes,18,3,0,1,0,6,0,4,4
MG,4323,CHIADOR,3116209.0,2870.0,18,627.177700348432,9,50.0,Microempresa,0,0.0,18,0,0,0,0,Lanchonetes,18,2,0,0,0,7,6,1,2
SP,2987,PONTALINDA,3540259.0,4199.0,18,428.67349368897356,7,38.88888888888889,Microempresa,0,0.0,18,0,0,0,0,Lanchonetes,18,2,0,1,0,5,4,2,4
MG,4203,CAJURI,3110202.0,4195.0,18,429.0822407628129,8,44.44444444444444,Microempresa,0,0.0,18,0,0,0,0,Lanchonetes,18,1,0,0,0,10,5,0,2
RS,6059,SAO JOSE DO INHACORA,4318499.0,2466.0,18,729.92700729927,9,50.0,Microempresa,0,0.0,18,0,0,0,0,Eventos e buffet,18,3,0,0,7,1,0,3,4
MG,5311,SENADOR CORTES,3165602.0,2349.0,18,766.2835249042146,6,33.33333333333333,Microempresa,0,0.0,18,0,0,0,0,Lanchonetes,18,4,0,0,0,10,1,0,3
MG,608,FRANCISCOPOLIS,3126752.0,4986.0,18,361.01083032490976,6,33.33333333333333,Microempresa,0,0.0,18,0,0,0,0,Outros Food Service,18,4,0,2,0,2,7,2,1
MG,5271,SAO JOSE DO MANTIMENTO,3163607.0,2854.0,18,630.6937631394534,11,61.111111111111114,Microempresa,0,0.0,18,0,0,0,0,Restaurantes,18,2,0,0,2,4,3,2,5
MG,4591,IBIAI,3129608.0,6094.0,18,295.3724975385625,13,72.22222222222221,Microempresa,1,5.555555555555555,17,0,1,0,0,Lanchonetes,18,2,0,0,2,8,4,1,1
MA,170,IGARAPE DO MEIO,2105153.0,14411.0,18,124.9045867739921,12,66.66666666666666,Microempresa,2,11.11111111111111,16,2,0,0,0,Restaurantes,18,1,0,0,0,5,5,0,7
MG,4293,CARVALHOPOLIS,3114709.0,3421.0,18,526.1619409529378,10,55.55555555555556,Microempresa,0,0.0,18,0,0,0,0,Padarias e confeitaria,18,2,0,0,0,3,3,6,4
RN,1679,GALINHOS,2404101.0,2159.0,18,833.7193144974525,11,61.111111111111114,Microempresa,0,0.0,18,0,0,0,0,Restaurantes,18,1,0,2,1,2,1,3,8
AL,2807,MONTEIROPOLIS,2705408.0,7345.0,18,245.0646698434309,4,22.22222222222222,Microempresa,0,0.0,18,0,0,0,0,Restaurantes,18,2,0,0,1,3,4,0,8
PI,1093,INHUMA,2204709.0,15286.0,18,117.75480832133978,10,55.55555555555556,Microempresa,0,0.0,18,0,0,0,0,Outros Food Service,18,4,0,0,1,4,5,1,3
RS,5771,BARAO DO TRIUNFO,4301750.0,5972.0,18,301.4065639651708,7,38.88888888888889,Microempresa,1,5.555555555555555,17,1,0,0,0,Padarias e confeitaria,18,2,0,0,1,2,0,8,5
GO,9291,CAMPESTRE DE GOIAS,5204607.0,3904.0,18,461.06557377049177,8,44.44444444444444,Microempresa,0,0.0,18,0,0,0,0,Lanchonetes,18,5,0,0,2,6,1,1,3
RN,1831,SAO BENTO DO NORTE,2411601.0,3457.0,18,520.6826728377205,6,33.33333333333333,Microempresa,0,0.0,18,0,0,0,0,Restaurantes,18,2,0,1,1,3,2,1,8
PE,2473,LAGOA DOS GATOS,2608701.0,14283.0,18,126.0239445494644,8,44.44444444444444,Microempresa,0,0.0,18,0,0,0,0,Lanchonetes,18,1,0,0,0,9,1,2,5
RN,1859,SENADOR ELOI DE SOUZA,2413102.0,6046.0,18,297.71749917300696,15,83.33333333333334,Microempresa,0,0.0,18,0,0,0,0,Alimentação preparada,18,5,0,0,2,4,2,1,4
RS,5933,MORMACO,4312427.0,2796.0,18,643.7768240343347,9,50.0,Microempresa,0,0.0,18,0,0,0,0,Restaurantes,18,0,0,0,0,3,4,1,10
CE,1501,PALHANO,2310001.0,9745.0,18,184.71010774756283,4,22.22222222222222,Microempresa,0,0.0,18,0,0,0,0,Restaurantes,18,0,4,0,0,2,3,0,9
RR,38,UIRAMUTA,1400704.0,16809.0,18,107.08548991611637,9,50.0,Microempresa,0,0.0,18,0,0,0,0,Restaurantes,18,1,0,0,0,6,1,0,10
RR,311,NORMANDIA,1400407.0,16908.0,18,106.45848119233499,9,50.0,Microempresa,0,0.0,18,0,0,0,0,Restaurantes,18,5,0,2,1,1,2,1,6
RO,979,VALE DO PARAISO,1101807.0,6740.0,18,267.06231454005933,7,38.88888888888889,Microempresa,0,0.0,18,0,0,0,0,Lanchonetes,18,2,2,0,1,6,3,0,4
RR,30,CAROEBE,1400233.0,12303.0,18,146.3057790782736,6,33.33333333333333,Microempresa,1,5.555555555555555,17,1,0,0,0,Lanchonetes,18,0,0,0,3,7,4,0,4
PE,2425,GRANITO,2606309.0,7227.0,18,249.06600249066003,11,61.111111111111114,Microempresa,0,0.0,18,0,0,0,0,Alimentação preparada,18,9,0,4,0,1,3,0,1
PB,1943,BOA VENTURA,2502102.0,5217.0,18,345.02587694077056,5,27.77777777777778,Microempresa,1,5.555555555555555,17,1,0,0,0,Lanchonetes,18,1,0,0,0,8,5,1,3
RS,6055,CORONEL BARROS,4305871.0,2896.0,18,621.5469613259668,9,50.0,Microempresa,0,0.0,18,0,0,0,0,Outros Food Service,18,4,0,0,0,4,5,3,2
PE,2463,JOAQUIM NABUCO,2608206.0,13334.0,18,134.99325033748312,12,66.66666666666666,Microempresa,1,5.555555555555555,17,1,0,0,0,Restaurantes,18,1,0,1,1,2,5,2,6
PI,388,SAO JOAO DO ARRAIAL,2209971.0,8535.0,18,210.896309314587,9,50.0,Microempresa,0,0.0,18,0,0,0,0,Lanchonetes,18,2,0,0,0,6,5,0,5
SP,828,VITORIA BRASIL,3556958.0,1830.0,18,983.6065573770493,7,38.88888888888889,Microempresa,0,0.0,18,0,0,0,0,Lanchonetes,18,2,0,0,0,11,3,0,2
GO,31,CALDAZINHA,5204557.0,4901.0,18,367.27198530912057,6,33.33333333333333,Microempresa,0,0.0,18,0,0,0,0,Lanchonetes,18,2,0,0,0,6,3,2,5
BA,3931,TEOLANDIA,2931608.0,15809.0,18,113.859194129926,8,44.44444444444444,Microempresa,0,0.0,18,0,0,0,0,Outros Food Service,18,1,0,0,0,3,7,2,5
MG,634,JOSE GONCALVES DE MINAS,3136520.0,3935.0,17,432.0203303684879,3,17.647058823529413,Microempresa,2,11.76470588235294,15,2,0,0,0,Outros Food Service,17,0,1,0,0,3,5,5,3
PI,2269,ALEGRETE DO PIAUI,2200277.0,4696.0,17,362.01022146507665,9,52.94117647058824,Microempresa,1,5.88235294117647,16,1,0,0,0,Lanchonetes,17,0,0,1,0,8,3,2,3
PI,2283,BRASILEIRA,2201960.0,8707.0,17,195.24520500746527,9,52.94117647058824,Microempresa,0,0.0,17,0,0,0,0,Restaurantes,17,1,0,1,2,1,0,3,9
TO,341,BOM JESUS DO TOCANTINS,1703305.0,4221.0,17,402.74816394219374,5,29.411764705882355,Microempresa,0,0.0,17,0,0,0,0,Lanchonetes,17,2,0,2,0,5,5,3,0
PI,2253,COLONIA DO PIAUI,2202778.0,7025.0,17,241.9928825622776,6,35.294117647058826,Microempresa,0,0.0,17,0,0,0,0,Lanchonetes,17,1,0,0,2,6,0,3,5
PI,1183,SANTA FILOMENA,2209203.0,6210.0,17,273.7520128824477,9,52.94117647058824,Microempresa,0,0.0,17,0,0,0,0,Restaurantes,17,3,0,0,0,4,3,2,5
MA,252,SENADOR LA ROCQUE,2111763.0,15052.0,17,112.94180175391973,11,64.70588235294117,Microempresa,3,17.647058823529413,14,1,2,0,0,Outros Food Service,17,0,0,4,1,3,5,1,3
AL,2791,MARAVILHA,2704609.0,9706.0,17,175.14939212858027,5,29.411764705882355,Microempresa,0,0.0,17,0,0,0,0,Outros Food Service,17,1,0,0,0,7,8,0,1
PI,1071,ELISEU MARTINS,2203602.0,4409.0,17,385.57496030845994,7,41.17647058823529,Microempresa,1,5.88235294117647,16,1,0,0,0,Lanchonetes,17,2,0,0,0,4,3,4,4
PA,511,PEIXE-BOI,1505601.0,8720.0,17,194.954128440367,6,35.294117647058826,Microempresa,3,17.647058823529413,14,3,0,0,0,Restaurantes,17,2,0,0,1,3,2,0,9
GO,9687,CAMPINACU,5204656.0,3761.0,17,452.007444828503,10,58.82352941176471,Microempresa,1,5.88235294117647,16,1,0,0,0,Restaurantes,17,1,0,0,1,4,2,1,8
MG,4871,MORRO DA GARCA,3143609.0,2414.0,17,704.2253521126761,9,52.94117647058824,Microempresa,0,0.0,17,0,0,0,0,Alimentação preparada,17,9,0,0,0,3,2,1,2
MG,4897,NOVA MODICA,3144904.0,3722.0,17,456.74368619022033,9,52.94117647058824,Microempresa,0,0.0,17,0,0,0,0,Outros Food Service,17,2,0,0,0,3,6,2,4
PI,1067,DOM EXPEDITO LOPES,2203404.0,6366.0,17,267.0436694941879,9,52.94117647058824,Microempresa,0,0.0,17,0,0,0,0,Restaurantes,17,1,0,0,0,4,4,0,8
PR,7841,SANTA CECILIA DO PAVAO,4123204.0,3340.0,17,508.9820359281437,8,47.05882352941176,Microempresa,0,0.0,17,0,0,0,0,Restaurantes,17,3,0,0,0,4,3,2,5
SC,8385,XAVANTINA,4219606.0,3462.0,17,491.0456383593298,8,47.05882352941176,Microempresa,0,0.0,17,0,0,0,0,Lanchonetes,17,0,0,0,0,9,1,4,3
BA,3539,IBIASSUCE,2912004.0,10739.0,17,158.3015178322004,3,17.647058823529413,Microempresa,0,0.0,17,0,0,0,0,Padarias e confeitaria,17,0,0,1,0,3,1,8,4
BA,3547,IBIPEBA,2912400.0,17139.0,17,99.18898418810899,9,52.94117647058824,Microempresa,0,0.0,17,0,0,0,0,Outros Food Service,17,2,0,1,0,3,5,2,4
RN,1699,JANDAIRA,2405108.0,6756.0,17,251.62818235642393,7,41.17647058823529,Microempresa,0,0.0,17,0,0,0,0,Lanchonetes,17,2,0,3,0,5,2,3,2
PB,510,SANTA CECILIA,2513158.0,8191.0,17,207.54486631668905,7,41.17647058823529,Microempresa,0,0.0,17,0,0,0,0,Padarias e confeitaria,17,2,0,0,0,4,0,6,5
SC,5737,IPUACU,4207684.0,8218.0,17,206.86298369432953,6,35.294117647058826,Microempresa,0,0.0,17,0,0,0,0,Lanchonetes,17,2,0,0,0,5,3,2,5
PE,2615,TUPANATINGA,2615805.0,30149.0,17,56.38661315466516,9,52.94117647058824,Microempresa,0,0.0,17,0,0,0,0,Lanchonetes,17,0,0,0,0,7,3,4,3
BA,3263,BOM JESUS DA SERRA,2903953.0,10010.0,17,169.83016983016984,8,47.05882352941176,Microempresa,0,0.0,17,0,0,0,0,Outros Food Service,17,5,0,1,0,3,6,0,2
RS,7395,IVORA,4310751.0,1962.0,17,866.4627930682976,6,35.294117647058826,Microempresa,0,0.0,17,0,0,0,0,Lanchonetes,17,3,0,0,0,4,3,3,4
GO,9671,ARENOPOLIS,5202353.0,2879.0,17,590.4828065300452,11,64.70588235294117,Microempresa,0,0.0,17,0,0,0,0,Restaurantes,17,0,0,0,0,7,1,1,8
SP,7049,SANTA RITA D'OESTE,3547403.0,2802.0,17,606.7094932191293,4,23.52941176470588,Microempresa,0,0.0,17,0,0,0,0,Lanchonetes,17,3,0,0,0,7,5,1,1
PI,268,ALVORADA DO GURGUEIA,2200459.0,5488.0,17,309.7667638483965,5,29.411764705882355,Microempresa,2,11.76470588235294,15,2,0,0,0,Lanchonetes,17,0,0,0,1,9,2,0,5
MG,744,URUANA DE MINAS,3170479.0,3369.0,17,504.60077174235676,11,64.70588235294117,Microempresa,0,0.0,17,0,0,0,0,Lanchonetes,17,0,0,2,0,6,3,2,4
BA,3361,BARRA DO ROCHA,2903102.0,5878.0,17,289.21401837359645,5,29.411764705882355,Microempresa,0,0.0,17,0,0,0,0,Alimentação preparada,17,5,0,2,0,1,4,0,5
MG,4103,BANDEIRA,3105202.0,4800.0,17,354.16666666666663,2,11.76470588235294,Microempresa,0,0.0,17,0,0,0,0,Lanchonetes,17,4,0,0,1,5,4,1,2
RS,8439,CERRO BRANCO,4305132.0,3859.0,17,440.5286343612335,6,35.294117647058826,Microempresa,0,0.0,17,0,0,0,0,Padarias e confeitaria,17,2,0,0,0,2,5,6,2
SP,6385,DOLCINOPOLIS,3514205.0,2257.0,17,753.2122286220647,10,58.82352941176471,Microempresa,0,0.0,17,0,0,0,0,Lanchonetes,17,6,0,0,0,7,3,1,0
SP,7081,SAO FRANCISCO,3549003.0,2617.0,17,649.5987772258311,5,29.411764705882355,Microempresa,0,0.0,17,0,0,0,0,Lanchonetes,17,5,0,1,0,7,2,0,2
BA,3097,HELIOPOLIS,2911857.0,13040.0,17,130.3680981595092,6,35.294117647058826,Microempresa,0,0.0,17,0,0,0,0,Outros Food Service,17,3,0,2,0,3,6,0,3
GO,9759,TERESINA DE GOIAS,5221080.0,2636.0,17,644.9165402124431,7,41.17647058823529,Microempresa,0,0.0,17,0,0,0,0,Restaurantes,17,0,0,0,0,6,2,0,9
MG,572,BONITO DE MINAS,3108255.0,10557.0,17,161.0305958132045,7,41.17647058823529,Microempresa,0,0.0,17,0,0,0,0,Lanchonetes,17,3,0,0,2,5,2,3,2
PR,7939,UNIFLOR,4128302.0,2086.0,17,814.9568552253116,10,58.82352941176471,Microempresa,0,0.0,17,0,0,0,0,Lanchonetes,17,1,0,0,0,8,5,2,1
PI,340,LAGOA DO PIAUI,2205581.0,5061.0,17,335.901995653033,10,58.82352941176471,Microempresa,0,0.0,17,0,0,0,0,Restaurantes,17,1,0,1,1,1,3,2,8
MG,698,ROSARIO DA LIMEIRA,3156452.0,4954.0,17,343.1570448122729,9,52.94117647058824,Microempresa,0,0.0,17,0,0,0,0,Lanchonetes,17,5,0,0,1,7,1,1,2
MG,756,VERMELHO NOVO,3171154.0,5062.0,17,335.83563808771237,9,52.94117647058824,Microempresa,0,0.0,17,0,0,0,0,Lanchonetes,17,1,0,0,0,8,5,2,1
PB,2049,JERICO,2507408.0,7734.0,17,219.80863718644946,7,41.17647058823529,Microempresa,0,0.0,17,0,0,0,0,Lanchonetes,17,0,0,2,0,6,2,4,3
RS,7315,SILVEIRA MARTINS,4320651.0,2056.0,17,826.8482490272373,5,29.411764705882355,Microempresa,1,5.88235294117647,16,1,0,0,0,Restaurantes,17,2,0,0,0,2,1,4,8
PB,486,MARIZOPOLIS,2509156.0,7041.0,17,241.4429768498793,5,29.411764705882355,Microempresa,0,0.0,17,0,0,0,0,Padarias e confeitaria,17,1,0,1,1,4,3,5,2
RS,7303,VISTA GAUCHA,4323705.0,2843.0,17,597.9599015124868,6,35.294117647058826,Microempresa,0,0.0,17,0,0,0,0,Outros Food Service,17,1,0,0,0,2,8,2,4
BA,3529,GONGOGI,2911501.0,5399.0,17,314.8731246527135,8,47.05882352941176,Microempresa,0,0.0,17,0,0,0,0,Outros Food Service,17,3,0,0,0,4,7,1,2
MG,4745,LAGOA DOS PATOS,3137304.0,3191.0,17,532.748354747728,5,29.411764705882355,Microempresa,0,0.0,17,0,0,0,0,Lanchonetes,17,0,0,0,0,8,2,2,5
BA,3519,FLORESTA AZUL,2911006.0,11466.0,17,148.2644339787197,1,5.88235294117647,Microempresa,0,0.0,17,0,0,0,0,Outros Food Service,17,2,0,0,0,2,9,3,1
BA,3967,WAGNER,2933406.0,9883.0,17,172.01254679753112,8,47.05882352941176,Microempresa,0,0.0,17,0,0,0,0,Restaurantes,17,3,0,0,3,1,3,3,4
TO,9683,FATIMA,1707553.0,3487.0,17,487.52509320332666,6,35.294117647058826,Microempresa,0,0.0,17,0,0,0,0,Lanchonetes,17,0,0,1,0,11,1,2,2
PR,5465,DIAMANTE DO SUL,4107124.0,3126.0,17,543.8259756877799,5,29.411764705882355,Microempresa,0,0.0,17,0,0,0,0,Lanchonetes,17,0,0,0,0,9,1,2,5
MG,5059,PRATINHA,3153004.0,3709.0,17,458.3445672688056,6,35.294117647058826,Microempresa,0,0.0,17,0,0,0,0,Lanchonetes,17,2,0,0,1,6,3,3,2
BA,3831,RIBEIRA DO AMPARO,2926509.0,14529.0,17,117.00736458118246,10,58.82352941176471,Microempresa,0,0.0,17,0,0,0,0,Lanchonetes,17,4,0,0,0,6,3,1,3
PR,5501,LARANJAL,4113254.0,5478.0,17,310.3322380430814,5,29.411764705882355,Microempresa,0,0.0,17,0,0,0,0,Lanchonetes,17,0,0,0,1,8,4,2,2
PR,5513,RANCHO ALEGRE D'OESTE,4121356.0,2609.0,17,651.5906477577615,5,29.411764705882355,Microempresa,0,0.0,17,0,0,0,0,Lanchonetes,17,4,0,0,1,9,2,0,1
PR,7551,FENIX,4107702.0,4469.0,17,380.398299395838,2,11.76470588235294,Microempresa,0,0.0,17,0,0,0,0,Lanchonetes,17,4,0,0,0,8,4,1,0
PR,7577,GUAPOREMA,4109104.0,2208.0,17,769.9275362318841,8,47.05882352941176,Microempresa,0,0.0,17,0,0,0,0,Lanchonetes,17,3,0,0,1,7,5,0,1
RS,1004,NOVA CANDELARIA,4313011.0,3138.0,17,541.7463352453792,3,17.647058823529413,Microempresa,0,0.0,17,0,0,0,0,Lanchonetes,17,0,0,0,0,7,0,3,7
SP,6651,LUCIANOPOLIS,3527504.0,2427.0,17,700.4532344458179,8,47.05882352941176,Microempresa,0,0.0,17,0,0,0,0,Lanchonetes,17,0,0,0,1,9,3,3,1
MA,871,PIO XII,2108702.0,22378.0,17,75.96746804897667,6,35.294117647058826,Microempresa,1,5.88235294117647,16,1,0,0,0,Outros Food Service,17,1,0,2,0,3,5,2,4
BA,3757,NOVA ITARANA,2922805.0,8085.0,17,210.26592455163882,10,58.82352941176471,Microempresa,0,0.0,17,0,0,0,0,Restaurantes,17,0,0,0,4,6,0,0,7
PB,2081,MANAIRA,2509008.0,10698.0,17,158.90820714152179,10,58.82352941176471,Microempresa,3,17.647058823529413,14,3,0,0,0,Restaurantes,17,1,0,0,1,2,2,5,6
PB,2025,FREI MARTINHO,2506202.0,2908.0,17,584.5942228335626,10,58.82352941176471,Microempresa,0,0.0,17,0,0,0,0,Lanchonetes,17,4,0,0,0,7,3,0,3
BA,3671,JUSSARA,2918506.0,17053.0,17,99.68920424558729,6,35.294117647058826,Microempresa,0,0.0,17,0,0,0,0,Restaurantes,17,0,0,1,0,5,3,2,6
PB,2103,NOVA FLORESTA,2510105.0,9799.0,17,173.48709051944076,8,47.05882352941176,Microempresa,1,5.88235294117647,16,1,0,0,0,Restaurantes,17,2,0,0,0,1,2,1,11
BA,3505,ELISIO MEDRADO,2910305.0,8071.0,17,210.63065295502415,5,29.411764705882355,Microempresa,0,0.0,17,0,0,0,0,Alimentação preparada,17,5,0,1,2,2,5,0,2
RN,1689,IELMO MARINHO,2404606.0,11877.0,17,143.13378799360106,8,47.05882352941176,Microempresa,0,0.0,17,0,0,0,0,Outros Food Service,17,3,2,0,2,2,4,1,3
RN,1703,BOA SAUDE,2405306.0,8848.0,17,192.13381555153705,11,64.70588235294117,Microempresa,0,0.0,17,0,0,0,0,Outros Food Service,17,1,0,0,2,2,5,3,4
RN,1605,AFONSO BEZERRA,2400307.0,11165.0,17,152.2615315718764,11,64.70588235294117,Microempresa,0,0.0,17,0,0,0,0,Outros Food Service,17,4,0,0,0,3,6,0,4
PE,2297,SANTA CRUZ,2612455.0,14362.0,17,118.36791533212646,7,41.17647058823529,Microempresa,0,0.0,17,0,0,0,0,Restaurantes,17,0,0,0,1,5,0,4,7
BA,3395,CAATIBA,2904803.0,6041.0,17,281.41036252276115,7,41.17647058823529,Microempresa,0,0.0,17,0,0,0,0,Lanchonetes,17,3,0,0,0,6,5,1,2
BA,3371,BIRITINGA,2903607.0,15599.0,17,108.98134495801013,4,23.52941176470588,Microempresa,1,5.88235294117647,16,0,1,0,0,Restaurantes,17,2,0,2,0,2,3,2,6
GO,9505,OURO VERDE DE GOIAS,5215405.0,4109.0,17,413.72596738865906,3,17.647058823529413,Microempresa,0,0.0,17,0,0,0,0,Lanchonetes,17,0,0,0,0,7,1,5,4
CE,1539,SABOEIRO,2311900.0,13854.0,17,122.708243106684,6,35.294117647058826,Microempresa,0,0.0,17,0,0,0,0,Lanchonetes,17,2,0,3,1,7,0,1,3
RN,1745,MARCELINO VIEIRA,2407302.0,8075.0,17,210.52631578947367,10,58.82352941176471,Microempresa,0,0.0,17,0,0,0,0,Outros Food Service,17,2,0,0,0,3,8,1,3
MG,4275,CARMESIA,3113800.0,2702.0,17,629.1635825314581,8,47.05882352941176,Microempresa,0,0.0,17,0,0,0,0,Restaurantes,17,4,0,2,0,4,2,0,5
RN,1665,ENCANTO,2403301.0,6323.0,17,268.85971848805946,8,47.05882352941176,Microempresa,0,0.0,17,0,0,0,0,Restaurantes,17,2,0,0,2,3,1,1,8
MG,4599,IBITURUNA,3130002.0,2726.0,17,623.6243580337491,7,41.17647058823529,Microempresa,0,0.0,17,0,0,0,0,Restaurantes,17,1,0,0,1,5,0,3,7
RS,6063,SAO PEDRO DO BUTIA,4319372.0,3142.0,17,541.0566518141311,4,23.52941176470588,Microempresa,0,0.0,17,0,0,0,0,Lanchonetes,17,3,1,0,0,4,3,2,4
RS,6061,SALVADOR DAS MISSOES,4316477.0,2955.0,17,575.2961082910322,4,23.52941176470588,Microempresa,0,0.0,17,0,0,0,0,Padarias e confeitaria,17,5,0,0,0,5,0,6,1
GO,59,UIRAPURU,5221577.0,2786.0,17,610.1938262742283,10,58.82352941176471,Microempresa,0,0.0,17,0,0,0,0,Lanchonetes,17,4,0,0,0,6,2,3,2
BA,3673,JUSSIAPE,2918605.0,7550.0,17,225.16556291390728,8,47.05882352941176,Microempresa,0,0.0,17,0,0,0,0,Lanchonetes,17,1,0,0,0,6,4,2,4
RS,8449,BROCHIER,4302659.0,5083.0,16,314.77473932716896,5,31.25,Microempresa,0,0.0,16,0,0,0,0,Lanchonetes,16,0,0,0,0,5,5,2,4
PI,1079,FRANCINOPOLIS,2204006.0,4448.0,16,359.71223021582733,5,31.25,Microempresa,0,0.0,16,0,0,0,0,Lanchonetes,16,0,0,0,1,6,2,1,6
PI,1021,AVELINO LOPES,2201101.0,11129.0,16,143.7685326624135,8,50.0,Microempresa,0,0.0,16,0,0,0,0,Alimentação preparada,16,5,0,0,1,5,2,2,1
MG,5399,UBAI,3170008.0,11993.0,16,133.41115650796297,9,56.25,Microempresa,0,0.0,16,0,0,0,0,Restaurantes,16,2,0,0,0,5,2,1,6
SC,9961,LINDOIA DO SUL,4209854.0,4597.0,16,348.0530780944094,7,43.75,Microempresa,1,6.25,15,1,0,0,0,Lanchonetes,16,0,0,0,0,7,2,6,1
SC,9977,VITOR MEIRELES,4219358.0,5524.0,16,289.6451846488052,9,56.25,Microempresa,3,18.75,13,3,0,0,0,Alimentação preparada,16,5,0,0,0,5,3,0,3
AM,245,JAPURA,1302108.0,9527.0,16,167.9437388474861,9,56.25,Microempresa,2,12.5,14,2,0,0,0,Lanchonetes,16,1,0,0,0,6,5,3,1
MG,658,NATALANDIA,3144375.0,3656.0,16,437.636761487965,10,62.5,Microempresa,0,0.0,16,0,0,0,0,Lanchonetes,16,1,0,0,1,10,4,0,0
RS,8807,PUTINGA,4315206.0,3809.0,16,420.057757941717,6,37.5,Microempresa,0,0.0,16,0,0,0,0,Restaurantes,16,1,0,0,0,3,2,4,6
SC,912,ENTRE RIOS,4205175.0,3596.0,16,444.9388209121246,11,68.75,Microempresa,0,0.0,16,0,0,0,0,Lanchonetes,16,0,1,0,0,7,1,2,5
PI,1213,SIMOES,2210706.0,14677.0,16,109.01410369966614,12,75.0,Microempresa,0,0.0,16,0,0,0,0,Restaurantes,16,0,0,0,0,5,4,1,6
MG,668,NOVORIZONTE,3145372.0,4594.0,16,348.280365694384,5,31.25,Microempresa,0,0.0,16,0,0,0,0,Lanchonetes,16,3,0,0,0,6,2,4,1
MG,606,DOM BOSCO,3122470.0,3759.0,16,425.64511838254856,7,43.75,Microempresa,0,0.0,16,0,0,0,0,Lanchonetes,16,0,0,0,1,6,4,2,3
TO,363,SAO FELIX DO TOCANTINS,1720150.0,1919.0,16,833.7675872850442,7,43.75,Microempresa,3,18.75,13,3,0,0,0,Restaurantes,16,0,0,0,0,5,1,1,9
PI,1297,BURITI DOS MONTES,2202026.0,7498.0,16,213.3902373966391,2,12.5,Microempresa,0,0.0,16,0,0,0,0,Restaurantes,16,0,0,0,0,5,2,1,8
MS,9817,TAQUARUSSU,5007976.0,3748.0,16,426.8943436499467,6,37.5,Microempresa,0,0.0,16,0,0,0,0,Lanchonetes,16,0,0,0,1,7,4,2,2
RS,8695,HUMAITA,4309704.0,4772.0,16,335.28918692372173,7,43.75,Microempresa,1,6.25,15,1,0,0,0,Restaurantes,16,3,0,0,0,3,1,3,6
TO,197,SAO BENTO DO TOCANTINS,1720101.0,6070.0,16,263.59143327841844,9,56.25,Microempresa,0,0.0,16,0,0,0,0,Restaurantes,16,2,0,1,0,3,1,0,9
PI,1133,NAZARE DO PIAUI,2206704.0,6668.0,16,239.95200959808037,8,50.0,Microempresa,0,0.0,16,0,0,0,0,Restaurantes,16,1,0,1,0,5,1,2,6
MA,188,LAJEADO NOVO,2105989.0,7236.0,16,221.1166390270868,5,31.25,Microempresa,1,6.25,15,0,1,0,0,Lanchonetes,16,0,0,1,0,6,5,1,3
TO,100,TALISMA,1720978.0,2501.0,16,639.7441023590563,7,43.75,Microempresa,0,0.0,16,0,0,0,0,Restaurantes,16,2,0,0,0,3,3,1,7
SC,932,PALMEIRA,4212056.0,2675.0,16,598.1308411214953,7,43.75,Microempresa,2,12.5,14,0,2,0,0,Restaurantes,16,0,1,2,0,3,1,3,6
RS,8709,INDEPENDENCIA,4310405.0,6557.0,16,244.01403080677142,5,31.25,Microempresa,0,0.0,16,0,0,0,0,Lanchonetes,16,3,0,0,0,8,3,1,1
RS,8563,CACIQUE DOBLE,4303202.0,4692.0,16,341.00596760443307,5,31.25,Microempresa,0,0.0,16,0,0,0,0,Lanchonetes,16,3,0,0,0,5,3,4,1
GO,81,CASTELANDIA,5205059.0,2823.0,16,566.7729365922777,10,62.5,Microempresa,0,0.0,16,0,0,0,0,Lanchonetes,16,1,0,0,0,6,3,1,5
GO,9335,DAMIANOPOLIS,5206701.0,3950.0,16,405.0632911392405,7,43.75,Microempresa,0,0.0,16,0,0,0,0,Lanchonetes,16,2,0,0,0,7,2,1,4
GO,9283,CACHOEIRA DE GOIAS,5204201.0,1415.0,16,1130.7420494699645,9,56.25,Microempresa,0,0.0,16,0,0,0,0,Outros Food Service,16,3,0,0,0,1,8,1,3
PB,2173,SANTANA DOS GARROTES,2513604.0,6580.0,16,243.16109422492403,9,56.25,Microempresa,0,0.0,16,0,0,0,0,Lanchonetes,16,1,0,0,0,9,2,0,4
SP,6907,PONTES GESTAL,3540309.0,2407.0,16,664.7278770253428,7,43.75,Microempresa,0,0.0,16,0,0,0,0,Lanchonetes,16,0,0,0,1,9,2,0,4
PB,2181,SAO JOAO DO CARIRI,2514008.0,4348.0,16,367.98528058877645,9,56.25,Microempresa,0,0.0,16,0,0,0,0,Restaurantes,16,2,0,2,0,3,2,0,7
BA,3421,CANAPOLIS,2906105.0,10668.0,16,149.98125234345707,6,37.5,Microempresa,0,0.0,16,0,0,0,0,Lanchonetes,16,1,0,1,0,6,3,2,3
BA,3451,CENTRAL,2907608.0,16844.0,16,94.9893137022085,10,62.5,Microempresa,0,0.0,16,0,0,0,0,Lanchonetes,16,1,1,2,0,6,1,1,4
GO,9337,DAMOLANDIA,5206800.0,2752.0,16,581.3953488372093,7,43.75,Microempresa,0,0.0,16,0,0,0,0,Outros Food Service,16,2,0,0,0,3,8,1,2
PB,2209,SAO VICENTE DO SERIDO,2515401.0,10683.0,16,149.7706636712534,9,56.25,Microempresa,1,6.25,15,0,1,0,0,Restaurantes,16,3,0,0,1,3,4,0,5
GO,9501,NOVO BRASIL,5215207.0,3566.0,16,448.681996634885,8,50.0,Microempresa,0,0.0,16,0,0,0,0,Restaurantes,16,4,0,0,0,4,3,0,5
BA,3301,ABAIRA,2900108.0,7366.0,16,217.21422753190333,3,18.75,Microempresa,0,0.0,16,0,0,0,0,Lanchonetes,16,2,0,0,0,6,1,3,4
BA,3269,CAETANOS,2905156.0,11370.0,16,140.7211961301671,8,50.0,Microempresa,0,0.0,16,0,0,0,0,Lanchonetes,16,2,0,0,0,6,2,2,4
PE,2353,BUENOS AIRES,2602704.0,13958.0,16,114.62960309499928,6,37.5,Microempresa,0,0.0,16,0,0,0,0,Restaurantes,16,2,0,1,0,3,2,3,5
PB,454,BARRA DE SANTANA,2501575.0,8241.0,16,194.15119524329572,9,56.25,Microempresa,0,0.0,16,0,0,0,0,Restaurantes,16,0,0,1,1,3,2,0,9
GO,9761,TROMBAS,5221452.0,3054.0,16,523.9030779305829,11,68.75,Microempresa,0,0.0,16,0,0,0,0,Lanchonetes,16,1,0,1,0,9,3,0,2
SC,5557,BRACO DO TROMBUDO,4202859.0,4308.0,16,371.4020427112349,8,50.0,Microempresa,0,0.0,16,0,0,0,0,Lanchonetes,16,3,0,0,0,5,3,2,3
PA,549,SAO JOAO DO ARAGUAIA,1507508.0,14338.0,16,111.59157483609987,6,37.5,Microempresa,1,6.25,15,1,0,0,0,Lanchonetes,16,2,1,0,0,4,3,3,3
PB,464,CAPIM,2504033.0,7539.0,16,212.22973869213422,13,81.25,Microempresa,1,6.25,15,0,1,0,0,Restaurantes,16,1,0,0,0,2,3,2,8
MT,9881,FIGUEIROPOLIS D'OESTE,5103809.0,3000.0,16,533.3333333333334,10,62.5,Microempresa,0,0.0,16,0,0,0,0,Outros Food Service,16,4,0,0,2,4,5,0,1
MA,104,AGUA DOCE DO MARANHAO,2100154.0,12474.0,16,128.2667949334616,3,18.75,Microempresa,0,0.0,16,0,0,0,0,Restaurantes,16,0,0,0,0,3,4,2,7
PR,9947,GODOY MOREIRA,4108551.0,2889.0,16,553.8248528902735,7,43.75,Microempresa,0,0.0,16,0,0,0,0,Lanchonetes,16,2,0,0,1,8,1,1,3
AM,299,CAAPIRANGA,1300839.0,14980.0,16,106.8090787716956,13,81.25,Microempresa,5,31.25,11,4,1,0,0,Outros Food Service,16,1,0,3,0,3,5,1,3
MG,740,TOCOS DO MOJI,3169059.0,3890.0,16,411.3110539845758,5,31.25,Microempresa,0,0.0,16,0,0,0,0,Lanchonetes,16,1,0,0,0,5,5,1,4
GO,9515,PALMINOPOLIS,5215900.0,3978.0,16,402.2121669180492,9,56.25,Microempresa,0,0.0,16,0,0,0,0,Outros Food Service,16,4,0,0,0,4,5,1,2
MG,4429,DESTERRO DO MELO,3121506.0,3061.0,16,522.7049983665469,5,31.25,Microempresa,0,0.0,16,0,0,0,0,Lanchonetes,16,5,0,0,1,6,1,0,3
MG,4233,CANAA,3111705.0,4847.0,16,330.1010934598721,12,75.0,Microempresa,0,0.0,16,0,0,0,0,Outros Food Service,16,1,1,0,0,3,6,2,3
RN,1721,MESSIAS TARGINO,2407609.0,4417.0,16,362.2368123160516,13,81.25,Microempresa,0,0.0,16,0,0,0,0,Lanchonetes,16,1,0,0,0,7,6,0,2
RN,1769,OURO BRANCO,2408508.0,5095.0,16,314.0333660451423,9,56.25,Microempresa,0,0.0,16,0,0,0,0,Lanchonetes,16,3,0,0,1,7,3,2,0
RN,1737,LUCRECIA,2406908.0,3573.0,16,447.80296669465434,7,43.75,Microempresa,1,6.25,15,1,0,0,0,Lanchonetes,16,5,0,1,0,6,1,1,2
MG,4215,CAMPANARIO,3110806.0,2852.0,16,561.0098176718093,10,62.5,Microempresa,0,0.0,16,0,0,0,0,Lanchonetes,16,1,0,0,0,9,4,0,2
PB,1979,CAMALAU,2503902.0,6354.0,16,251.80988353792887,3,18.75,Microempresa,0,0.0,16,0,0,0,0,Lanchonetes,16,1,0,0,1,7,2,0,5
RO,37,CABIXI,1100031.0,5640.0,16,283.68794326241135,7,43.75,Microempresa,0,0.0,16,0,0,0,0,Lanchonetes,16,0,0,0,2,5,1,5,3
SC,8109,GALVAO,4205605.0,3137.0,16,510.04144086707043,2,12.5,Microempresa,0,0.0,16,0,0,0,0,Lanchonetes,16,0,0,1,0,6,3,1,5
MG,4339,COMERCINHO,3117009.0,6458.0,16,247.75472282440384,10,62.5,Microempresa,0,0.0,16,0,0,0,0,Outros Food Service,16,1,0,0,0,4,8,0,3
RN,1817,RODOLFO FERNANDES,2411007.0,4342.0,16,368.49378166743435,10,62.5,Microempresa,0,0.0,16,0,0,0,0,Lanchonetes,16,6,0,0,0,7,0,1,2
CE,1415,IPAUMIRIM,2305704.0,12476.0,16,128.24623276691247,11,68.75,Microempresa,0,0.0,16,0,0,0,0,Lanchonetes,16,4,1,0,0,6,1,2,2
RN,1793,PEDRO AVELINO,2409704.0,6281.0,16,254.7365069256488,10,62.5,Microempresa,0,0.0,16,0,0,0,0,Restaurantes,16,2,0,0,0,1,5,2,6
BA,3705,MALHADA,2920205.0,15796.0,16,101.29146619397315,6,37.5,Microempresa,0,0.0,16,0,0,0,0,Restaurantes,16,1,0,0,0,3,1,4,7
RS,1028,VESPASIANO CORREA,4322855.0,1851.0,16,864.397622906537,6,37.5,Microempresa,1,6.25,15,1,0,0,0,Restaurantes,16,2,0,1,0,4,1,3,5
RS,976,DOM PEDRO DE ALCANTARA,4306551.0,2617.0,16,611.3870844478411,8,50.0,Microempresa,1,6.25,15,1,0,0,0,Lanchonetes,16,2,0,1,0,7,3,1,2
RS,5981,BOA VISTA DAS MISSOES,4302154.0,1968.0,16,813.0081300813009,2,12.5,Microempresa,0,0.0,16,0,0,0,0,Restaurantes,16,0,0,0,0,3,3,2,8
BA,3795,PIRIPA,2924702.0,9042.0,16,176.95200176952002,4,25.0,Microempresa,1,6.25,15,1,0,0,0,Outros Food Service,16,2,0,0,1,2,5,1,5
CE,993,CHORO,2303931.0,12325.0,16,129.81744421906694,7,43.75,Microempresa,0,0.0,16,0,0,0,0,Lanchonetes,16,0,0,0,0,6,5,1,4
BA,3979,NORDESTINA,2922656.0,19903.0,16,80.38989097121036,8,50.0,Microempresa,0,0.0,16,0,0,0,0,Restaurantes,16,1,0,0,0,3,4,3,5
RS,960,BOA VISTA DO SUL,4302253.0,2815.0,16,568.3836589698046,5,31.25,Microempresa,0,0.0,16,0,0,0,0,Outros Food Service,16,0,0,2,0,2,4,4,4
RR,315,SAO LUIZ,1400605.0,7920.0,16,202.02020202020202,14,87.5,Microempresa,0,0.0,16,0,0,0,0,Lanchonetes,16,3,0,0,1,5,3,2,2
SE,3175,MALHADA DOS BOIS,2803807.0,3681.0,16,434.6644933441999,7,43.75,Microempresa,1,6.25,15,0,1,0,0,Restaurantes,16,1,0,2,0,3,1,2,7
MG,636,JOSE RAYDAN,3136553.0,4345.0,16,368.2393555811277,6,37.5,Microempresa,0,0.0,16,0,0,0,0,Alimentação preparada,16,5,0,0,0,4,3,0,4
MG,4515,FERNANDES TOURINHO,3125804.0,2803.0,16,570.8169818052087,8,50.0,Microempresa,0,0.0,16,0,0,0,0,Lanchonetes,16,4,0,1,0,5,2,2,2
RO,12,PARECIS,1101450.0,4356.0,16,367.30945821854914,11,68.75,Microempresa,0,0.0,16,0,0,0,0,Restaurantes,16,1,0,0,1,5,2,0,7
PB,2053,JUAREZ TAVORA,2507606.0,8117.0,16,197.11716151287422,7,43.75,Microempresa,0,0.0,16,0,0,0,0,Lanchonetes,16,2,0,1,0,7,0,4,2
BA,3785,PEDRO ALEXANDRE,2924207.0,14169.0,16,112.92257745783047,11,68.75,Microempresa,0,0.0,16,0,0,0,0,Outros Food Service,16,1,0,2,2,0,4,3,4
RN,1861,SENADOR GEORGINO AVELINO,2413201.0,4210.0,16,380.0475059382423,4,25.0,Microempresa,0,0.0,16,0,0,0,0,Outros Food Service,16,3,0,0,0,3,5,0,5
PR,5517,NOVO ITACOLOMI,4117297.0,3246.0,16,492.9143561306223,6,37.5,Microempresa,1,6.25,15,1,0,0,0,Lanchonetes,16,4,0,0,0,6,4,1,1
PR,852,ESPIGAO ALTO DO IGUACU,4107546.0,4888.0,16,327.33224222585926,5,31.25,Microempresa,0,0.0,16,0,0,0,0,Lanchonetes,16,4,0,0,0,5,0,3,4
PR,840,CAMPINA DO SIMAO,4103958.0,3945.0,16,405.57667934093786,5,31.25,Microempresa,0,0.0,16,0,0,0,0,Alimentação preparada,16,5,0,0,1,5,1,0,4
SE,3177,MALHADOR,2803906.0,11697.0,16,136.787210395828,9,56.25,Microempresa,0,0.0,16,0,0,0,0,Lanchonetes,16,3,0,1,0,5,2,1,4
SE,3201,PEDRINHAS,2805109.0,7298.0,16,219.23814743765416,8,50.0,Microempresa,1,6.25,15,0,1,0,0,Lanchonetes,16,3,0,1,0,6,2,1,3
MG,4907,OLARIA,3145406.0,1985.0,16,806.0453400503778,5,31.25,Microempresa,1,6.25,15,1,0,0,0,Lanchonetes,16,1,0,1,1,6,2,0,5
RS,8977,COTIPORA,4305959.0,3926.0,16,407.5394803871625,6,37.5,Microempresa,0,0.0,16,0,0,0,0,Lanchonetes,16,3,0,0,0,4,2,3,4
SP,6223,BENTO DE ABREU,3506201.0,2638.0,16,606.5200909780136,5,31.25,Microempresa,3,18.75,13,1,2,0,0,Restaurantes,16,2,0,3,0,3,1,3,4
TO,9699,GOIANORTE,1708304.0,4824.0,16,331.6749585406302,10,62.5,Microempresa,0,0.0,16,0,0,0,0,Restaurantes,16,0,1,0,2,5,1,0,7
MG,4999,PESCADOR,3150000.0,3532.0,15,424.68856172140426,5,33.33333333333333,Microempresa,0,0.0,15,0,0,0,0,Lanchonetes,15,2,0,0,0,10,1,0,2
MA,262,TURILANDIA,2112456.0,33383.0,15,44.93304975586376,8,53.333333333333336,Microempresa,1,6.666666666666667,14,0,1,0,0,Outros Food Service,15,3,0,1,1,1,5,0,4
MG,4923,OURO VERDE DE MINAS,3146206.0,5837.0,15,256.9813260236423,4,26.666666666666668,Microempresa,0,0.0,15,0,0,0,0,Outros Food Service,15,2,0,0,0,1,5,2,5
RS,8965,VICENTE DUTRA,4323101.0,4741.0,15,316.3889474794347,3,20.0,Microempresa,0,0.0,15,0,0,0,0,Lanchonetes,15,0,0,1,0,7,4,0,3
PR,5463,ANAHY,4101051.0,2973.0,15,504.54086781029264,2,13.333333333333334,Microempresa,0,0.0,15,0,0,0,0,Restaurantes,15,0,0,0,0,5,4,0,6
PR,848,CRUZMALTINA,4106852.0,2854.0,15,525.5781359495445,5,33.33333333333333,Microempresa,0,0.0,15,0,0,0,0,Lanchonetes,15,1,0,1,0,7,1,1,4
MA,264,VILA NOVA DOS MARTIRIOS,2112852.0,10549.0,15,142.19357285050717,9,60.0,Microempresa,0,0.0,15,0,0,0,0,Restaurantes,15,0,0,0,0,4,3,0,8
PB,1947,BOM SUCESSO,2502300.0,4701.0,15,319.08104658583284,6,40.0,Microempresa,0,0.0,15,0,0,0,0,Outros Food Service,15,0,0,0,1,4,5,0,5
RN,1879,TENENTE ANANIAS,2414100.0,10632.0,15,141.08352144469526,9,60.0,Microempresa,1,6.666666666666667,14,1,0,0,0,Outros Food Service,15,1,0,0,2,2,7,2,1
RN,1871,SITIO NOVO,2413706.0,4736.0,15,316.72297297297297,5,33.33333333333333,Microempresa,0,0.0,15,0,0,0,0,Lanchonetes,15,3,1,0,1,6,4,0,0
RN,1869,SEVERIANO MELO,2413607.0,5610.0,15,267.379679144385,4,26.666666666666668,Microempresa,0,0.0,15,0,0,0,0,Restaurantes,15,2,0,1,0,2,0,2,8
MG,4461,DORES DE GUANHAES,3123106.0,5107.0,15,293.7145094967691,8,53.333333333333336,Microempresa,0,0.0,15,0,0,0,0,Padarias e confeitaria,15,1,0,1,0,3,3,4,3
RS,1008,NOVO CABRAIS,4313391.0,3633.0,15,412.88191577208914,5,33.33333333333333,Microempresa,0,0.0,15,0,0,0,0,Outros Food Service,15,2,0,0,0,3,5,1,4
RO,18,SAO FELIPE D'OESTE,1101484.0,5571.0,15,269.25148088314484,9,60.0,Microempresa,3,20.0,12,3,0,0,0,Alimentação preparada,15,7,0,0,0,3,0,0,5
RS,5941,SANTO ANTONIO DO PALMA,4317558.0,2134.0,15,702.9053420805998,4,26.666666666666668,Microempresa,2,13.333333333333334,13,0,2,0,0,Lanchonetes,15,4,0,0,0,5,0,3,3
MG,4173,BRAS PIRES,3108701.0,4278.0,15,350.63113604488075,4,26.666666666666668,Microempresa,0,0.0,15,0,0,0,0,Lanchonetes,15,2,0,0,0,6,1,4,2
CE,1445,JATI,2307205.0,8127.0,15,184.56995201181246,12,80.0,Microempresa,0,0.0,15,0,0,0,0,Outros Food Service,15,1,2,0,1,3,5,1,2
MG,4491,ESTRELA DALVA,3124609.0,2176.0,15,689.3382352941177,5,33.33333333333333,Microempresa,0,0.0,15,0,0,0,0,Lanchonetes,15,0,0,0,0,8,1,3,3
CE,1459,MARTINOPOLE,2307908.0,11326.0,15,132.43863676496557,7,46.666666666666664,Microempresa,0,0.0,15,0,0,0,0,Outros Food Service,15,1,0,0,0,2,5,5,2
SC,8181,LACERDOPOLIS,4209201.0,2307.0,15,650.1950585175553,8,53.333333333333336,Microempresa,0,0.0,15,0,0,0,0,Lanchonetes,15,2,0,0,0,9,2,1,1
MG,4261,CARANAIBA,3113107.0,2925.0,15,512.8205128205128,7,46.666666666666664,Microempresa,0,0.0,15,0,0,0,0,Lanchonetes,15,1,0,0,0,8,2,3,1
RN,1783,PASSAGEM,2409209.0,3244.0,15,462.3921085080148,13,86.66666666666667,Microempresa,0,0.0,15,0,0,0,0,Alimentação preparada,15,7,0,1,0,2,2,2,1
RN,1789,PEDRA GRANDE,2409506.0,3743.0,15,400.7480630510286,11,73.33333333333333,Microempresa,0,0.0,15,0,0,0,0,Restaurantes,15,0,0,1,0,2,5,0,7
RN,1809,RAFAEL FERNANDES,2410504.0,5714.0,15,262.5131256562828,5,33.33333333333333,Microempresa,0,0.0,15,0,0,0,0,Restaurantes,15,4,0,0,1,2,2,0,6
BA,3733,MORPARA,2921609.0,8209.0,15,182.72627603849435,4,26.666666666666668,Microempresa,0,0.0,15,0,0,0,0,Alimentação preparada,15,4,0,0,2,2,3,1,3
BA,3679,LAJEDAO,2918902.0,4002.0,15,374.8125937031484,9,60.0,Microempresa,1,6.666666666666667,14,1,0,0,0,Lanchonetes,15,1,1,1,0,5,3,4,0
MG,4307,CATAS ALTAS DA NORUEGA,3115409.0,3107.0,15,482.780817508851,8,53.333333333333336,Microempresa,0,0.0,15,0,0,0,0,Restaurantes,15,0,0,2,0,5,0,2,6
RO,16,PRIMAVERA DE RONDONIA,1101476.0,3259.0,15,460.26388462718626,7,46.666666666666664,Microempresa,0,0.0,15,0,0,0,0,Padarias e confeitaria,15,4,0,0,0,2,1,5,3
GO,1072,GAMELEIRA DE GOIAS,5208152.0,3584.0,15,418.5267857142857,6,40.0,Microempresa,0,0.0,15,0,0,0,0,Restaurantes,15,0,0,0,2,4,3,1,5
RS,1000,MONTE ALEGRE DOS CAMPOS,4312377.0,3251.0,15,461.3964933866502,6,40.0,Microempresa,0,0.0,15,0,0,0,0,Lanchonetes,15,1,0,1,2,5,3,1,2
RS,5975,PINHEIRINHO DO VALE,4314498.0,4638.0,15,323.41526520051747,7,46.666666666666664,Microempresa,0,0.0,15,0,0,0,0,Lanchonetes,15,2,0,0,0,6,2,0,5
PE,2621,VERDEJANTE,2616100.0,9492.0,15,158.02781289506953,10,66.66666666666666,Microempresa,0,0.0,15,0,0,0,0,Restaurantes,15,1,0,1,0,1,3,1,8
PE,2637,QUIXABA,2611533.0,6751.0,15,222.18930528810546,7,46.666666666666664,Microempresa,0,0.0,15,0,0,0,0,Restaurantes,15,3,0,1,0,3,3,1,4
BA,3317,ALMADINA,2900900.0,5267.0,15,284.79210176571104,7,46.666666666666664,Microempresa,0,0.0,15,0,0,0,0,Alimentação preparada,15,6,0,0,2,0,5,0,2
SC,5559,MIRIM DOCE,4210852.0,2546.0,15,589.159465828751,7,46.666666666666664,Microempresa,0,0.0,15,0,0,0,0,Lanchonetes,15,0,0,1,0,5,1,3,5
PB,440,ALCANTIL,2500536.0,5833.0,15,257.1575518601063,5,33.33333333333333,Microempresa,0,0.0,15,0,0,0,0,Restaurantes,15,1,0,0,1,2,2,1,8
MG,738,TAPARUBA,3168051.0,3523.0,15,425.77348850411585,10,66.66666666666666,Microempresa,0,0.0,15,0,0,0,0,Restaurantes,15,0,0,0,0,2,6,0,7
RS,8409,FAXINALZINHO,4308052.0,2572.0,15,583.2037325038881,4,26.666666666666668,Microempresa,0,0.0,15,0,0,0,0,Outros Food Service,15,1,0,0,0,3,4,3,4
AP,617,TARTARUGALZINHO,1600709.0,13846.0,15,108.33453705041167,9,60.0,Microempresa,1,6.666666666666667,14,1,0,0,0,Outros Food Service,15,0,0,0,0,3,7,0,5
BA,3015,NOVO TRIUNFO,2923050.0,10935.0,15,137.1742112482853,3,20.0,Microempresa,0,0.0,15,0,0,0,0,Lanchonetes,15,0,0,0,2,5,0,3,5
BA,3051,VEREDA,2933257.0,6076.0,15,246.87294272547732,4,26.666666666666668,Microempresa,0,0.0,15,0,0,0,0,Outros Food Service,15,0,0,0,0,2,8,2,3
SP,818,RIBEIRAO DOS INDIOS,3543238.0,2035.0,15,737.1007371007371,5,33.33333333333333,Microempresa,0,0.0,15,0,0,0,0,Outros Food Service,15,1,0,0,0,3,6,5,0
BA,3277,IGRAPIUNA,2913457.0,13477.0,15,111.30073458484826,4,26.666666666666668,Microempresa,0,0.0,15,0,0,0,0,Restaurantes,15,2,0,0,1,2,1,1,8
SC,8299,ROMELANDIA,4215208.0,4613.0,15,325.1680034684587,3,20.0,Microempresa,0,0.0,15,0,0,0,0,Lanchonetes,15,0,0,0,2,5,4,2,2
PE,2393,CORRENTES,2604700.0,17679.0,15,84.84642796538266,8,53.333333333333336,Microempresa,0,0.0,15,0,0,0,0,Lanchonetes,15,3,0,0,1,5,4,0,2
PB,2229,TACIMA,2516409.0,7662.0,15,195.7713390759593,9,60.0,Microempresa,1,6.666666666666667,14,0,1,0,0,Lanchonetes,15,0,0,0,0,7,2,1,5
PE,2319,ANGELIM,2601003.0,10600.0,15,141.50943396226415,5,33.33333333333333,Microempresa,0,0.0,15,0,0,0,0,Outros Food Service,15,2,0,0,0,4,5,2,2
PE,2385,CEDRO,2604304.0,10842.0,15,138.3508577753182,9,60.0,Microempresa,0,0.0,15,0,0,0,0,Restaurantes,15,0,0,0,1,2,5,0,7
RS,7331,TRES ARROIOS,4321634.0,2636.0,15,569.0440060698027,4,26.666666666666668,Microempresa,0,0.0,15,0,0,0,0,Restaurantes,15,0,0,0,0,4,2,3,6
GO,9535,PILAR DE GOIAS,5216908.0,2221.0,15,675.3714542998649,4,26.666666666666668,Microempresa,0,0.0,15,0,0,0,0,Restaurantes,15,0,0,1,0,5,2,1,6
SC,5569,PONTE ALTA DO NORTE,4213351.0,3234.0,15,463.821892393321,6,40.0,Microempresa,0,0.0,15,0,0,0,0,Restaurantes,15,1,0,0,0,4,4,1,5
SP,2941,SAO JOAO DE IRACEMA,3549250.0,1884.0,15,796.1783439490446,6,40.0,Microempresa,0,0.0,15,0,0,0,0,Lanchonetes,15,3,0,0,0,8,2,0,2
MG,4615,INGAI,3130804.0,2630.0,15,570.342205323194,6,40.0,Microempresa,0,0.0,15,0,0,0,0,Alimentação preparada,15,5,0,0,0,3,3,3,1
PB,2177,SANTA TERESINHA,2513802.0,4485.0,15,334.44816053511704,4,26.666666666666668,Microempresa,0,0.0,15,0,0,0,0,Restaurantes,15,0,0,1,0,3,2,2,7
SP,6937,QUEIROZ,3541802.0,3380.0,15,443.7869822485207,8,53.333333333333336,Microempresa,0,0.0,15,0,0,0,0,Restaurantes,15,2,0,0,0,4,3,1,5
GO,9261,BALIZA,5203104.0,3279.0,15,457.4565416285453,6,40.0,Microempresa,0,0.0,15,0,0,0,0,Outros Food Service,15,3,0,0,0,1,9,0,2
RS,6045,ALTO FELIZ,4300570.0,3145.0,15,476.94753577106513,10,66.66666666666666,Microempresa,0,0.0,15,0,0,0,0,Restaurantes,15,2,0,1,0,3,2,3,4
RS,6043,SAO PEDRO DA SERRA,4319356.0,3618.0,15,414.5936981757877,8,53.333333333333336,Microempresa,0,0.0,15,0,0,0,0,Restaurantes,15,1,0,0,0,3,3,3,5
RS,7347,SAO JORGE,4318440.0,2976.0,15,504.0322580645161,7,46.666666666666664,Microempresa,0,0.0,15,0,0,0,0,Restaurantes,15,1,0,0,0,6,0,1,7
RS,5789,QUEVEDOS,4315321.0,2553.0,15,587.5440658049354,12,80.0,Microempresa,0,0.0,15,0,0,0,0,Restaurantes,15,3,0,0,0,3,1,1,7
PI,382,SAO GONCALO DO GURGUEIA,2209757.0,3033.0,15,494.55984174085063,4,26.666666666666668,Microempresa,0,0.0,15,0,0,0,0,Restaurantes,15,0,0,0,1,0,3,1,10
SE,3229,SANTA ROSA DE LIMA,2806503.0,4059.0,15,369.5491500369549,7,46.666666666666664,Microempresa,1,6.666666666666667,14,0,1,0,0,Restaurantes,15,0,0,1,0,3,1,1,9
TO,181,ESPERANTINA,1707405.0,7281.0,15,206.01565718994644,7,46.666666666666664,Microempresa,1,6.666666666666667,14,1,0,0,0,Restaurantes,15,0,0,0,0,4,3,2,6
PI,1185,SANTA LUZ,2209302.0,5410.0,15,277.264325323475,8,53.333333333333336,Microempresa,0,0.0,15,0,0,0,0,Outros Food Service,15,2,0,0,0,2,7,0,4
MA,805,SAO LUIS GONZAGA DO MARANHAO,2111409.0,18097.0,15,82.88666629828148,4,26.666666666666668,Microempresa,0,0.0,15,0,0,0,0,Outros Food Service,15,2,0,0,0,4,7,1,1
MA,202,NOVA OLINDA DO MARANHAO,2107357.0,14302.0,15,104.88043630261501,11,73.33333333333333,Microempresa,0,0.0,15,0,0,0,0,Lanchonetes,15,3,0,2,2,4,0,1,3
MG,5259,SAO JOSE DA SAFIRA,3163003.0,3837.0,15,390.93041438623925,5,33.33333333333333,Microempresa,0,0.0,15,0,0,0,0,Restaurantes,15,0,0,0,0,5,3,1,6
MG,5329,SERRA AZUL DE MINAS,3166501.0,3788.0,15,395.987328405491,3,20.0,Microempresa,0,0.0,15,0,0,0,0,Alimentação preparada,15,7,0,0,2,3,3,0,0
PR,7651,JUNDIAI DO SUL,4112900.0,3366.0,15,445.63279857397504,6,40.0,Microempresa,0,0.0,15,0,0,0,0,Lanchonetes,15,0,0,0,0,6,3,2,4
SE,3113,BREJO GRANDE,2800704.0,8034.0,15,186.70649738610905,2,13.333333333333334,Microempresa,5,33.33333333333333,10,2,3,0,0,Restaurantes,15,0,0,1,2,2,2,2,6
MG,596,CRISOLITA,3120151.0,5219.0,15,287.411381490707,6,40.0,Microempresa,0,0.0,15,0,0,0,0,Lanchonetes,15,2,0,0,0,6,2,0,5
MG,622,GUARACIAMA,3128253.0,5245.0,15,285.9866539561487,3,20.0,Microempresa,0,0.0,15,0,0,0,0,Restaurantes,15,2,0,2,0,2,4,0,5
TO,9727,SAMPAIO,1718808.0,4422.0,15,339.21302578019,3,20.0,Microempresa,0,0.0,15,0,0,0,0,Padarias e confeitaria,15,0,0,0,0,3,0,6,6
TO,353,LAGOA DO TOCANTINS,1711951.0,3616.0,15,414.82300884955754,8,53.333333333333336,Microempresa,0,0.0,15,0,0,0,0,Restaurantes,15,2,0,2,0,2,0,0,9
TO,329,JAU DO TOCANTINS,1711506.0,3389.0,15,442.6084390675715,6,40.0,Microempresa,0,0.0,15,0,0,0,0,Lanchonetes,15,0,0,0,0,7,5,0,3
SP,6193,BALBINOS,3504701.0,3975.0,15,377.35849056603774,8,53.333333333333336,Microempresa,0,0.0,15,0,0,0,0,Lanchonetes,15,2,0,1,1,4,3,1,3
PI,1151,PARNAGUA,2207603.0,10276.0,15,145.97119501751655,7,46.666666666666664,Microempresa,2,13.333333333333334,13,2,0,0,0,Lanchonetes,15,0,0,0,0,8,1,2,4
MA,785,GONCALVES DIAS,2104404.0,17580.0,15,85.32423208191126,7,46.666666666666664,Microempresa,0,0.0,15,0,0,0,0,Lanchonetes,15,1,0,0,0,5,5,0,4
PI,1107,JOAQUIM PIRES,2205409.0,14270.0,15,105.1156271899089,8,53.333333333333336,Microempresa,0,0.0,15,0,0,0,0,Lanchonetes,15,0,0,0,0,7,1,2,5
MG,704,SANTA CRUZ DE SALINAS,3157377.0,3896.0,15,385.01026694045174,8,53.333333333333336,Microempresa,0,0.0,15,0,0,0,0,Restaurantes,15,0,0,0,1,3,2,0,9
MT,1100,SERRA NOVA DOURADA,5107883.0,1981.0,15,757.193336698637,8,53.333333333333336,Microempresa,0,0.0,15,0,0,0,0,Outros Food Service,15,0,0,1,0,4,7,2,1
MG,4825,MEDEIROS,3141306.0,4094.0,15,366.3898387884709,10,66.66666666666666,Microempresa,2,13.333333333333334,13,2,0,0,0,Lanchonetes,15,2,0,0,0,4,4,3,2
SC,934,PRINCESA,4214151.0,3080.0,15,487.012987012987,8,53.333333333333336,Microempresa,0,0.0,15,0,0,0,0,Outros Food Service,15,3,0,0,0,2,7,1,2
MS,161,JAPORA,5004809.0,8472.0,15,177.05382436260624,7,46.666666666666664,Microempresa,0,0.0,15,0,0,0,0,Lanchonetes,15,1,0,0,0,10,2,2,0
AL,2823,PALESTINA,2706208.0,4407.0,15,340.3675970047651,7,46.666666666666664,Microempresa,0,0.0,15,0,0,0,0,Restaurantes,15,0,0,0,0,4,4,1,6
MT,1092,RONDOLANDIA,5107578.0,3508.0,15,427.59407069555306,5,33.33333333333333,Microempresa,0,0.0,15,0,0,0,0,Alimentação preparada,15,4,0,0,2,3,2,0,4
MG,726,SAO SEBASTIAO DA VARGEM ALEGRE,3164431.0,3257.0,15,460.54651519803497,10,66.66666666666666,Microempresa,0,0.0,15,0,0,0,0,Restaurantes,15,2,0,0,0,3,3,1,6
MG,690,PINTOPOLIS,3150570.0,7225.0,15,207.61245674740485,10,66.66666666666666,Microempresa,0,0.0,15,0,0,0,0,Restaurantes,15,2,0,0,0,4,0,2,7
RS,7359,PROTASIO ALVES,4315172.0,2070.0,15,724.6376811594203,6,40.0,Microempresa,0,0.0,15,0,0,0,0,Restaurantes,15,0,0,0,0,5,3,1,6
PE,2483,MARAIAL,2609204.0,9220.0,15,162.68980477223425,2,13.333333333333334,Microempresa,0,0.0,15,0,0,0,0,Padarias e confeitaria,15,3,0,0,0,1,4,5,2
RS,7361,PROGRESSO,4315156.0,5423.0,15,276.5996680803983,7,46.666666666666664,Microempresa,3,20.0,12,3,0,0,0,Lanchonetes,15,0,0,0,0,8,0,5,2
PB,1969,CACIMBA DE AREIA,2503407.0,3334.0,14,419.9160167966407,9,64.28571428571429,Microempresa,0,0.0,14,0,0,0,0,Lanchonetes,14,2,0,0,0,7,2,2,1
RS,5989,SAO JOSE DAS MISSOES,4318457.0,2399.0,14,583.5764902042517,5,35.714285714285715,Microempresa,0,0.0,14,0,0,0,0,Restaurantes,14,0,0,0,1,4,0,4,5
MG,4587,IBERTIOGA,3129400.0,5357.0,14,261.34030240806425,5,35.714285714285715,Microempresa,0,0.0,14,0,0,0,0,Lanchonetes,14,2,0,0,0,5,3,1,3
GO,9255,AVELINOPOLIS,5202809.0,3021.0,14,463.42270771267795,7,50.0,Microempresa,0,0.0,14,0,0,0,0,Lanchonetes,14,3,0,0,1,6,0,2,2
RS,6065,PORTO MAUA,4315057.0,2173.0,14,644.2705936493327,5,35.714285714285715,Microempresa,1,7.142857142857142,13,1,0,0,0,Lanchonetes,14,1,1,0,0,8,1,1,2
PB,2145,PRATA,2512200.0,4038.0,14,346.70629024269437,8,57.14285714285714,Microempresa,0,0.0,14,0,0,0,0,Lanchonetes,14,0,0,1,0,5,3,2,3
PB,2135,PILOEZINHOS,2511707.0,5562.0,14,251.70801869830996,11,78.57142857142857,Microempresa,1,7.142857142857142,13,1,0,0,0,Outros Food Service,14,0,0,0,0,1,6,1,6
PB,2133,PILOES,2511608.0,6970.0,14,200.86083213773313,7,50.0,Microempresa,0,0.0,14,0,0,0,0,Restaurantes,14,2,0,0,0,1,2,0,9
MG,4151,BOM JESUS DA PENHA,3107604.0,4710.0,14,297.23991507431,6,42.857142857142854,Microempresa,0,0.0,14,0,0,0,0,Restaurantes,14,0,0,0,0,4,2,1,7
MG,4325,CIPOTANEA,3116308.0,5502.0,14,254.4529262086514,4,28.57142857142857,Microempresa,0,0.0,14,0,0,0,0,Lanchonetes,14,0,0,0,1,8,4,1,0
MG,4469,DOURADOQUARA,3123502.0,1870.0,14,748.663101604278,6,42.857142857142854,Microempresa,0,0.0,14,0,0,0,0,Lanchonetes,14,3,0,0,0,5,4,0,2
RS,982,ESTRELA VELHA,4307815.0,3115.0,14,449.43820224719104,6,42.857142857142854,Microempresa,0,0.0,14,0,0,0,0,Restaurantes,14,3,0,0,0,1,1,4,5
CE,1301,ABAIARA,2300101.0,10258.0,14,136.47884577890426,9,64.28571428571429,Microempresa,0,0.0,14,0,0,0,0,Lanchonetes,14,2,0,0,1,5,3,1,2
MG,4529,FRANCISCO BADARO,3126505.0,6907.0,14,202.69292022585782,5,35.714285714285715,Microempresa,1,7.142857142857142,13,1,0,0,0,Restaurantes,14,2,0,0,2,3,1,1,5
PB,518,SAO BENTINHO,2513927.0,4506.0,14,310.6968486462494,5,35.714285714285715,Microempresa,0,0.0,14,0,0,0,0,Lanchonetes,14,2,0,0,0,6,2,2,2
RS,1176,WESTFALIA,4323770.0,3223.0,14,434.37790878063913,8,57.14285714285714,Microempresa,2,14.285714285714285,12,0,2,0,0,Outros Food Service,14,0,0,2,2,2,3,2,3
BA,3899,SEBASTIAO LARANJEIRAS,2930006.0,9556.0,14,146.50481372959396,9,64.28571428571429,Microempresa,0,0.0,14,0,0,0,0,Lanchonetes,14,2,0,0,0,6,0,0,6
PB,2033,IBIARA,2506608.0,5693.0,14,245.9160372387142,8,57.14285714285714,Microempresa,3,21.428571428571427,11,2,1,0,0,Outros Food Service,14,1,0,1,0,2,5,0,5
PR,5483,VIRMOND,4128658.0,3818.0,14,366.6841278156103,1,7.142857142857142,Microempresa,0,0.0,14,0,0,0,0,Lanchonetes,14,1,0,0,0,6,1,0,6
MA,236,SAO JOAO DO SOTER,2111078.0,17252.0,14,81.15001159285879,7,50.0,Microempresa,0,0.0,14,0,0,0,0,Restaurantes,14,0,0,1,1,4,2,0,6
MG,5101,RIO DO PRADO,3155108.0,4622.0,14,302.89917784508873,9,64.28571428571429,Microempresa,0,0.0,14,0,0,0,0,Alimentação preparada,14,3,0,1,3,2,2,1,2
TO,9603,SAO SEBASTIAO DO TOCANTINS,1720309.0,4176.0,14,335.2490421455939,5,35.714285714285715,Microempresa,0,0.0,14,0,0,0,0,Lanchonetes,14,0,0,0,0,6,2,1,5
MG,5211,SANTO HIPOLITO,3160603.0,2667.0,14,524.9343832020998,7,50.0,Microempresa,0,0.0,14,0,0,0,0,Restaurantes,14,2,0,1,0,2,3,1,5
AC,659,RODRIGUES ALVES,1200427.0,15580.0,14,89.85879332477535,6,42.857142857142854,Microempresa,0,0.0,14,0,0,0,0,Outros Food Service,14,2,0,0,2,2,5,0,3
BA,3839,RIO DO PIRES,2926905.0,10764.0,14,130.0631735414344,6,42.857142857142854,Microempresa,0,0.0,14,0,0,0,0,Lanchonetes,14,0,0,0,1,7,4,0,2
RO,693,GOVERNADOR JORGE TEIXEIRA,1101005.0,8264.0,14,169.40948693126813,5,35.714285714285715,Microempresa,0,0.0,14,0,0,0,0,Lanchonetes,14,0,0,0,0,10,2,1,1
RN,1845,SAO JOSE DO SERIDO,2412401.0,4748.0,14,294.8609941027801,7,50.0,Microempresa,0,0.0,14,0,0,0,0,Restaurantes,14,2,0,0,0,4,2,1,5
AL,2739,COITE DO NOIA,2702009.0,11037.0,14,126.84606324182296,7,50.0,Microempresa,0,0.0,14,0,0,0,0,Outros Food Service,14,1,0,1,0,2,4,3,3
RN,1851,SAO PEDRO,2412708.0,5877.0,14,238.21677726731326,6,42.857142857142854,Microempresa,0,0.0,14,0,0,0,0,Lanchonetes,14,1,0,0,0,4,4,3,2
GO,9495,NOVA ROMA,5214903.0,2992.0,14,467.91443850267376,7,50.0,Microempresa,0,0.0,14,0,0,0,0,Restaurantes,14,1,0,2,0,4,2,0,5
RS,7319,VANINI,4322558.0,2047.0,14,683.9276990718124,1,7.142857142857142,Microempresa,0,0.0,14,0,0,0,0,Lanchonetes,14,0,0,0,0,6,1,3,4
RS,8421,ENTRE RIOS DO SUL,4306957.0,2727.0,14,513.3846718005134,6,42.857142857142854,Microempresa,0,0.0,14,0,0,0,0,Lanchonetes,14,1,0,0,0,5,5,1,2
RS,8417,EREBANGO,4306973.0,3122.0,14,448.4304932735426,5,35.714285714285715,Microempresa,0,0.0,14,0,0,0,0,Padarias e confeitaria,14,1,0,0,0,1,3,5,4
AM,293,ANAMA,1300086.0,9981.0,14,140.26650636208797,11,78.57142857142857,Microempresa,2,14.285714285714285,12,2,0,0,0,Restaurantes,14,2,0,2,1,3,2,0,4
BA,3009,NOVA IBIA,2922755.0,6691.0,14,209.2362875504409,2,14.285714285714285,Microempresa,0,0.0,14,0,0,0,0,Outros Food Service,14,1,0,2,0,3,5,0,3
SP,810,PAULISTANIA,3536570.0,2166.0,14,646.3527239150508,6,42.857142857142854,Microempresa,3,21.428571428571427,11,3,0,0,0,Outros Food Service,14,1,0,1,0,2,5,1,4
MG,570,BERIZAL,3106655.0,4264.0,14,328.3302063789869,7,50.0,Microempresa,0,0.0,14,0,0,0,0,Restaurantes,14,0,0,0,0,4,3,0,7
SP,812,PRACINHA,3540853.0,2581.0,14,542.4254165052305,7,50.0,Microempresa,0,0.0,14,0,0,0,0,Lanchonetes,14,3,0,0,0,5,5,1,0
SC,8307,SANTA ROSA DE LIMA,4215604.0,2137.0,14,655.1240056153487,5,35.714285714285715,Microempresa,1,7.142857142857142,13,1,0,0,0,Lanchonetes,14,2,0,0,2,8,0,2,0
PR,8479,CORUMBATAI DO SUL,4106555.0,3755.0,14,372.8362183754993,4,28.57142857142857,Microempresa,0,0.0,14,0,0,0,0,Lanchonetes,14,1,0,0,1,5,2,4,1
PR,8455,ALTAMIRA DO PARANA,4100459.0,3452.0,14,405.5619930475087,7,50.0,Microempresa,0,0.0,14,0,0,0,0,Outros Food Service,14,0,0,2,0,5,6,0,1
PI,292,CAMPO GRANDE DO PIAUI,2202133.0,6233.0,14,224.61094176159153,6,42.857142857142854,Microempresa,0,0.0,14,0,0,0,0,Outros Food Service,14,0,0,0,1,3,5,0,5
RS,8437,CERRO GRANDE,4305157.0,2428.0,14,576.6062602965404,7,50.0,Microempresa,0,0.0,14,0,0,0,0,Lanchonetes,14,2,0,0,0,4,4,1,3
PE,2593,TACAIMBO,2614709.0,14380.0,14,97.35744089012518,6,42.857142857142854,Microempresa,1,7.142857142857142,13,1,0,0,0,Restaurantes,14,1,1,0,0,3,3,1,5
RS,8497,ALEGRIA,4300455.0,3705.0,14,377.8677462887989,7,50.0,Microempresa,0,0.0,14,0,0,0,0,Lanchonetes,14,3,0,0,0,5,3,0,3
RS,8445,CAMPOS BORGES,4304101.0,3695.0,14,378.8903924221921,9,64.28571428571429,Microempresa,0,0.0,14,0,0,0,0,Lanchonetes,14,2,0,0,0,6,2,2,2
PB,474,CUITE DE MAMANGUAPE,2505238.0,6450.0,14,217.05426356589146,2,14.285714285714285,Microempresa,0,0.0,14,0,0,0,0,Outros Food Service,14,1,0,0,2,3,4,0,4
PB,476,CURRAL DE CIMA,2505279.0,5423.0,14,258.1596902083717,8,57.14285714285714,Microempresa,0,0.0,14,0,0,0,0,Alimentação preparada,14,3,0,1,2,1,3,2,2
GO,9383,GUARANI DE GOIAS,5209408.0,4076.0,14,343.4739941118744,7,50.0,Microempresa,1,7.142857142857142,13,1,0,0,0,Outros Food Service,14,2,0,0,0,4,5,0,3
BA,3427,CANDEAL,2906402.0,7914.0,14,176.90169320192064,5,35.714285714285715,Microempresa,0,0.0,14,0,0,0,0,Alimentação preparada,14,5,0,0,0,2,5,2,0
MA,927,SAO VICENTE FERRER,2111706.0,19848.0,14,70.53607416364369,5,35.714285714285715,Microempresa,0,0.0,14,0,0,0,0,Outros Food Service,14,2,0,0,0,2,5,2,3
PB,2167,SANTA HELENA,2513307.0,6025.0,14,232.3651452282158,4,28.57142857142857,Microempresa,2,14.285714285714285,12,0,2,0,0,Catering empresarial,14,2,0,4,0,1,1,3,3
BA,3577,IPECAETA,2913804.0,13973.0,14,100.1932298003292,8,57.14285714285714,Microempresa,0,0.0,14,0,0,0,0,Alimentação preparada,14,3,0,3,0,1,3,3,1
RS,7343,SAO JOSE DO HORTENCIO,4318481.0,4555.0,14,307.35455543358944,5,35.714285714285715,Microempresa,1,7.142857142857142,13,1,0,0,0,Padarias e confeitaria,14,1,0,0,0,4,1,6,2
RS,5937,NICOLAU VERGUEIRO,4312674.0,1982.0,14,706.3572149344096,2,14.285714285714285,Microempresa,0,0.0,14,0,0,0,0,Lanchonetes,14,2,0,0,0,5,2,0,5
SP,2981,ASPASIA,3503950.0,1876.0,14,746.2686567164179,6,42.857142857142854,Microempresa,0,0.0,14,0,0,0,0,Padarias e confeitaria,14,3,0,0,0,2,2,5,2
BA,3475,CONTENDAS DO SINCORA,2908804.0,4506.0,14,310.6968486462494,5,35.714285714285715,Microempresa,0,0.0,14,0,0,0,0,Lanchonetes,14,3,0,0,0,8,1,1,1
MA,837,MONCAO,2106904.0,28526.0,14,49.07803407417794,8,57.14285714285714,Microempresa,1,7.142857142857142,13,1,0,0,0,Outros Food Service,14,3,0,1,0,3,4,1,2
BA,3365,BARRO PRETO,2903300.0,5909.0,14,236.92672194956847,8,57.14285714285714,Microempresa,0,0.0,14,0,0,0,0,Outros Food Service,14,0,0,1,0,2,9,0,2
PB,2241,UMBUZEIRO,2517001.0,9248.0,14,151.3840830449827,10,71.42857142857143,Microempresa,0,0.0,14,0,0,0,0,Restaurantes,14,0,0,0,3,1,3,2,5
PA,519,PRAINHA,1506005.0,39132.0,14,35.77634672390882,7,50.0,Microempresa,1,7.142857142857142,13,1,0,0,0,Outros Food Service,14,0,0,1,2,0,7,2,2
MG,682,PEDRA BONITA,3148756.0,7638.0,14,183.29405603561142,6,42.857142857142854,Microempresa,0,0.0,14,0,0,0,0,Lanchonetes,14,0,0,0,0,7,3,0,4
MG,676,PADRE CARVALHO,3146255.0,5007.0,14,279.60854803275413,4,28.57142857142857,Microempresa,1,7.142857142857142,13,1,0,0,0,Restaurantes,14,2,0,1,0,3,3,1,4
BA,3025,QUIXABEIRA,2925931.0,9861.0,14,141.97343068654294,6,42.857142857142854,Microempresa,0,0.0,14,0,0,0,0,Restaurantes,14,0,0,0,0,1,5,2,6
BA,3027,RIBEIRAO DO LARGO,2926657.0,10021.0,14,139.70661610617702,7,50.0,Microempresa,0,0.0,14,0,0,0,0,Restaurantes,14,0,0,0,2,1,3,1,7
RS,8719,JACUTINGA,4310900.0,3398.0,14,412.00706297822245,5,35.714285714285715,Microempresa,0,0.0,14,0,0,0,0,Padarias e confeitaria,14,2,0,1,0,2,1,6,2
MG,5439,VIRGOLANDIA,3171907.0,4416.0,14,317.0289855072464,3,21.428571428571427,Microempresa,0,0.0,14,0,0,0,0,Lanchonetes,14,2,0,0,0,5,5,0,2
MA,781,FORTUNA,2104206.0,17348.0,14,80.70094535393129,10,71.42857142857143,Microempresa,1,7.142857142857142,13,1,0,0,0,Outros Food Service,14,3,0,0,1,2,4,1,3
PI,404,TANQUE DO PIAUI,2210979.0,2306.0,14,607.1118820468344,5,35.714285714285715,Microempresa,0,0.0,14,0,0,0,0,Lanchonetes,14,0,0,0,0,8,1,1,4
SP,7205,TURIUBA,3555208.0,1832.0,14,764.1921397379913,8,57.14285714285714,Microempresa,0,0.0,14,0,0,0,0,Outros Food Service,14,3,0,0,0,2,6,0,3
AM,259,MARAA,1302801.0,15716.0,14,89.08119114278442,6,42.857142857142854,Microempresa,0,0.0,14,0,0,0,0,Outros Food Service,14,0,0,0,0,4,7,1,2
AM,271,PAUINI,1303502.0,20330.0,14,68.86374815543532,8,57.14285714285714,Microempresa,0,0.0,14,0,0,0,0,Outros Food Service,14,1,0,2,0,0,8,1,2
PR,7847,SANTA INES,4123600.0,1739.0,14,805.0603795284648,7,50.0,Microempresa,0,0.0,14,0,0,0,0,Lanchonetes,14,2,0,0,0,6,2,3,1
MT,1102,VALE DE SAO DOMINGOS,5108352.0,3043.0,14,460.07229707525465,8,57.14285714285714,Microempresa,0,0.0,14,0,0,0,0,Restaurantes,14,0,0,0,0,5,1,0,8
MA,184,LAGO DOS RODRIGUES,2105948.0,8963.0,14,156.19770166238982,6,42.857142857142854,Microempresa,1,7.142857142857142,13,0,1,0,0,Catering empresarial,14,0,0,4,0,4,2,0,4
MT,1090,NOVO SANTO ANTONIO,5106315.0,2041.0,14,685.9382655561,10,71.42857142857143,Microempresa,0,0.0,14,0,0,0,0,Alimentação preparada,14,5,0,2,1,2,0,1,3
PA,389,AURORA DO PARA,1500958.0,24070.0,14,58.16368923971749,6,42.857142857142854,Microempresa,0,0.0,14,0,0,0,0,Padarias e confeitaria,14,0,0,0,2,1,3,4,4
PA,431,BONITO,1501600.0,12925.0,14,108.31721470019342,10,71.42857142857143,Microempresa,0,0.0,14,0,0,0,0,Restaurantes,14,4,0,0,0,4,1,0,5
PA,421,BAGRE,1501105.0,35640.0,14,39.28170594837262,10,71.42857142857143,Microempresa,2,14.285714285714285,12,2,0,0,0,Restaurantes,14,0,0,2,0,0,3,0,9
PA,455,CURRALINHO,1502806.0,37164.0,14,37.670864277257564,10,71.42857142857143,Microempresa,0,0.0,14,0,0,0,0,Outros Food Service,14,0,0,0,0,1,9,0,4
TO,189,PALMEIRANTE,1715705.0,4900.0,14,285.7142857142857,5,35.714285714285715,Microempresa,1,7.142857142857142,13,0,1,0,0,Lanchonetes,14,0,0,2,0,7,0,1,4
MG,5345,SILVEIRANIA,3167301.0,2408.0,14,581.3953488372093,2,14.285714285714285,Microempresa,0,0.0,14,0,0,0,0,Lanchonetes,14,3,0,0,0,4,3,1,3
MA,216,PRESIDENTE SARNEY,2109270.0,17936.0,14,78.05530776092775,11,78.57142857142857,Microempresa,0,0.0,14,0,0,0,0,Outros Food Service,14,0,0,3,3,0,6,0,2
MG,5319,SENHORA DE OLIVEIRA,3166006.0,5569.0,14,251.3916322499551,8,57.14285714285714,Microempresa,0,0.0,14,0,0,0,0,Lanchonetes,14,2,0,0,0,7,0,4,1
MG,5317,SENADOR MODESTINO GONCALVES,3165909.0,3979.0,14,351.84719778838905,2,14.285714285714285,Microempresa,1,7.142857142857142,13,1,0,0,0,Outros Food Service,14,0,0,0,1,4,6,0,3
MG,660,NINHEIRA,3144656.0,11011.0,14,127.14558169103624,8,57.14285714285714,Microempresa,0,0.0,14,0,0,0,0,Lanchonetes,14,0,0,0,0,5,5,0,4
TO,76,BARRA DO OURO,1703073.0,4691.0,14,298.4438286079727,4,28.57142857142857,Microempresa,0,0.0,14,0,0,0,0,Restaurantes,14,1,0,1,0,2,2,2,6
PI,1145,PAES LANDIM,2207306.0,4338.0,14,322.7293683725219,10,71.42857142857143,Microempresa,0,0.0,14,0,0,0,0,Lanchonetes,14,0,0,0,1,7,0,0,6
SE,3235,SAO DOMINGOS,2806800.0,10567.0,14,132.48793413456988,6,42.857142857142854,Microempresa,0,0.0,14,0,0,0,0,Outros Food Service,14,0,0,0,2,0,5,5,2
SC,920,IBIAM,4206751.0,2067.0,14,677.3101112723754,4,28.57142857142857,Microempresa,0,0.0,14,0,0,0,0,Alimentação preparada,14,4,0,0,0,2,3,1,4
SC,906,CAPAO ALTO,4203253.0,2636.0,14,531.1077389984825,8,57.14285714285714,Microempresa,1,7.142857142857142,13,1,0,0,0,Restaurantes,14,0,0,2,0,2,2,0,8
MA,741,BURITI,2102200.0,30925.0,14,45.270816491511724,8,57.14285714285714,Microempresa,2,14.285714285714285,12,2,0,0,0,Outros Food Service,14,1,0,0,3,3,4,1,2
MA,789,GOVERNADOR EUGENIO BARROS,2104602.0,14269.0,14,98.11479430934193,10,71.42857142857143,Microempresa,2,14.285714285714285,12,0,2,0,0,Restaurantes,14,0,0,4,0,4,1,0,5
MA,751,CANTANHEDE,2102705.0,25131.0,14,55.708089610441284,4,28.57142857142857,Microempresa,1,7.142857142857142,13,1,0,0,0,Outros Food Service,14,0,0,1,0,3,5,0,5
PI,1295,SANTA CRUZ DOS MILAGRES,2209153.0,3432.0,14,407.9254079254079,7,50.0,Microempresa,0,0.0,14,0,0,0,0,Restaurantes,14,3,0,1,0,4,0,1,5
MG,582,CANTAGALO,3112059.0,4020.0,14,348.2587064676617,5,35.714285714285715,Microempresa,0,0.0,14,0,0,0,0,Lanchonetes,14,1,0,0,0,6,2,0,5
TO,9723,PORTO ALEGRE DO TOCANTINS,1718006.0,2967.0,14,471.8570947084597,5,35.714285714285715,Microempresa,0,0.0,14,0,0,0,0,Lanchonetes,14,4,0,0,0,6,1,1,2
AL,2763,IGREJA NOVA,2703205.0,22109.0,13,58.79958387986793,6,46.15384615384615,Microempresa,0,0.0,13,0,0,0,0,Restaurantes,13,1,1,0,0,2,3,2,4
MG,628,INDAIABIRA,3130655.0,6281.0,13,206.97341187708966,1,7.6923076923076925,Microempresa,0,0.0,13,0,0,0,0,Lanchonetes,13,1,0,2,0,5,1,2,2
TO,9679,RIO SONO,1718758.0,4642.0,13,280.0517018526497,7,53.84615384615385,Microempresa,0,0.0,13,0,0,0,0,Restaurantes,13,4,0,0,1,2,1,0,5
PR,5449,DOUTOR ULYSSES,4128633.0,5742.0,13,226.40195053988157,6,46.15384615384615,Microempresa,0,0.0,13,0,0,0,0,Lanchonetes,13,0,0,0,1,6,2,1,3
MG,2661,PALMOPOLIS,3146750.0,6313.0,13,205.92428322509107,5,38.46153846153847,Microempresa,0,0.0,13,0,0,0,0,Eventos e buffet,13,1,0,0,4,2,3,0,3
SC,8255,PINHEIRO PRETO,4213005.0,3662.0,13,354.997269251775,3,23.076923076923077,Microempresa,0,0.0,13,0,0,0,0,Restaurantes,13,1,0,0,1,4,0,2,5
MG,748,VARGEM GRANDE DO RIO PARDO,3170651.0,4721.0,13,275.3653886888371,2,15.384615384615385,Microempresa,0,0.0,13,0,0,0,0,Lanchonetes,13,0,0,0,2,4,3,1,3
PB,466,CARAUBAS,2504074.0,4074.0,13,319.0967108492882,10,76.92307692307693,Microempresa,0,0.0,13,0,0,0,0,Lanchonetes,13,3,0,1,1,4,0,2,2
BA,3813,PRESIDENTE DUTRA,2925600.0,15702.0,13,82.79200101897848,9,69.23076923076923,Microempresa,0,0.0,13,0,0,0,0,Lanchonetes,13,1,0,2,1,3,3,0,3
TO,359,RIO DOS BOIS,1718709.0,2858.0,13,454.8635409377187,3,23.076923076923077,Microempresa,0,0.0,13,0,0,0,0,Lanchonetes,13,2,0,0,0,5,2,1,3
MA,915,SAO FRANCISCO DO MARANHAO,2110906.0,12367.0,13,105.11846041885663,6,46.15384615384615,Microempresa,1,7.6923076923076925,12,1,0,0,0,Lanchonetes,13,0,0,0,1,3,3,3,3
MG,4433,DIOGO DE VASCONCELOS,3121704.0,3568.0,13,364.3497757847534,2,15.384615384615385,Microempresa,0,0.0,13,0,0,0,0,Lanchonetes,13,1,0,0,1,6,2,1,2
CE,1275,TARRAFAS,2313252.0,7525.0,13,172.75747508305648,3,23.076923076923077,Microempresa,0,0.0,13,0,0,0,0,Restaurantes,13,1,0,0,0,1,4,0,7
PI,1141,DOMINGOS MOURAO,2203420.0,4121.0,13,315.45741324921136,5,38.46153846153847,Microempresa,0,0.0,13,0,0,0,0,Lanchonetes,13,3,0,0,0,5,0,0,5
MA,1281,ARAME,2100956.0,27782.0,13,46.79288748110287,7,53.84615384615385,Microempresa,1,7.6923076923076925,12,0,1,0,0,Lanchonetes,13,1,0,1,0,6,5,0,0
PI,1105,JERUMENHA,2205300.0,4612.0,13,281.8733738074588,8,61.53846153846154,Microempresa,0,0.0,13,0,0,0,0,Padarias e confeitaria,13,2,0,1,0,0,2,4,4
SP,6675,MARABA PAULISTA,3528700.0,4612.0,13,281.8733738074588,5,38.46153846153847,Microempresa,0,0.0,13,0,0,0,0,Lanchonetes,13,0,2,0,0,8,0,1,2
AL,2843,POCO DAS TRINCHEIRAS,2707206.0,12962.0,13,100.29316463508718,6,46.15384615384615,Microempresa,0,0.0,13,0,0,0,0,Lanchonetes,13,1,0,0,1,5,2,0,4
RO,22,TEIXEIROPOLIS,1101559.0,4507.0,13,288.44020412691367,4,30.76923076923077,Microempresa,0,0.0,13,0,0,0,0,Lanchonetes,13,1,1,0,0,5,1,3,2
RS,7351,SAO DOMINGOS DO SUL,4318051.0,2806.0,13,463.2929436920884,5,38.46153846153847,Microempresa,0,0.0,13,0,0,0,0,Padarias e confeitaria,13,0,0,0,0,0,2,6,5
RO,14,PIMENTEIRAS DO OESTE,1101468.0,2308.0,13,563.2582322357019,9,69.23076923076923,Microempresa,0,0.0,13,0,0,0,0,Lanchonetes,13,2,0,0,0,7,1,0,3
MG,4175,BRAUNAS,3108800.0,4417.0,13,294.31741000679193,5,38.46153846153847,Microempresa,0,0.0,13,0,0,0,0,Lanchonetes,13,1,0,0,1,4,2,3,2
TO,339,BRASILANDIA DO TOCANTINS,1703602.0,2009.0,13,647.0881035340966,9,69.23076923076923,Microempresa,0,0.0,13,0,0,0,0,Restaurantes,13,0,1,0,0,3,1,1,7
MG,4347,CONCEICAO DE IPANEMA,3117405.0,4503.0,13,288.6964246058183,3,23.076923076923077,Microempresa,0,0.0,13,0,0,0,0,Lanchonetes,13,2,0,0,0,6,2,0,3
MA,959,PAULO RAMOS,2108108.0,20803.0,13,62.490986876892755,7,53.84615384615385,Microempresa,1,7.6923076923076925,12,1,0,0,0,Restaurantes,13,2,0,3,0,0,0,1,7
RS,5991,NOVA PADUA,4313086.0,2389.0,13,544.1607367099205,4,30.76923076923077,Microempresa,1,7.6923076923076925,12,0,1,0,0,Restaurantes,13,0,0,1,0,1,4,1,6
RS,7367,PIRAPO,4314555.0,2255.0,13,576.4966740576497,8,61.53846153846154,Microempresa,0,0.0,13,0,0,0,0,Lanchonetes,13,3,1,0,0,5,3,1,0
RS,8897,SAO VALENTIM,4319703.0,3320.0,13,391.566265060241,7,53.84615384615385,Microempresa,0,0.0,13,0,0,0,0,Restaurantes,13,2,0,0,0,1,2,1,7
PI,296,CAPITAO GERVASIO OLIVEIRA,2202455.0,4076.0,13,318.9401373895976,7,53.84615384615385,Microempresa,0,0.0,13,0,0,0,0,Restaurantes,13,2,0,0,1,3,0,0,7
AM,9851,TONANTINS,1304237.0,20417.0,13,63.6724298378802,4,30.76923076923077,Microempresa,1,7.6923076923076925,12,1,0,0,0,Lanchonetes,13,0,0,0,0,9,3,0,1
RN,1663,DOUTOR SEVERIANO,2403202.0,7271.0,13,178.7924632100124,6,46.15384615384615,Microempresa,0,0.0,13,0,0,0,0,Outros Food Service,13,2,0,0,0,2,4,2,3
MG,4913,OLIVEIRA FORTES,3145703.0,2054.0,13,632.9113924050632,4,30.76923076923077,Microempresa,0,0.0,13,0,0,0,0,Lanchonetes,13,1,0,1,0,5,1,3,2
RS,7307,VISTA ALEGRE,4323507.0,2710.0,13,479.7047970479705,3,23.076923076923077,Microempresa,0,0.0,13,0,0,0,0,Restaurantes,13,2,0,0,0,0,2,2,7
PI,1015,ANTONIO ALMEIDA,2200806.0,3240.0,13,401.2345679012346,11,84.61538461538461,Microempresa,0,0.0,13,0,0,0,0,Alimentação preparada,13,4,0,0,0,3,2,0,4
SC,914,ERMO,4205191.0,2342.0,13,555.0811272416738,4,30.76923076923077,Microempresa,0,0.0,13,0,0,0,0,Padarias e confeitaria,13,1,0,0,0,2,0,7,3
RS,7299,IBIRAPUITA,4309951.0,3788.0,13,343.1890179514255,7,53.84615384615385,Microempresa,0,0.0,13,0,0,0,0,Lanchonetes,13,1,0,0,0,7,0,2,3
BA,3553,IBIQUERA,2912608.0,3829.0,13,339.5142334813267,7,53.84615384615385,Microempresa,2,15.384615384615385,11,2,0,0,0,Outros Food Service,13,1,0,0,0,2,5,0,5
PA,419,AVEIRO,1501006.0,19531.0,13,66.56085197890533,5,38.46153846153847,Microempresa,0,0.0,13,0,0,0,0,Outros Food Service,13,2,0,0,1,2,3,3,2
PA,46,CACHOEIRA DO PIRIA,1501956.0,18881.0,13,68.85228536624119,8,61.53846153846154,Microempresa,1,7.6923076923076925,12,1,0,0,0,Lanchonetes,13,0,0,0,0,7,0,2,4
RN,1637,CAICARA DO RIO DO VENTO,2401909.0,3361.0,13,386.7896459387087,4,30.76923076923077,Microempresa,0,0.0,13,0,0,0,0,Restaurantes,13,0,0,1,0,2,3,1,6
PE,2347,BREJAO,2602407.0,9433.0,13,137.81405703381745,6,46.15384615384615,Microempresa,0,0.0,13,0,0,0,0,Outros Food Service,13,0,0,0,1,1,6,0,5
RS,6067,PORTO VERA CRUZ,4315073.0,1582.0,13,821.7446270543616,4,30.76923076923077,Microempresa,0,0.0,13,0,0,0,0,Lanchonetes,13,1,0,0,1,4,4,0,3
PB,2091,MONTADAS,2509503.0,6201.0,13,209.64360587002096,10,76.92307692307693,Microempresa,0,0.0,13,0,0,0,0,Outros Food Service,13,0,0,0,0,3,4,3,3
RS,8551,BRAGA,4302600.0,3322.0,13,391.33052378085495,6,46.15384615384615,Microempresa,0,0.0,13,0,0,0,0,Alimentação preparada,13,4,0,0,0,4,3,1,1
AL,2891,SENADOR RUI PALMEIRA,2708956.0,12544.0,13,103.63520408163266,7,53.84615384615385,Microempresa,0,0.0,13,0,0,0,0,Lanchonetes,13,0,0,0,1,4,4,2,2
MA,851,PALMEIRANDIA,2107605.0,21702.0,13,59.902313150861666,4,30.76923076923077,Microempresa,2,15.384615384615385,11,0,2,0,0,Restaurantes,13,0,0,2,0,3,3,0,5
SC,922,IOMERE,4207577.0,2981.0,13,436.0952700436095,8,61.53846153846154,Microempresa,0,0.0,13,0,0,0,0,Padarias e confeitaria,13,0,0,0,0,3,0,6,4
BA,3503,DOM MACEDO COSTA,2910206.0,4627.0,13,280.9595850443052,5,38.46153846153847,Microempresa,0,0.0,13,0,0,0,0,Restaurantes,13,0,0,1,0,2,1,4,5
PA,497,MUANA,1504901.0,50314.0,13,25.837738999085744,7,53.84615384615385,Microempresa,1,7.6923076923076925,12,1,0,0,0,Outros Food Service,13,2,1,0,2,1,6,0,1
SC,8035,ATALANTA,4201802.0,3263.0,13,398.40637450199205,5,38.46153846153847,Microempresa,0,0.0,13,0,0,0,0,Restaurantes,13,1,0,0,0,2,1,2,7
GO,9493,NOVA AURORA,5214804.0,2133.0,13,609.4702297233943,5,38.46153846153847,Microempresa,0,0.0,13,0,0,0,0,Lanchonetes,13,0,0,0,1,6,3,3,0
PA,449,CHAVES,1502509.0,21514.0,13,60.42576926652412,5,38.46153846153847,Microempresa,0,0.0,13,0,0,0,0,Outros Food Service,13,0,0,0,0,5,6,0,2
PB,2099,NATUBA,2509909.0,8860.0,13,146.72686230248306,5,38.46153846153847,Microempresa,2,15.384615384615385,11,2,0,0,0,Restaurantes,13,1,0,0,0,3,2,0,7
TO,185,PALMEIRAS DO TOCANTINS,1713809.0,4806.0,13,270.49521431543906,7,53.84615384615385,Microempresa,0,0.0,13,0,0,0,0,Restaurantes,13,0,0,0,3,2,0,0,8
SC,5749,RIQUEZA,4215075.0,4821.0,13,269.6535988384153,7,53.84615384615385,Microempresa,2,15.384615384615385,11,2,0,0,0,Restaurantes,13,2,0,0,2,1,0,0,8
SC,5745,BELMONTE,4202156.0,2715.0,13,478.8213627992633,7,53.84615384615385,Microempresa,0,0.0,13,0,0,0,0,Lanchonetes,13,2,0,1,0,6,0,2,2
MA,827,MATA ROMA,2106409.0,17618.0,13,73.78817118855716,7,53.84615384615385,Microempresa,0,0.0,13,0,0,0,0,Outros Food Service,13,0,0,0,1,1,5,1,5
BA,3295,MATINA,2921054.0,10593.0,13,122.72255262909468,8,61.53846153846154,Microempresa,0,0.0,13,0,0,0,0,Outros Food Service,13,2,1,0,0,2,4,0,4
MT,9133,PONTE BRANCA,5106703.0,2119.0,13,613.4969325153374,8,61.53846153846154,Microempresa,0,0.0,13,0,0,0,0,Outros Food Service,13,1,0,0,1,0,4,3,4
MG,5405,UMBURATIBA,3170305.0,2743.0,13,473.93364928909955,6,46.15384615384615,Microempresa,0,0.0,13,0,0,0,0,Lanchonetes,13,3,0,0,1,4,3,2,0
MG,5429,VIEIRAS,3171402.0,3781.0,13,343.8243850833113,9,69.23076923076923,Microempresa,0,0.0,13,0,0,0,0,Lanchonetes,13,1,0,0,2,6,2,0,2
PI,2277,PATOS DO PIAUI,2207777.0,5394.0,13,241.0085279940675,8,61.53846153846154,Microempresa,0,0.0,13,0,0,0,0,Lanchonetes,13,0,0,0,0,7,2,0,4
BA,3285,IUIU,2917334.0,11584.0,13,112.22375690607734,9,69.23076923076923,Microempresa,0,0.0,13,0,0,0,0,Outros Food Service,13,0,0,0,0,4,5,0,4
AL,2797,MAR VERMELHO,2704906.0,3207.0,13,405.3632678515747,7,53.84615384615385,Microempresa,2,15.384615384615385,11,2,0,0,0,Lanchonetes,13,0,0,0,0,5,1,3,4
MG,706,SANTA HELENA DE MINAS,3157658.0,6054.0,13,214.73406012553681,4,30.76923076923077,Microempresa,0,0.0,13,0,0,0,0,Padarias e confeitaria,13,2,0,0,0,3,2,4,2
RS,5775,MORRINHOS DO SUL,4312443.0,3133.0,13,414.9377593360996,9,69.23076923076923,Microempresa,0,0.0,13,0,0,0,0,Padarias e confeitaria,13,0,0,1,0,2,0,5,5
CE,1525,POTENGI,2311207.0,8786.0,13,147.96266788071932,3,23.076923076923077,Microempresa,0,0.0,13,0,0,0,0,Restaurantes,13,1,0,0,0,3,3,2,4
RS,5957,SANTO ANTONIO DO PLANALTO,4317756.0,2138.0,13,608.044901777362,6,46.15384615384615,Microempresa,0,0.0,13,0,0,0,0,Alimentação preparada,13,3,0,0,2,2,3,2,1
PB,526,SAO JOSE DOS RAMOS,2514453.0,6167.0,13,210.79941624777038,7,53.84615384615385,Microempresa,0,0.0,13,0,0,0,0,Outros Food Service,13,2,0,2,1,0,5,1,2
RS,5787,PINHAL GRANDE,4314472.0,3861.0,13,336.70033670033666,1,7.6923076923076925,Microempresa,2,15.384615384615385,11,0,2,0,0,Lanchonetes,13,1,0,0,0,5,1,3,3
BA,3253,ADUSTINA,2900355.0,14470.0,13,89.84105044920526,5,38.46153846153847,Microempresa,0,0.0,13,0,0,0,0,Eventos e buffet,13,0,0,0,4,3,4,0,2
PI,354,MURICI DOS PORTELAS,2206696.0,10274.0,13,126.5329959120109,7,53.84615384615385,Microempresa,0,0.0,13,0,0,0,0,Lanchonetes,13,1,0,0,1,9,1,0,1
MG,5193,SANTA ROSA DA SERRA,3159704.0,3497.0,13,371.74721189591077,4,30.76923076923077,Microempresa,1,7.6923076923076925,12,1,0,0,0,Lanchonetes,13,0,0,0,0,7,0,3,3
GO,9209,ALOANDIA,5200506.0,1971.0,13,659.5636732623034,5,38.46153846153847,Microempresa,0,0.0,13,0,0,0,0,Lanchonetes,13,2,0,1,0,5,0,2,3
PB,506,RIACHAO DO POCO,2512762.0,5030.0,13,258.44930417495027,10,76.92307692307693,Microempresa,1,7.6923076923076925,12,0,1,0,0,Alimentação preparada,13,3,0,1,0,2,2,3,2
PB,504,RIACHAO DO BACAMARTE,2512754.0,4942.0,13,263.0513961958721,7,53.84615384615385,Microempresa,0,0.0,13,0,0,0,0,Lanchonetes,13,0,0,0,0,5,2,1,5
PB,502,RIACHAO,2512747.0,2927.0,13,444.1407584557568,6,46.15384615384615,Microempresa,0,0.0,13,0,0,0,0,Restaurantes,13,3,0,2,0,2,2,0,4
PB,496,POCO DANTAS,2512036.0,3935.0,13,330.3684879288437,8,61.53846153846154,Microempresa,0,0.0,13,0,0,0,0,Restaurantes,13,0,0,0,3,0,2,1,7
PB,1955,BORBOREMA,2502706.0,4142.0,13,313.8580395943988,10,76.92307692307693,Microempresa,0,0.0,13,0,0,0,0,Restaurantes,13,2,0,0,0,4,0,2,5
PB,1953,IGARACY,2502607.0,5696.0,13,228.23033707865167,6,46.15384615384615,Microempresa,2,15.384615384615385,11,0,2,0,0,Outros Food Service,13,2,0,1,1,1,3,2,3
MA,220,RIBAMAR FIQUENE,2109551.0,7605.0,13,170.94017094017093,4,30.76923076923077,Microempresa,1,7.6923076923076925,12,1,0,0,0,Outros Food Service,13,0,0,0,0,1,5,4,3
MG,4935,FRONTEIRA DOS VALES,3127057.0,4373.0,13,297.2787560027441,10,76.92307692307693,Microempresa,0,0.0,13,0,0,0,0,Lanchonetes,13,0,0,0,0,6,2,0,5
SP,6243,BORA,3507209.0,935.0,13,1390.3743315508023,8,61.53846153846154,Microempresa,2,15.384615384615385,11,0,2,0,0,Alimentação preparada,13,6,0,2,0,2,0,2,1
MA,721,AXIXA,2101103.0,12101.0,13,107.42913808776136,6,46.15384615384615,Microempresa,1,7.6923076923076925,12,1,0,0,0,Lanchonetes,13,1,0,1,0,5,2,0,4
CE,1311,ALTANEIRA,2300606.0,6977.0,13,186.32650136161675,4,30.76923076923077,Microempresa,0,0.0,13,0,0,0,0,Lanchonetes,13,2,0,0,1,6,1,2,1
SP,822,SANTA SALETE,3547650.0,1698.0,12,706.7137809187279,2,16.666666666666664,Microempresa,0,0.0,12,0,0,0,0,Padarias e confeitaria,12,1,0,0,1,3,2,4,1
MG,4027,ALBERTINA,3101409.0,3031.0,12,395.908940943583,10,83.33333333333334,Microempresa,0,0.0,12,0,0,0,0,Outros Food Service,12,3,0,0,0,2,4,0,3
PB,470,CATURITE,2504355.0,5592.0,12,214.59227467811158,7,58.333333333333336,Microempresa,0,0.0,12,0,0,0,0,Restaurantes,12,1,0,1,0,1,0,3,6
PB,480,GADO BRAVO,2506251.0,8401.0,12,142.84013807880012,5,41.66666666666667,Microempresa,2,16.666666666666664,10,1,1,0,0,Restaurantes,12,0,0,0,1,3,2,2,4
RS,1156,PEDRAS ALTAS,4314175.0,2099.0,12,571.7008099094807,4,33.33333333333333,Microempresa,0,0.0,12,0,0,0,0,Lanchonetes,12,1,0,0,0,4,2,2,3
CE,1273,SALITRE,2311959.0,17381.0,12,69.04090673724183,7,58.333333333333336,Microempresa,0,0.0,12,0,0,0,0,Eventos e buffet,12,0,0,0,5,5,0,0,2
RS,1142,FORQUETINHA,4308433.0,2441.0,12,491.6018025399427,5,41.66666666666667,Microempresa,0,0.0,12,0,0,0,0,Restaurantes,12,1,2,0,0,2,0,1,6
PI,1147,PALMEIRA DO PIAUI,2207405.0,5046.0,12,237.81212841854932,3,25.0,Microempresa,2,16.666666666666664,10,0,2,0,0,Lanchonetes,12,0,0,0,0,5,2,1,4
PI,1143,PADRE MARCOS,2207207.0,6457.0,12,185.84481957565433,7,58.333333333333336,Microempresa,0,0.0,12,0,0,0,0,Restaurantes,12,0,0,0,0,1,0,2,9
GO,9465,MOIPORA,5213400.0,1680.0,12,714.2857142857142,5,41.66666666666667,Microempresa,0,0.0,12,0,0,0,0,Lanchonetes,12,2,0,1,0,6,2,1,0
BA,3961,VARZEA DO POCO,2933109.0,8325.0,12,144.14414414414415,4,33.33333333333333,Microempresa,0,0.0,12,0,0,0,0,Lanchonetes,12,1,0,2,0,3,1,2,3
MG,4327,CLARAVAL,3116407.0,4980.0,12,240.96385542168676,9,75.0,Microempresa,0,0.0,12,0,0,0,0,Lanchonetes,12,2,0,0,0,7,3,0,0
TO,333,SAO SALVADOR DO TOCANTINS,1720259.0,2329.0,12,515.24259338772,7,58.333333333333336,Microempresa,0,0.0,12,0,0,0,0,Restaurantes,12,0,0,0,1,5,0,0,6
PI,1189,SANTO INACIO DO PIAUI,2209500.0,3632.0,12,330.3964757709251,7,58.333333333333336,Microempresa,0,0.0,12,0,0,0,0,Outros Food Service,12,1,0,1,0,3,4,3,0
MG,4399,CORREGO NOVO,3120003.0,2889.0,12,415.36863966770505,4,33.33333333333333,Microempresa,0,0.0,12,0,0,0,0,Lanchonetes,12,1,0,0,0,6,2,1,2
GO,9585,SANTA ROSA DE GOIAS,5219506.0,2819.0,12,425.6828662646328,6,50.0,Microempresa,0,0.0,12,0,0,0,0,Lanchonetes,12,0,0,1,0,7,3,1,0
PB,2013,DIAMANTE,2505600.0,6403.0,12,187.41215055442763,4,33.33333333333333,Microempresa,0,0.0,12,0,0,0,0,Outros Food Service,12,1,0,0,2,2,3,2,2
PB,2019,EMAS,2505907.0,3020.0,12,397.35099337748346,5,41.66666666666667,Microempresa,0,0.0,12,0,0,0,0,Alimentação preparada,12,4,0,4,0,1,1,0,2
GO,9491,NOVA AMERICA,5214705.0,2384.0,12,503.35570469798654,5,41.66666666666667,Microempresa,0,0.0,12,0,0,0,0,Lanchonetes,12,0,0,0,0,6,4,0,2
AL,2819,OLIVENCA,2706000.0,11047.0,12,108.62677650040735,6,50.0,Microempresa,0,0.0,12,0,0,0,0,Lanchonetes,12,3,0,0,1,4,2,0,2
MG,2697,MONTEZUMA,3143450.0,6925.0,12,173.28519855595667,5,41.66666666666667,Microempresa,0,0.0,12,0,0,0,0,Lanchonetes,12,2,0,0,0,4,0,2,4
AC,657,PORTO WALTER,1200393.0,11386.0,12,105.39258738802037,4,33.33333333333333,Microempresa,1,8.333333333333332,11,1,0,0,0,Restaurantes,12,2,0,0,0,0,3,3,4
PR,7451,BARRA DO JACARE,4102703.0,2877.0,12,417.10114702815434,4,33.33333333333333,Microempresa,0,0.0,12,0,0,0,0,Lanchonetes,12,2,0,0,0,8,1,1,0
MG,612,FRUTA DE LEITE,3127073.0,4473.0,12,268.2763246143528,5,41.66666666666667,Microempresa,0,0.0,12,0,0,0,0,Catering empresarial,12,0,0,3,0,2,3,1,3
TO,9703,NOVO ALEGRE,1715150.0,1794.0,12,668.8963210702341,4,33.33333333333333,Microempresa,0,0.0,12,0,0,0,0,Lanchonetes,12,1,0,0,1,6,3,1,0
TO,9569,LIZARDA,1712405.0,2912.0,12,412.0879120879121,8,66.66666666666666,Microempresa,0,0.0,12,0,0,0,0,Outros Food Service,12,1,0,0,0,1,5,1,4
BA,3783,PEDRAO,2924108.0,6392.0,12,187.73466833541926,7,58.333333333333336,Microempresa,0,0.0,12,0,0,0,0,Restaurantes,12,2,0,2,1,0,2,2,3
RN,1867,SERRINHA,2413508.0,6608.0,12,181.59806295399517,5,41.66666666666667,Microempresa,0,0.0,12,0,0,0,0,Outros Food Service,12,1,0,0,0,0,5,3,3
MG,4013,AGUA COMPRIDA,3100708.0,2176.0,12,551.4705882352941,2,16.666666666666664,Microempresa,0,0.0,12,0,0,0,0,Outros Food Service,12,2,0,1,0,2,3,1,3
GO,9611,SITIO D'ABADIA,5220702.0,2982.0,12,402.4144869215292,6,50.0,Microempresa,2,16.666666666666664,10,2,0,0,0,Outros Food Service,12,2,0,1,1,1,3,1,3
RS,8491,ANDRE DA ROCHA,4300661.0,1156.0,12,1038.0622837370242,6,50.0,Microempresa,0,0.0,12,0,0,0,0,Lanchonetes,12,0,0,0,1,6,0,2,3
RN,1723,LAGOA D'ANTA,2406205.0,6776.0,12,177.0956316410862,3,25.0,Microempresa,0,0.0,12,0,0,0,0,Alimentação preparada,12,6,0,1,1,1,2,1,0
SP,2985,NOVA CANAA PAULISTA,3532843.0,2053.0,12,584.5104724792985,6,50.0,Microempresa,0,0.0,12,0,0,0,0,Lanchonetes,12,1,0,0,0,4,4,2,1
SP,7219,URU,3555901.0,1428.0,12,840.3361344537815,3,25.0,Microempresa,0,0.0,12,0,0,0,0,Alimentação preparada,12,4,0,0,0,4,4,0,0
MA,873,PIRAPEMAS,2108801.0,18143.0,12,66.14121148652373,7,58.333333333333336,Microempresa,0,0.0,12,0,0,0,0,Outros Food Service,12,0,0,0,0,2,7,0,3
MG,4655,ITAMBE DO MATO DENTRO,3132800.0,2162.0,12,555.0416281221092,2,16.666666666666664,Microempresa,2,16.666666666666664,10,2,0,0,0,Padarias e confeitaria,12,1,0,0,0,1,3,4,3
SC,892,BANDEIRANTE,4202081.0,3287.0,12,365.07453605111044,4,33.33333333333333,Microempresa,0,0.0,12,0,0,0,0,Padarias e confeitaria,12,1,0,0,0,2,2,4,3
SC,904,BRUNOPOLIS,4202875.0,2402.0,12,499.5836802664446,3,25.0,Microempresa,1,8.333333333333332,11,1,0,0,0,Restaurantes,12,0,0,0,0,3,0,0,9
PI,1035,BOCAINA,2201804.0,4106.0,12,292.25523623964926,8,66.66666666666666,Microempresa,0,0.0,12,0,0,0,0,Restaurantes,12,4,0,0,0,1,0,0,7
MA,787,GOVERNADOR ARCHER,2104503.0,10480.0,12,114.50381679389314,5,41.66666666666667,Microempresa,1,8.333333333333332,11,0,1,0,0,Outros Food Service,12,0,0,1,0,3,5,0,3
MA,759,CEDRAL,2103109.0,10448.0,12,114.85451761102604,8,66.66666666666666,Microempresa,0,0.0,12,0,0,0,0,Lanchonetes,12,0,0,0,1,4,4,0,3
MA,791,GRACA ARANHA,2104701.0,6160.0,12,194.80519480519482,10,83.33333333333334,Microempresa,0,0.0,12,0,0,0,0,Restaurantes,12,1,0,1,0,3,3,0,4
MT,9877,INDIAVAI,5104500.0,2150.0,12,558.1395348837209,6,50.0,Microempresa,0,0.0,12,0,0,0,0,Restaurantes,12,0,0,0,0,3,1,1,7
MG,4967,PAULISTAS,3148400.0,4377.0,12,274.16038382453735,3,25.0,Microempresa,0,0.0,12,0,0,0,0,Padarias e confeitaria,12,0,0,0,0,1,4,5,2
RN,1735,LAJES PINTADAS,2406809.0,4960.0,12,241.93548387096774,4,33.33333333333333,Microempresa,0,0.0,12,0,0,0,0,Restaurantes,12,1,0,0,0,4,2,0,5
RN,416,FERNANDO PEDROZA,2403756.0,3041.0,12,394.60703715882937,9,75.0,Microempresa,0,0.0,12,0,0,0,0,Alimentação preparada,12,3,1,1,0,2,1,1,3
PE,2365,CALCADO,2603306.0,11461.0,12,104.70290550562778,7,58.333333333333336,Microempresa,1,8.333333333333332,11,1,0,0,0,Outros Food Service,12,1,0,0,0,1,5,2,3
SP,7215,UNIAO PAULISTA,3555703.0,1629.0,12,736.6482504604052,6,50.0,Microempresa,0,0.0,12,0,0,0,0,Alimentação preparada,12,4,0,1,0,4,2,1,0
RN,1693,IPUEIRA,2404804.0,2090.0,12,574.1626794258373,4,33.33333333333333,Microempresa,0,0.0,12,0,0,0,0,Alimentação preparada,12,5,0,1,0,1,2,0,3
PB,2161,SALGADINHO,2513000.0,3434.0,12,349.44670937682,6,50.0,Microempresa,0,0.0,12,0,0,0,0,Lanchonetes,12,1,0,0,1,4,3,2,1
PA,413,ANAJAS,1500701.0,30482.0,12,39.36749557115675,10,83.33333333333334,Microempresa,0,0.0,12,0,0,0,0,Restaurantes,12,0,0,1,1,1,3,2,4
MA,114,ARAGUANA,2100873.0,11253.0,12,106.63822980538522,9,75.0,Microempresa,0,0.0,12,0,0,0,0,Outros Food Service,12,0,0,0,0,2,5,1,4
RS,988,HERVEIRAS,4309571.0,2604.0,12,460.8294930875576,6,50.0,Microempresa,0,0.0,12,0,0,0,0,Lanchonetes,12,0,0,0,0,6,0,3,3
PB,484,MARCACAO,2509057.0,9634.0,12,124.55885405854266,7,58.333333333333336,Microempresa,1,8.333333333333332,11,0,1,0,0,Restaurantes,12,0,0,1,0,3,2,1,5
RS,980,ESPERANCA DO SUL,4307450.0,3293.0,12,364.40935317339813,6,50.0,Microempresa,0,0.0,12,0,0,0,0,Alimentação preparada,12,4,0,0,0,3,2,0,3
RS,1024,UNISTALDA,4322376.0,2047.0,12,586.2237420615535,7,58.333333333333336,Microempresa,0,0.0,12,0,0,0,0,Lanchonetes,12,4,0,0,0,7,0,0,1
RS,1122,ARROIO DO PADRE,4301073.0,2650.0,12,452.8301886792453,5,41.66666666666667,Microempresa,0,0.0,12,0,0,0,0,Padarias e confeitaria,12,1,0,0,0,0,2,6,3
RS,1018,TOROPI,4321493.0,2594.0,12,462.6060138781804,3,25.0,Microempresa,0,0.0,12,0,0,0,0,Lanchonetes,12,2,0,0,0,3,3,2,2
PB,2071,LIVRAMENTO,2508505.0,7038.0,12,170.50298380221653,4,33.33333333333333,Microempresa,0,0.0,12,0,0,0,0,Restaurantes,12,0,0,0,0,3,1,2,6
AM,219,CANUTAMA,1300904.0,18327.0,12,65.47716483876248,3,25.0,Microempresa,1,8.333333333333332,11,1,0,0,0,Lanchonetes,12,0,0,0,2,6,0,0,4
PI,1081,FRANCISCO AYRES,2204105.0,4545.0,12,264.02640264026405,7,58.333333333333336,Microempresa,0,0.0,12,0,0,0,0,Lanchonetes,12,0,0,0,2,6,1,0,3
AM,203,ANORI,1300102.0,18135.0,12,66.17038875103391,6,50.0,Microempresa,4,33.33333333333333,8,4,0,0,0,Padarias e confeitaria,12,0,0,0,0,3,2,4,3
SC,930,PAINEL,4211892.0,2201.0,12,545.2067242162653,8,66.66666666666666,Microempresa,0,0.0,12,0,0,0,0,Lanchonetes,12,3,0,0,0,5,1,0,3
AM,239,IPIXUNA,1301803.0,25792.0,12,46.526054590570716,6,50.0,Microempresa,0,0.0,12,0,0,0,0,Outros Food Service,12,1,0,0,0,3,6,0,2
SC,5553,CALMON,4203154.0,3525.0,12,340.4255319148936,5,41.66666666666667,Microempresa,0,0.0,12,0,0,0,0,Lanchonetes,12,1,0,0,2,5,3,0,1
SC,942,SAO BERNARDINO,4215752.0,2715.0,12,441.98895027624314,9,75.0,Microempresa,0,0.0,12,0,0,0,0,Padarias e confeitaria,12,2,0,1,0,2,2,3,2
MA,811,JOSELANDIA,2105609.0,15221.0,12,78.83844688259641,3,25.0,Microempresa,0,0.0,12,0,0,0,0,Restaurantes,12,0,0,0,0,4,3,0,5
MA,799,ICATU,2105104.0,25332.0,12,47.37091425864519,3,25.0,Microempresa,0,0.0,12,0,0,0,0,Restaurantes,12,0,0,0,2,2,3,0,5
PR,7747,PARANAPOEMA,4118303.0,2328.0,12,515.4639175257732,6,50.0,Microempresa,0,0.0,12,0,0,0,0,Lanchonetes,12,1,0,0,0,5,4,2,0
BA,3095,GUAJERU,2911659.0,8136.0,12,147.49262536873155,6,50.0,Microempresa,0,0.0,12,0,0,0,0,Eventos e buffet,12,0,0,1,4,2,2,0,3
MG,5231,SAO GERALDO DA PIEDADE,3161601.0,3145.0,12,381.55802861685214,8,66.66666666666666,Microempresa,0,0.0,12,0,0,0,0,Lanchonetes,12,1,0,0,0,6,2,0,3
PI,290,CAMPO ALEGRE DO FIDALGO,2202117.0,4633.0,12,259.0114396719188,7,58.333333333333336,Microempresa,0,0.0,12,0,0,0,0,Outros Food Service,12,0,0,0,2,1,5,1,3
PB,1959,BREJO DOS SANTOS,2502904.0,5793.0,12,207.14655618850335,6,50.0,Microempresa,1,8.333333333333332,11,1,0,0,0,Restaurantes,12,3,0,2,0,0,1,1,5
PI,350,MORRO CABECA NO TEMPO,2206654.0,4453.0,12,269.4812485964518,6,50.0,Microempresa,1,8.333333333333332,11,1,0,0,0,Alimentação preparada,12,3,0,1,2,3,2,0,1
SP,6417,FLORA RICA,3515806.0,1475.0,12,813.5593220338983,3,25.0,Microempresa,0,0.0,12,0,0,0,0,Alimentação preparada,12,4,0,1,0,2,3,2,0
GO,9579,SANTA CRUZ DE GOIAS,5219209.0,2993.0,12,400.9355162044771,3,25.0,Microempresa,1,8.333333333333332,11,0,1,0,0,Outros Food Service,12,1,0,0,0,3,4,1,3
MG,5065,PRESIDENTE KUBITSCHEK,3153301.0,3169.0,12,378.66834963710954,4,33.33333333333333,Microempresa,0,0.0,12,0,0,0,0,Alimentação preparada,12,6,0,0,0,3,0,0,3
PI,304,COCAL DE TELHA,2202711.0,5057.0,12,237.2948388372553,8,66.66666666666666,Microempresa,0,0.0,12,0,0,0,0,Eventos e buffet,12,0,0,2,3,3,0,1,3
MA,817,LAGO VERDE,2105906.0,15062.0,12,79.67069446288673,6,50.0,Microempresa,0,0.0,12,0,0,0,0,Outros Food Service,12,0,0,0,3,1,4,1,3
MG,5063,PRESIDENTE JUSCELINO,3153202.0,3450.0,12,347.82608695652175,6,50.0,Microempresa,2,16.666666666666664,10,2,0,0,0,Lanchonetes,12,0,1,0,0,7,3,1,0
MA,146,CENTRO DO GUILHERME,2103158.0,12715.0,12,94.3767204089658,9,75.0,Microempresa,0,0.0,12,0,0,0,0,Restaurantes,12,1,0,0,3,1,1,0,6
PB,2217,SERRA REDONDA,2515807.0,6967.0,12,172.24056265250468,5,41.66666666666667,Microempresa,0,0.0,12,0,0,0,0,Restaurantes,12,1,0,0,0,4,0,2,5
RS,8715,ITATIBA DO SUL,4310702.0,3240.0,12,370.3703703703704,6,50.0,Microempresa,1,8.333333333333332,11,1,0,0,0,Lanchonetes,12,0,0,0,0,7,1,1,3
PE,2467,JUREMA,2608404.0,13980.0,12,85.83690987124463,6,50.0,Microempresa,0,0.0,12,0,0,0,0,Alimentação preparada,12,5,0,0,0,2,1,4,0
SE,3153,ILHA DAS FLORES,2802700.0,8502.0,12,141.14326040931547,5,41.66666666666667,Microempresa,2,16.666666666666664,10,0,2,0,0,Restaurantes,12,0,0,0,0,3,2,2,5
TO,9347,DUERE,1707306.0,4289.0,12,279.7854977850315,4,33.33333333333333,Microempresa,0,0.0,12,0,0,0,0,Restaurantes,12,2,0,0,1,3,1,0,5
PR,7645,JARDIM OLINDA,4112603.0,1345.0,12,892.1933085501859,5,41.66666666666667,Microempresa,0,0.0,12,0,0,0,0,Lanchonetes,12,0,0,0,0,7,2,2,1
PI,2259,LAGOA DO BARRO DO PIAUI,2205565.0,5194.0,12,231.03581055063535,4,33.33333333333333,Microempresa,0,0.0,12,0,0,0,0,Lanchonetes,12,0,0,0,2,4,3,0,3
PI,2263,SAO BRAZ DO PIAUI,2209559.0,4457.0,12,269.2393986986762,3,25.0,Microempresa,0,0.0,12,0,0,0,0,Lanchonetes,12,1,0,2,1,3,1,2,2
TO,9409,ITAGUATINS,1710706.0,5116.0,12,234.55824863174357,4,33.33333333333333,Microempresa,0,0.0,12,0,0,0,0,Lanchonetes,12,0,0,2,1,3,3,1,2
BA,3383,BOTUPORA,2904209.0,11443.0,12,104.86760464913047,2,16.666666666666664,Microempresa,0,0.0,12,0,0,0,0,Lanchonetes,12,2,0,0,0,7,3,0,0
PE,2437,IGUARACY,2606903.0,11329.0,12,105.92285285550358,6,50.0,Microempresa,0,0.0,12,0,0,0,0,Outros Food Service,12,3,0,0,0,2,4,1,2
PB,514,JOCA CLAUDINO,2513653.0,2608.0,12,460.1226993865031,4,33.33333333333333,Microempresa,0,0.0,12,0,0,0,0,Lanchonetes,12,0,0,0,1,5,3,1,2
CE,1335,BAIXIO,2301802.0,5810.0,12,206.5404475043029,11,91.66666666666666,Microempresa,0,0.0,12,0,0,0,0,Outros Food Service,12,0,0,0,2,3,4,2,1
PR,838,BOM JESUS DO SUL,4103156.0,4083.0,12,293.9015429831006,5,41.66666666666667,Microempresa,0,0.0,12,0,0,0,0,Alimentação preparada,12,4,0,0,0,2,2,1,3
PR,834,BELA VISTA DA CAROBA,4102752.0,4128.0,12,290.69767441860466,6,50.0,Microempresa,0,0.0,12,0,0,0,0,Restaurantes,12,1,0,0,2,2,0,3,4
PR,872,PORTO BARREIRO,4120150.0,3023.0,12,396.95666556400926,5,41.66666666666667,Microempresa,0,0.0,12,0,0,0,0,Lanchonetes,12,0,0,0,0,5,1,2,4
RS,5973,NOVO TIRADENTES,4313441.0,2187.0,12,548.6968449931412,8,66.66666666666666,Microempresa,0,0.0,12,0,0,0,0,Lanchonetes,12,2,0,0,0,6,0,2,2
RS,5945,COQUEIROS DO SUL,4305850.0,2248.0,12,533.8078291814946,9,75.0,Microempresa,0,0.0,12,0,0,0,0,Restaurantes,12,1,0,0,0,3,1,3,4
RS,5793,SAO MARTINHO DA SERRA,4319125.0,2908.0,12,412.6547455295736,8,66.66666666666666,Microempresa,0,0.0,12,0,0,0,0,Alimentação preparada,12,4,0,0,0,1,4,2,1
PR,5485,IRACEMA DO OESTE,4110656.0,2314.0,11,475.36732929991354,5,45.45454545454545,Microempresa,0,0.0,11,0,0,0,0,Lanchonetes,11,2,0,0,0,5,1,0,3
CE,1477,MORAUJO,2308807.0,8557.0,11,128.54972537104126,4,36.36363636363637,Microempresa,0,0.0,11,0,0,0,0,Lanchonetes,11,0,0,0,1,5,2,3,0
MG,2655,JAMPRUCA,3135076.0,4229.0,11,260.1087727595176,3,27.27272727272727,Microempresa,0,0.0,11,0,0,0,0,Lanchonetes,11,1,0,1,0,5,0,1,3
PR,5467,IGUATU,4110052.0,2150.0,11,511.62790697674416,7,63.63636363636363,Microempresa,0,0.0,11,0,0,0,0,Restaurantes,11,2,0,0,2,2,1,0,4
PR,864,MANFRINOPOLIS,4114351.0,2770.0,11,397.11191335740074,4,36.36363636363637,Microempresa,0,0.0,11,0,0,0,0,Lanchonetes,11,0,0,0,0,7,0,2,2
SE,3147,GENERAL MAYNARD,2802502.0,3124.0,11,352.11267605633805,7,63.63636363636363,Microempresa,2,18.181818181818183,9,0,2,0,0,Lanchonetes,11,3,0,0,0,5,0,0,3
SE,3149,GARARU,2802403.0,11288.0,11,97.44861800141743,4,36.36363636363637,Microempresa,0,0.0,11,0,0,0,0,Lanchonetes,11,2,0,1,0,3,1,1,3
MG,652,MIRAVANIA,3142254.0,3955.0,11,278.1289506953224,9,81.81818181818183,Microempresa,0,0.0,11,0,0,0,0,Restaurantes,11,0,0,0,0,2,2,1,6
PI,2255,CORONEL JOSE DIAS,2202851.0,4278.0,11,257.12949976624594,3,27.27272727272727,Microempresa,0,0.0,11,0,0,0,0,Lanchonetes,11,1,0,0,0,4,3,2,1
MA,224,SANTANA DO MARANHAO,2110237.0,10744.0,11,102.38272524199553,4,36.36363636363637,Microempresa,0,0.0,11,0,0,0,0,Outros Food Service,11,0,0,0,4,0,5,0,2
BA,3273,CATURAMA,2907558.0,9127.0,11,120.52152952777473,4,36.36363636363637,Microempresa,0,0.0,11,0,0,0,0,Outros Food Service,11,0,0,1,1,2,4,0,3
BA,3387,BREJOLANDIA,2904407.0,9344.0,11,117.72260273972601,9,81.81818181818183,Microempresa,1,9.090909090909092,10,1,0,0,0,Restaurantes,11,0,0,0,3,1,3,0,4
PE,2523,POCAO,2611200.0,10781.0,11,102.03135145162787,9,81.81818181818183,Microempresa,0,0.0,11,0,0,0,0,Padarias e confeitaria,11,2,0,1,1,1,1,3,2
PE,2585,MOREILANDIA,2614303.0,10829.0,11,101.57909317573184,6,54.54545454545454,Microempresa,0,0.0,11,0,0,0,0,Outros Food Service,11,0,0,1,0,3,4,1,2
BA,3297,MIRANTE,2921450.0,10529.0,11,104.47335929338018,5,45.45454545454545,Microempresa,0,0.0,11,0,0,0,0,Restaurantes,11,0,0,0,1,3,3,0,4
BA,3977,MANSIDAO,2920452.0,14595.0,11,75.36827680712572,2,18.181818181818183,Microempresa,0,0.0,11,0,0,0,0,Outros Food Service,11,1,0,0,0,4,5,0,1
PI,282,BOQUEIRAO DO PIAUI,2201945.0,6683.0,11,164.5967379919198,8,72.72727272727273,Microempresa,0,0.0,11,0,0,0,0,Lanchonetes,11,2,0,0,0,3,3,0,3
SP,7045,SANTANA DA PONTE PENSA,3547205.0,1700.0,11,647.0588235294118,8,72.72727272727273,Microempresa,0,0.0,11,0,0,0,0,Alimentação preparada,11,3,0,0,2,2,2,2,0
MA,204,OLINDA NOVA DO MARANHAO,2107456.0,13932.0,11,78.95492391616423,4,36.36363636363637,Microempresa,0,0.0,11,0,0,0,0,Catering empresarial,11,0,0,3,0,3,2,0,3
MA,208,PEDRO DO ROSARIO,2108256.0,24989.0,11,44.01936852214975,8,72.72727272727273,Microempresa,0,0.0,11,0,0,0,0,Outros Food Service,11,0,0,0,0,0,7,3,1
MG,5265,SAO JOSE DO DIVINO,3163300.0,3465.0,11,317.46031746031747,4,36.36363636363637,Microempresa,0,0.0,11,0,0,0,0,Lanchonetes,11,1,0,0,0,7,0,2,1
MG,5269,SAO JOSE DO JACURI,3163508.0,6267.0,11,175.5225785862454,6,54.54545454545454,Microempresa,0,0.0,11,0,0,0,0,Outros Food Service,11,3,0,0,0,1,4,1,2
MG,5295,SAO SEBASTIAO DO RIO PRETO,3164803.0,1211.0,11,908.3402146985962,4,36.36363636363637,Microempresa,0,0.0,11,0,0,0,0,Lanchonetes,11,2,0,0,1,3,2,1,2
MA,214,PRESIDENTE MEDICI,2109239.0,4690.0,11,234.5415778251599,9,81.81818181818183,Microempresa,0,0.0,11,0,0,0,0,Outros Food Service,11,1,0,0,1,2,3,1,3
RS,970,CHUVISCA,4305447.0,4682.0,11,234.94233233660827,3,27.27272727272727,Microempresa,0,0.0,11,0,0,0,0,Lanchonetes,11,2,0,0,0,6,0,3,0
RN,1108,JUNDIA,2406155.0,3877.0,11,283.72452927521283,7,63.63636363636363,Microempresa,0,0.0,11,0,0,0,0,Restaurantes,11,1,0,0,3,0,2,0,5
RN,1629,BARCELONA,2401503.0,4112.0,11,267.50972762645915,5,45.45454545454545,Microempresa,0,0.0,11,0,0,0,0,Lanchonetes,11,2,0,0,1,4,1,0,3
MG,4975,PEDRA DO ANTA,3148806.0,3360.0,11,327.3809523809524,3,27.27272727272727,Microempresa,0,0.0,11,0,0,0,0,Lanchonetes,11,3,0,0,0,4,4,0,0
MG,4983,PEDRINOPOLIS,3149200.0,3392.0,11,324.2924528301887,6,54.54545454545454,Microempresa,0,0.0,11,0,0,0,0,Lanchonetes,11,2,0,0,0,3,2,2,2
PI,332,JULIO BORGES,2205524.0,5503.0,11,199.8909685626022,9,81.81818181818183,Microempresa,0,0.0,11,0,0,0,0,Lanchonetes,11,1,0,0,1,3,3,0,3
AM,9849,UARINI,1304260.0,15815.0,11,69.55422067657287,5,45.45454545454545,Microempresa,1,9.090909090909092,10,1,0,0,0,Lanchonetes,11,2,0,0,0,3,2,1,3
PI,306,COCAL DOS ALVES,2202729.0,6621.0,11,166.13804561244524,4,36.36363636363637,Microempresa,0,0.0,11,0,0,0,0,Restaurantes,11,2,0,0,0,2,2,1,4
MA,232,SAO JOAO DO CARU,2111029.0,12305.0,11,89.39455505891914,3,27.27272727272727,Microempresa,1,9.090909090909092,10,1,0,0,0,Restaurantes,11,3,0,1,0,2,1,0,4
MA,821,LORETO,2106102.0,11891.0,11,92.50693802035153,4,36.36363636363637,Microempresa,2,18.181818181818183,9,2,0,0,0,Restaurantes,11,1,0,0,0,2,0,3,5
SC,918,FREI ROGERIO,4205555.0,2446.0,11,449.71381847914967,4,36.36363636363637,Microempresa,0,0.0,11,0,0,0,0,Lanchonetes,11,1,0,0,0,6,2,1,1
PI,400,SUSSUAPARA,2210938.0,6264.0,11,175.6066411238825,7,63.63636363636363,Microempresa,0,0.0,11,0,0,0,0,Restaurantes,11,0,0,0,0,3,2,1,5
PI,1059,CRISTALANDIA DO PIAUI,2203008.0,7411.0,11,148.42801241397922,3,27.27272727272727,Microempresa,0,0.0,11,0,0,0,0,Outros Food Service,11,1,0,0,0,2,4,0,4
PI,1025,BARREIRAS DO PIAUI,2201309.0,3338.0,11,329.53864589574596,3,27.27272727272727,Microempresa,0,0.0,11,0,0,0,0,Lanchonetes,11,2,1,0,0,3,1,2,2
MA,839,MONTES ALTOS,2107001.0,9304.0,11,118.22871883061049,4,36.36363636363637,Microempresa,0,0.0,11,0,0,0,0,Lanchonetes,11,1,0,0,0,5,0,2,3
PE,556,SANTA FILOMENA,2612554.0,12322.0,11,89.27122220418764,5,45.45454545454545,Microempresa,0,0.0,11,0,0,0,0,Padarias e confeitaria,11,0,0,0,3,2,0,4,2
RN,1757,MONTE DAS GAMELEIRAS,2407906.0,2347.0,11,468.68342564976564,6,54.54545454545454,Microempresa,0,0.0,11,0,0,0,0,Lanchonetes,11,0,0,0,0,5,1,0,5
MA,130,BOM LUGAR,2102077.0,12333.0,11,89.19159977296684,2,18.181818181818183,Microempresa,1,9.090909090909092,10,0,1,0,0,Outros Food Service,11,0,0,1,0,3,5,0,2
RS,1126,BOA VISTA DO INCRA,4302238.0,2314.0,11,475.36732929991354,5,45.45454545454545,Microempresa,0,0.0,11,0,0,0,0,Padarias e confeitaria,11,1,0,0,0,1,2,5,2
RS,1128,BOZANO,4302584.0,2195.0,11,501.13895216400914,1,9.090909090909092,Microempresa,0,0.0,11,0,0,0,0,Lanchonetes,11,0,0,0,0,4,0,3,4
RS,974,DILERMANDO DE AGUIAR,4306379.0,2856.0,11,385.1540616246499,6,54.54545454545454,Microempresa,0,0.0,11,0,0,0,0,Alimentação preparada,11,4,0,1,0,2,0,1,3
PI,1001,AGRICOLANDIA,2200103.0,5010.0,11,219.56087824351297,6,54.54545454545454,Microempresa,0,0.0,11,0,0,0,0,Restaurantes,11,0,0,0,0,2,2,0,7
PI,1119,MARCOS PARENTE,2206001.0,4876.0,11,225.5947497949139,6,54.54545454545454,Microempresa,0,0.0,11,0,0,0,0,Restaurantes,11,0,0,0,0,3,1,2,5
SP,7249,DIRCE REIS,3513850.0,1637.0,11,671.9609040928527,4,36.36363636363637,Microempresa,0,0.0,11,0,0,0,0,Lanchonetes,11,0,0,0,0,5,2,1,3
TO,80,CHAPADA DA NATIVIDADE,1705102.0,3169.0,11,347.112653834017,4,36.36363636363637,Microempresa,0,0.0,11,0,0,0,0,Alimentação preparada,11,4,0,0,1,3,0,0,3
TO,82,CRIXAS DO TOCANTINS,1706258.0,1491.0,11,737.7598926894701,8,72.72727272727273,Microempresa,0,0.0,11,0,0,0,0,Restaurantes,11,2,0,0,0,2,0,3,4
SC,5539,MORRO GRANDE,4211256.0,3108.0,11,353.92535392535393,3,27.27272727272727,Microempresa,0,0.0,11,0,0,0,0,Restaurantes,11,0,0,0,1,3,0,0,7
MG,4883,NACIP RAYDAN,3144201.0,2365.0,11,465.1162790697674,2,18.181818181818183,Microempresa,0,0.0,11,0,0,0,0,Outros Food Service,11,3,1,0,0,1,5,0,1
BA,3489,CRAVOLANDIA,2909505.0,4463.0,11,246.4709836432893,9,81.81818181818183,Microempresa,0,0.0,11,0,0,0,0,Lanchonetes,11,1,0,0,0,4,2,0,4
RN,1825,SANTANA DO SERIDO,2411429.0,2804.0,11,392.29671897289586,6,54.54545454545454,Microempresa,0,0.0,11,0,0,0,0,Alimentação preparada,11,5,0,1,0,2,2,0,1
GO,9935,MORRO AGUDO DE GOIAS,5213855.0,2511.0,11,438.07248108323375,2,18.181818181818183,Microempresa,0,0.0,11,0,0,0,0,Restaurantes,11,1,0,0,0,4,1,0,5
GO,9737,PALESTINA DE GOIAS,5215652.0,3094.0,11,355.5268261150614,2,18.181818181818183,Microempresa,0,0.0,11,0,0,0,0,Lanchonetes,11,1,0,0,0,6,2,0,2
PA,537,SANTAREM NOVO,1506906.0,6362.0,11,172.90160326941213,5,45.45454545454545,Microempresa,0,0.0,11,0,0,0,0,Alimentação preparada,11,3,0,2,0,0,1,2,3
PA,479,LIMOEIRO DO AJURU,1504000.0,32387.0,11,33.96424491308241,3,27.27272727272727,Microempresa,3,27.27272727272727,8,3,0,0,0,Restaurantes,11,0,0,0,0,3,2,1,5
TO,171,CACHOEIRINHA,1703826.0,1973.0,11,557.5266092245312,3,27.27272727272727,Microempresa,0,0.0,11,0,0,0,0,Lanchonetes,11,2,0,0,0,5,0,0,4
PI,1179,RIO GRANDE DO PIAUI,2209005.0,5824.0,11,188.87362637362637,6,54.54545454545454,Microempresa,0,0.0,11,0,0,0,0,Lanchonetes,11,2,0,0,0,4,4,0,1
SC,5743,PASSOS MAIA,4212270.0,3964.0,11,277.497477295661,5,45.45454545454545,Microempresa,2,18.181818181818183,9,2,0,0,0,Lanchonetes,11,1,0,0,0,4,3,0,3
AL,2879,TANQUE D'ARCA,2709004.0,5905.0,11,186.2828111769687,3,27.27272727272727,Microempresa,0,0.0,11,0,0,0,0,Lanchonetes,11,3,0,0,0,4,1,3,0
GO,1054,AMARALINA,5200829.0,3254.0,11,338.0454824830977,2,18.181818181818183,Microempresa,0,0.0,11,0,0,0,0,Outros Food Service,11,2,0,2,1,0,3,0,3
RS,5997,SAO VALENTIM DO SUL,4319711.0,2255.0,11,487.8048780487805,3,27.27272727272727,Microempresa,0,0.0,11,0,0,0,0,Lanchonetes,11,0,0,1,0,3,1,3,3
GO,79,MONTIVIDIU DO NORTE,5213772.0,3717.0,11,295.9375840731773,6,54.54545454545454,Microempresa,0,0.0,11,0,0,0,0,Lanchonetes,11,2,0,1,0,4,0,0,4
PI,1161,PIMENTEIRAS,2208106.0,11471.0,11,95.89399354894952,1,9.090909090909092,Microempresa,0,0.0,11,0,0,0,0,Padarias e confeitaria,11,0,0,0,2,1,3,5,0
RO,677,CACAULANDIA,1100601.0,4242.0,11,259.3116454502593,2,18.181818181818183,Microempresa,2,18.181818181818183,9,2,0,0,0,Outros Food Service,11,2,0,0,0,3,4,0,2
RO,687,RIO CRESPO,1100262.0,3781.0,11,290.92832583972495,5,45.45454545454545,Microempresa,1,9.090909090909092,10,1,0,0,0,Lanchonetes,11,0,0,2,0,6,0,0,3
PB,2007,CURRAL VELHO,2505303.0,2304.0,11,477.4305555555556,6,54.54545454545454,Microempresa,1,9.090909090909092,10,1,0,0,0,Outros Food Service,11,1,0,0,0,2,4,0,4
PB,2031,GURJAO,2506509.0,3361.0,11,327.28354656352275,9,81.81818181818183,Microempresa,0,0.0,11,0,0,0,0,Lanchonetes,11,0,0,0,0,4,2,1,4
BA,3867,SANTANOPOLIS,2928307.0,9046.0,11,121.60070749502542,5,45.45454545454545,Microempresa,0,0.0,11,0,0,0,0,Restaurantes,11,2,0,0,0,2,3,0,4
PA,577,BREJO GRANDE DO ARAGUAIA,1501758.0,6947.0,11,158.34173024327046,6,54.54545454545454,Microempresa,0,0.0,11,0,0,0,0,Restaurantes,11,0,0,0,0,3,1,0,7
PI,1197,SAO JOAO DA SERRA,2209906.0,6232.0,11,176.50834403080873,5,45.45454545454545,Microempresa,0,0.0,11,0,0,0,0,Restaurantes,11,0,0,0,2,3,2,0,4
PI,1201,SAO JOSE DO PEIXE,2210102.0,3282.0,11,335.16148689823274,3,27.27272727272727,Microempresa,0,0.0,11,0,0,0,0,Restaurantes,11,0,0,0,0,3,2,2,4
PI,1203,SAO JOSE DO PIAUI,2210201.0,6887.0,11,159.7212138812255,9,81.81818181818183,Microempresa,0,0.0,11,0,0,0,0,Lanchonetes,11,2,0,0,0,5,0,0,4
TO,323,RIO DA CONCEICAO,1718659.0,1832.0,11,600.4366812227074,6,54.54545454545454,Microempresa,0,0.0,11,0,0,0,0,Lanchonetes,11,0,0,0,2,6,2,0,1
SP,2937,LOURDES,3527256.0,1957.0,11,562.0848237097598,7,63.63636363636363,Microempresa,0,0.0,11,0,0,0,0,Lanchonetes,11,2,0,2,0,3,3,1,0
MA,905,SAO BENEDITO DO RIO PRETO,2110401.0,18825.0,11,58.43293492695883,4,36.36363636363637,Microempresa,0,0.0,11,0,0,0,0,Lanchonetes,11,0,0,0,2,5,1,1,2
MG,4297,CASA GRANDE,3114907.0,2260.0,11,486.72566371681415,6,54.54545454545454,Microempresa,0,0.0,11,0,0,0,0,Lanchonetes,11,3,0,0,0,4,0,4,0
MG,4299,CASCALHO RICO,3115003.0,2745.0,11,400.72859744990893,7,63.63636363636363,Microempresa,0,0.0,11,0,0,0,0,Lanchonetes,11,0,0,0,0,5,0,1,5
AL,2805,MINADOR DO NEGRAO,2705309.0,4934.0,11,222.94284556141062,3,27.27272727272727,Microempresa,0,0.0,11,0,0,0,0,Outros Food Service,11,0,0,0,0,3,6,1,1
TO,355,PIRAQUE,1717206.0,2195.0,11,501.13895216400914,3,27.27272727272727,Microempresa,0,0.0,11,0,0,0,0,Lanchonetes,11,2,0,0,1,3,2,0,3
TO,357,RECURSOLANDIA,1718501.0,3438.0,11,319.95346131471786,4,36.36363636363637,Microempresa,0,0.0,11,0,0,0,0,Restaurantes,11,2,0,0,2,2,1,1,3
PI,1229,DIRCEU ARCOVERDE,2203354.0,7278.0,11,151.14042319318494,3,27.27272727272727,Microempresa,0,0.0,11,0,0,0,0,Outros Food Service,11,0,0,0,0,3,6,1,1
PI,1379,SIGEFREDO PACHECO,2210656.0,9704.0,11,113.3553173948887,4,36.36363636363637,Microempresa,0,0.0,11,0,0,0,0,Padarias e confeitaria,11,0,0,0,0,3,1,4,3
TO,9313,CONCEICAO DO TOCANTINS,1705607.0,3929.0,11,279.9694578773225,7,63.63636363636363,Microempresa,0,0.0,11,0,0,0,0,Lanchonetes,11,0,0,0,2,3,3,0,3
SE,3137,CUMBE,2801900.0,3875.0,11,283.8709677419355,3,27.27272727272727,Microempresa,1,9.090909090909092,10,0,1,0,0,Outros Food Service,11,0,0,1,0,3,4,2,1
RN,1819,RUY BARBOSA,2411106.0,3241.0,11,339.4014193150262,6,54.54545454545454,Microempresa,0,0.0,11,0,0,0,0,Lanchonetes,11,1,2,0,0,4,1,1,2
MG,624,IBIRACATU,3129657.0,5089.0,11,216.15248575358615,7,63.63636363636363,Microempresa,0,0.0,11,0,0,0,0,Lanchonetes,11,2,0,1,1,3,3,0,1
SE,3193,NOSSA SENHORA DE LOURDES,2804706.0,6413.0,11,171.52658662092625,2,18.181818181818183,Microempresa,0,0.0,11,0,0,0,0,Alimentação preparada,11,4,0,0,0,3,1,2,1
AL,2777,JUNDIA,2703908.0,4175.0,11,263.47305389221555,5,45.45454545454545,Microempresa,1,9.090909090909092,10,1,0,0,0,Lanchonetes,11,2,0,0,0,5,0,0,4
TO,9417,ITAPORA DO TOCANTINS,1711100.0,2464.0,11,446.4285714285714,3,27.27272727272727,Microempresa,0,0.0,11,0,0,0,0,Catering empresarial,11,1,0,3,2,2,1,2,0
PR,830,ARAPUA,4101655.0,3571.0,11,308.03696443573233,6,54.54545454545454,Microempresa,0,0.0,11,0,0,0,0,Outros Food Service,11,1,0,0,0,2,5,0,3
PR,5503,MATO RICO,4115739.0,3216.0,11,342.0398009950249,7,63.63636363636363,Microempresa,1,9.090909090909092,10,0,1,0,0,Restaurantes,11,0,0,0,2,0,4,0,5
AL,2715,BELEM,2700805.0,4819.0,11,228.26312512969497,4,36.36363636363637,Microempresa,0,0.0,11,0,0,0,0,Restaurantes,11,2,0,0,0,3,0,1,5
AL,2769,JACUIPE,2703502.0,5414.0,10,184.7063169560399,5,50.0,Microempresa,0,0.0,10,0,0,0,0,Lanchonetes,10,0,0,0,0,5,2,0,3
MG,662,NOVA BELEM,3144672.0,3098.0,10,322.7888960619755,4,40.0,Microempresa,0,0.0,10,0,0,0,0,Outros Food Service,10,0,0,0,0,3,6,0,1
MG,654,MONTE FORMOSO,3143153.0,4425.0,10,225.98870056497177,5,50.0,Microempresa,0,0.0,10,0,0,0,0,Outros Food Service,10,0,0,0,0,2,3,2,3
PR,5471,BOA ESPERANCA DO IGUACU,4103024.0,2402.0,10,416.3197335553705,3,30.0,Microempresa,0,0.0,10,0,0,0,0,Lanchonetes,10,0,0,0,0,4,1,3,2
MG,638,JOSENOPOLIS,3136579.0,3511.0,10,284.81913984619763,6,60.0,Microempresa,1,10.0,9,1,0,0,0,Lanchonetes,10,2,0,0,0,4,3,0,1
MG,616,GLAUCILANDIA,3127354.0,2991.0,10,334.3363423604146,5,50.0,Microempresa,0,0.0,10,0,0,0,0,Outros Food Service,10,2,0,0,0,2,4,2,0
BA,3799,PLANALTINO,2924900.0,8226.0,10,121.56576707999028,6,60.0,Microempresa,0,0.0,10,0,0,0,0,Eventos e buffet,10,0,0,0,4,1,4,0,1
PB,2035,IMACULADA,2506707.0,10447.0,10,95.72125969177755,7,70.0,Microempresa,2,20.0,8,0,2,0,0,Lanchonetes,10,0,0,1,0,4,0,2,3
RN,1891,VARZEA,2414704.0,5391.0,10,185.49434242255612,5,50.0,Microempresa,0,0.0,10,0,0,0,0,Outros Food Service,10,0,0,1,1,2,3,1,2
SP,6777,OLEO,3533809.0,2530.0,10,395.2569169960474,4,40.0,Microempresa,0,0.0,10,0,0,0,0,Lanchonetes,10,1,0,0,0,7,1,1,0
BA,3857,SANTA CRUZ DA VITORIA,2927804.0,4612.0,10,216.8256721595837,4,40.0,Microempresa,0,0.0,10,0,0,0,0,Lanchonetes,10,1,0,0,0,4,2,1,2
RO,691,CASTANHEIRAS,1100908.0,3445.0,10,290.2757619738752,7,70.0,Microempresa,0,0.0,10,0,0,0,0,Lanchonetes,10,1,0,0,1,3,1,2,2
PB,1983,CARRAPATEIRA,2504108.0,2363.0,10,423.1908590774439,4,40.0,Microempresa,0,0.0,10,0,0,0,0,Restaurantes,10,2,0,0,1,2,1,0,4
PA,489,MELGACO,1504505.0,30305.0,10,32.99785513941594,7,70.0,Microempresa,2,20.0,8,2,0,0,0,Outros Food Service,10,2,0,0,0,0,4,2,2
BA,3675,LAFAIETE COUTINHO,2918704.0,4235.0,10,236.12750885478158,3,30.0,Microempresa,0,0.0,10,0,0,0,0,Eventos e buffet,10,1,0,0,2,2,1,2,2
PB,2093,MONTE HOREBE,2509602.0,4422.0,10,226.1420171867933,8,80.0,Microempresa,0,0.0,10,0,0,0,0,Restaurantes,10,2,0,0,2,2,1,0,3
PB,2185,SAO JOSE DA LAGOA TAPADA,2514206.0,7234.0,10,138.23610727121925,5,50.0,Microempresa,0,0.0,10,0,0,0,0,Alimentação preparada,10,5,0,0,0,1,1,1,2
GO,9931,MIMOSO DE GOIAS,5213053.0,2619.0,10,381.82512409316536,2,20.0,Microempresa,0,0.0,10,0,0,0,0,Restaurantes,10,2,0,0,0,1,1,2,4
MA,112,APICUM-ACU,2100832.0,17693.0,10,56.51952749675012,3,30.0,Microempresa,0,0.0,10,0,0,0,0,Outros Food Service,10,0,0,0,0,1,5,1,3
RN,1739,LUIS GOMES,2407005.0,9257.0,10,108.02635843145728,6,60.0,Microempresa,0,0.0,10,0,0,0,0,Lanchonetes,10,0,0,1,0,3,3,1,2
RN,1725,LAGOA DE PEDRAS,2406304.0,7615.0,10,131.31976362442546,4,40.0,Microempresa,0,0.0,10,0,0,0,0,Outros Food Service,10,0,0,0,2,2,5,1,0
PE,2335,BETANIA,2601805.0,11944.0,10,83.72404554588077,7,70.0,Microempresa,0,0.0,10,0,0,0,0,Padarias e confeitaria,10,1,0,0,0,3,0,4,2
PE,2329,BELEM DE MARIA,2601508.0,10769.0,10,92.85913269570062,7,70.0,Microempresa,0,0.0,10,0,0,0,0,Lanchonetes,10,2,0,1,0,4,3,0,0
PE,546,CASINHAS,2604155.0,13447.0,10,74.36602959767978,8,80.0,Microempresa,0,0.0,10,0,0,0,0,Alimentação preparada,10,3,0,0,0,1,3,1,2
PA,373,TERRA ALTA,1507961.0,10858.0,10,92.09799226376865,7,70.0,Microempresa,0,0.0,10,0,0,0,0,Restaurantes,10,2,0,1,0,1,0,1,5
PB,456,BERNARDINO BATISTA,2502052.0,3704.0,10,269.97840172786175,5,50.0,Microempresa,0,0.0,10,0,0,0,0,Restaurantes,10,0,0,0,0,2,1,1,6
GO,9339,DAVINOPOLIS,5206909.0,1877.0,10,532.7650506126798,5,50.0,Microempresa,2,20.0,8,2,0,0,0,Restaurantes,10,0,0,2,0,1,1,1,5
PB,1973,CAICARA,2503605.0,6657.0,10,150.21781583295777,3,30.0,Microempresa,1,10.0,9,0,1,0,0,Lanchonetes,10,0,0,0,2,3,1,3,1
RS,972,CRISTAL DO SUL,4306072.0,2745.0,10,364.29872495446267,8,80.0,Microempresa,0,0.0,10,0,0,0,0,Lanchonetes,10,0,0,0,0,3,2,3,2
PI,270,ASSUNCAO DO PIAUI,2201051.0,7595.0,10,131.6655694535879,6,60.0,Microempresa,0,0.0,10,0,0,0,0,Outros Food Service,10,0,0,0,1,2,4,0,3
PE,2635,CARNAUBEIRA DA PENHA,2603926.0,12739.0,10,78.4990972603815,5,50.0,Microempresa,0,0.0,10,0,0,0,0,Outros Food Service,10,0,0,0,1,2,3,2,2
PE,2501,PALMEIRINA,2610103.0,7059.0,10,141.66312508853946,7,70.0,Microempresa,0,0.0,10,0,0,0,0,Alimentação preparada,10,3,0,0,0,3,0,3,1
PE,2349,BREJINHO,2602506.0,8055.0,10,124.14649286157666,7,70.0,Microempresa,0,0.0,10,0,0,0,0,Lanchonetes,10,0,0,0,1,4,1,0,4
PI,280,BOA HORA,2201770.0,7104.0,10,140.76576576576576,8,80.0,Microempresa,0,0.0,10,0,0,0,0,Restaurantes,10,0,0,0,0,2,0,2,6
PI,274,BELA VISTA DO PIAUI,2201556.0,4147.0,10,241.13817217265495,1,10.0,Microempresa,0,0.0,10,0,0,0,0,Lanchonetes,10,2,0,0,0,5,1,2,0
SP,7087,SAO JOAO DO PAU D'ALHO,3549300.0,2297.0,10,435.35045711798,1,10.0,Microempresa,0,0.0,10,0,0,0,0,Lanchonetes,10,1,0,0,0,5,0,3,1
BA,3093,GAVIAO,2911253.0,4485.0,10,222.9654403567447,9,90.0,Microempresa,0,0.0,10,0,0,0,0,Restaurantes,10,1,0,0,0,1,2,2,4
PI,316,FRANCISCO MACEDO,2204154.0,2985.0,10,335.00837520938023,3,30.0,Microempresa,0,0.0,10,0,0,0,0,Restaurantes,10,0,0,1,0,3,2,0,4
PI,298,CARAUBAS DO PIAUI,2202539.0,5587.0,10,178.98693395382136,4,40.0,Microempresa,0,0.0,10,0,0,0,0,Restaurantes,10,1,0,1,0,3,0,0,5
PI,324,JATOBA DO PIAUI,2205276.0,4554.0,10,219.58717610891526,4,40.0,Microempresa,0,0.0,10,0,0,0,0,Outros Food Service,10,0,0,0,1,1,5,0,3
MG,4949,PASSABEM,3147501.0,1601.0,10,624.6096189881324,3,30.0,Microempresa,0,0.0,10,0,0,0,0,Lanchonetes,10,1,0,0,0,4,0,1,4
PI,384,SAO JOAO DA FRONTEIRA,2209872.0,5601.0,10,178.53954650955188,3,30.0,Microempresa,0,0.0,10,0,0,0,0,Restaurantes,10,0,0,0,1,4,0,0,5
AM,279,TAPAUA,1304104.0,20849.0,10,47.96393112379491,7,70.0,Microempresa,3,30.0,7,3,0,0,0,Restaurantes,10,1,0,0,0,2,2,0,5
RS,6051,INHACORA,4310413.0,2047.0,10,488.51978505129455,8,80.0,Microempresa,0,0.0,10,0,0,0,0,Alimentação preparada,10,3,0,0,0,3,0,1,3
RS,6073,DERRUBADAS,4306320.0,2793.0,10,358.03795202291445,4,40.0,Microempresa,1,10.0,9,1,0,0,0,Lanchonetes,10,1,0,0,0,3,2,1,3
RS,1030,VILA LANGARO,4323358.0,2121.0,10,471.4757190004715,3,30.0,Microempresa,1,10.0,9,1,0,0,0,Restaurantes,10,0,0,0,0,1,3,1,5
RS,1012,SENADOR SALGADO FILHO,4320321.0,2725.0,10,366.9724770642202,5,50.0,Microempresa,0,0.0,10,0,0,0,0,Restaurantes,10,1,0,0,0,0,0,3,6
PI,1083,FRANCISCO SANTOS,2204204.0,8334.0,10,119.99040076793857,3,30.0,Microempresa,0,0.0,10,0,0,0,0,Outros Food Service,10,0,0,0,0,2,6,0,2
SP,7207,TURMALINA,3555307.0,1652.0,10,605.3268765133172,4,40.0,Microempresa,0,0.0,10,0,0,0,0,Outros Food Service,10,1,0,0,0,2,4,3,0
MG,4849,MONJOLOS,3142502.0,2178.0,10,459.1368227731864,4,40.0,Microempresa,0,0.0,10,0,0,0,0,Outros Food Service,10,1,0,2,0,2,3,1,1
TO,84,IPUEIRAS,1709807.0,1625.0,10,615.3846153846154,6,60.0,Microempresa,0,0.0,10,0,0,0,0,Restaurantes,10,0,0,0,2,1,1,2,4
PI,1125,MIGUEL LEAO,2206308.0,1359.0,10,735.8351729212657,9,90.0,Microempresa,0,0.0,10,0,0,0,0,Restaurantes,10,0,0,0,0,4,0,1,5
SC,5585,IRATI,4207858.0,2096.0,10,477.0992366412214,2,20.0,Microempresa,0,0.0,10,0,0,0,0,Lanchonetes,10,0,0,0,0,5,2,1,2
SC,5577,AGUAS FRIAS,4200556.0,3036.0,10,329.3807641633729,7,70.0,Microempresa,0,0.0,10,0,0,0,0,Lanchonetes,10,1,0,0,0,7,1,1,0
MA,865,PERI MIRIM,2108405.0,11187.0,10,89.38946992044337,5,50.0,Microempresa,0,0.0,10,0,0,0,0,Restaurantes,10,1,0,0,0,0,4,0,5
TO,88,LUZINOPOLIS,1712454.0,2819.0,10,354.735721887194,7,70.0,Microempresa,0,0.0,10,0,0,0,0,Restaurantes,10,0,0,0,0,2,1,0,7
CE,1245,ERERE,2304277.0,6371.0,10,156.9612305760477,5,50.0,Microempresa,0,0.0,10,0,0,0,0,Lanchonetes,10,0,2,0,0,4,2,0,2
SP,6683,MARINOPOLIS,3529104.0,1854.0,10,539.3743257820928,4,40.0,Microempresa,0,0.0,10,0,0,0,0,Lanchonetes,10,1,0,0,0,6,1,0,2
CE,1315,ANTONINA DO NORTE,2300804.0,7529.0,10,132.81976358082082,4,40.0,Microempresa,0,0.0,10,0,0,0,0,Lanchonetes,10,1,0,0,0,3,1,3,2
RS,1158,PINHAL DA SERRA,4314464.0,2300.0,10,434.7826086956522,4,40.0,Microempresa,0,0.0,10,0,0,0,0,Lanchonetes,10,1,0,0,0,4,2,2,1
RS,6025,CAPITAO,4304697.0,2994.0,10,334.00133600534406,4,40.0,Microempresa,0,0.0,10,0,0,0,0,Outros Food Service,10,0,0,0,1,2,3,3,1
RS,5995,SANTA TEREZA,4317251.0,1529.0,10,654.0222367560497,7,70.0,Microempresa,0,0.0,10,0,0,0,0,Restaurantes,10,1,0,0,0,1,0,2,6
RS,5985,NOVO BARREIRO,4313490.0,4375.0,10,228.57142857142858,1,10.0,Microempresa,0,0.0,10,0,0,0,0,Restaurantes,10,1,0,0,0,2,0,3,4
MG,4343,CONCEICAO DAS PEDRAS,3117207.0,2843.0,10,351.74111853675697,4,40.0,Microempresa,0,0.0,10,0,0,0,0,Lanchonetes,10,2,0,0,1,5,1,1,0
SC,8193,LEOBERTO LEAL,4209805.0,3383.0,10,295.59562518474723,4,40.0,Microempresa,1,10.0,9,1,0,0,0,Lanchonetes,10,1,0,1,0,4,1,1,2
SC,8247,PERITIBA,4212601.0,3041.0,10,328.8391976323578,6,60.0,Microempresa,3,30.0,7,3,0,0,0,Lanchonetes,10,2,0,0,0,3,1,3,1
PI,1187,SANTO ANTONIO DE LISBOA,2209401.0,5923.0,10,168.83336147222693,6,60.0,Microempresa,0,0.0,10,0,0,0,0,Restaurantes,10,2,0,0,0,3,1,0,4
TO,347,ITAPIRATINS,1710904.0,3692.0,10,270.85590465872156,4,40.0,Microempresa,0,0.0,10,0,0,0,0,Outros Food Service,10,0,0,1,0,3,4,0,2
PR,7703,MIRADOR,4115903.0,2243.0,10,445.8314757021846,6,60.0,Microempresa,0,0.0,10,0,0,0,0,Outros Food Service,10,0,0,0,0,1,4,3,2
MG,2895,MAMONAS,3139250.0,6068.0,10,164.79894528675015,5,50.0,Microempresa,2,20.0,8,2,0,0,0,Outros Food Service,10,2,0,0,0,0,4,2,2
MG,568,ARICANDUVA,3104452.0,4820.0,10,207.4688796680498,1,10.0,Microempresa,0,0.0,10,0,0,0,0,Outros Food Service,10,1,0,0,0,0,3,3,3
MG,680,PATIS,3147956.0,4789.0,10,208.81186051367717,7,70.0,Microempresa,0,0.0,10,0,0,0,0,Restaurantes,10,1,0,0,0,3,2,0,4
SC,9963,MAREMA,4210555.0,2220.0,10,450.45045045045043,5,50.0,Microempresa,1,10.0,9,0,1,0,0,Catering empresarial,10,0,1,2,0,2,2,1,2
SC,9953,IRACEMINHA,4207759.0,3958.0,10,252.65285497726126,3,30.0,Microempresa,0,0.0,10,0,0,0,0,Restaurantes,10,0,0,0,0,1,1,2,6
SC,9939,ABDON BATISTA,4200051.0,2628.0,10,380.517503805175,5,50.0,Microempresa,0,0.0,10,0,0,0,0,Lanchonetes,10,0,0,0,0,5,3,1,1
RS,5763,GRAMADO XAVIER,4309159.0,3350.0,10,298.5074626865672,2,20.0,Microempresa,0,0.0,10,0,0,0,0,Padarias e confeitaria,10,2,0,0,0,2,0,4,2
RS,5953,NOVA BOA VISTA,4312955.0,2089.0,10,478.6979415988511,5,50.0,Microempresa,0,0.0,10,0,0,0,0,Restaurantes,10,2,0,0,0,1,2,1,4
GO,49,JESUPOLIS,5212055.0,2100.0,10,476.19047619047626,4,40.0,Microempresa,0,0.0,10,0,0,0,0,Outros Food Service,10,1,0,0,0,0,5,1,3
TO,9551,PONTE ALTA DO BOM JESUS,1717800.0,4266.0,10,234.41162681669013,5,50.0,Microempresa,0,0.0,10,0,0,0,0,Lanchonetes,10,1,0,1,0,5,0,2,1
TO,9731,SANTA TEREZA DO TOCANTINS,1719004.0,2925.0,10,341.88034188034186,5,50.0,Microempresa,0,0.0,10,0,0,0,0,Lanchonetes,10,1,0,0,0,5,1,0,3
TO,9725,PRAIA NORTE,1718303.0,9640.0,10,103.7344398340249,3,30.0,Microempresa,0,0.0,10,0,0,0,0,Padarias e confeitaria,10,1,0,1,1,0,1,3,3
AC,655,MARECHAL THAUMATURGO,1200351.0,18154.0,10,55.08427894678859,7,70.0,Microempresa,0,0.0,10,0,0,0,0,Lanchonetes,10,0,0,2,0,3,3,1,1
MG,614,GAMELEIRAS,3127339.0,4831.0,9,186.29683295383978,7,77.77777777777779,Microempresa,0,0.0,9,0,0,0,0,Lanchonetes,9,1,0,0,0,3,3,1,1
SE,3161,ITABI,2803104.0,4809.0,9,187.14909544603867,3,33.33333333333333,Microempresa,1,11.11111111111111,8,0,1,0,0,Lanchonetes,9,0,0,1,0,2,2,2,2
SE,3151,GRACCHO CARDOSO,2802601.0,5921.0,9,152.0013511231211,5,55.55555555555556,Microempresa,1,11.11111111111111,8,1,0,0,0,Lanchonetes,9,0,0,0,1,4,0,2,2
SC,9973,UNIAO DO OESTE,4218855.0,2784.0,9,323.2758620689655,5,55.55555555555556,Microempresa,0,0.0,9,0,0,0,0,Padarias e confeitaria,9,1,0,0,1,2,1,3,1
RS,5979,TUPANCI DO SUL,4322186.0,1396.0,9,644.6991404011461,2,22.22222222222222,Microempresa,0,0.0,9,0,0,0,0,Padarias e confeitaria,9,0,0,0,0,3,0,4,2
PI,2247,CANAVIEIRA,2202251.0,3381.0,9,266.19343389529723,7,77.77777777777779,Microempresa,0,0.0,9,0,0,0,0,Restaurantes,9,1,0,0,2,2,1,0,3
TO,361,SANTA MARIA DO TOCANTINS,1718881.0,2707.0,9,332.4713705208718,4,44.44444444444444,Microempresa,0,0.0,9,0,0,0,0,Outros Food Service,9,1,0,0,1,0,4,0,3
MG,590,CONEGO MARINHO,3117836.0,7446.0,9,120.87026591458502,3,33.33333333333333,Microempresa,0,0.0,9,0,0,0,0,Outros Food Service,9,0,0,0,1,2,4,0,2
MG,720,SAO JOAO DO PACUI,3162658.0,4047.0,9,222.3869532987398,4,44.44444444444444,Microempresa,0,0.0,9,0,0,0,0,Lanchonetes,9,0,0,1,0,5,2,0,1
RS,7363,POUSO NOVO,4315131.0,1771.0,9,508.1874647092038,3,33.33333333333333,Microempresa,2,22.22222222222222,7,2,0,0,0,Lanchonetes,9,0,0,0,0,4,1,1,3
GO,9217,AMORINOPOLIS,5200902.0,2861.0,9,314.5753233135267,5,55.55555555555556,Microempresa,0,0.0,9,0,0,0,0,Lanchonetes,9,1,0,0,0,5,0,1,2
MG,4557,GRUPIARA,3127909.0,1430.0,9,629.3706293706294,2,22.22222222222222,Microempresa,0,0.0,9,0,0,0,0,Lanchonetes,9,1,0,0,0,3,3,1,1
MG,4063,ARACAI,3103207.0,2220.0,9,405.4054054054054,5,55.55555555555556,Microempresa,0,0.0,9,0,0,0,0,Alimentação preparada,9,4,0,1,0,0,1,2,1
RS,1152,NOVO XINGU,4313466.0,1677.0,9,536.6726296958855,3,33.33333333333333,Microempresa,0,0.0,9,0,0,0,0,Outros Food Service,9,0,0,0,0,1,5,0,3
PB,1935,BARRA DE SAO MIGUEL,2501708.0,6144.0,9,146.484375,4,44.44444444444444,Microempresa,0,0.0,9,0,0,0,0,Restaurantes,9,0,0,0,1,3,0,1,4
SP,806,NOVA CASTILHO,3532868.0,1070.0,9,841.1214953271028,7,77.77777777777779,Microempresa,0,0.0,9,0,0,0,0,Restaurantes,9,0,0,1,0,2,0,1,5
RS,1132,CAPAO BONITO DO SUL,4304622.0,1769.0,9,508.7620124364048,3,33.33333333333333,Microempresa,0,0.0,9,0,0,0,0,Outros Food Service,9,1,0,0,0,1,3,1,3
PB,520,SAO DOMINGOS DO CARIRI,2513943.0,2700.0,9,333.33333333333337,6,66.66666666666666,Microempresa,1,11.11111111111111,8,0,1,0,0,Lanchonetes,9,0,0,0,1,5,0,0,3
RS,1168,SANTA MARGARIDA DO SUL,4316972.0,2661.0,9,338.21871476888384,5,55.55555555555556,Microempresa,0,0.0,9,0,0,0,0,Lanchonetes,9,0,0,0,0,3,1,2,3
SC,8273,PRESIDENTE CASTELLO BRANCO,4213906.0,1700.0,9,529.4117647058823,5,55.55555555555556,Microempresa,0,0.0,9,0,0,0,0,Lanchonetes,9,1,0,0,0,5,1,1,1
MG,716,SAO JOAO DA LAGOA,3162252.0,4973.0,9,180.97727729740598,6,66.66666666666666,Microempresa,0,0.0,9,0,0,0,0,Lanchonetes,9,1,0,0,0,4,0,0,4
GO,1074,IPIRANGA DE GOIAS,5210158.0,2972.0,9,302.82637954239567,6,66.66666666666666,Microempresa,0,0.0,9,0,0,0,0,Restaurantes,9,1,0,0,0,3,0,1,4
GO,1064,SAO PATRICIO,5220280.0,2210.0,9,407.2398190045249,4,44.44444444444444,Microempresa,0,0.0,9,0,0,0,0,Lanchonetes,9,0,0,0,0,4,2,1,2
TO,349,JUARINA,1711803.0,2311.0,9,389.4418000865426,1,11.11111111111111,Microempresa,0,0.0,9,0,0,0,0,Restaurantes,9,0,0,0,0,2,0,0,7
GO,9343,DIORAMA,5207105.0,1960.0,9,459.18367346938777,5,55.55555555555556,Microempresa,0,0.0,9,0,0,0,0,Lanchonetes,9,1,2,0,0,3,1,0,2
PB,500,PEDRO REGIS,2512721.0,5937.0,9,151.59171298635675,4,44.44444444444444,Microempresa,2,22.22222222222222,7,0,2,0,0,Restaurantes,9,0,0,0,0,2,2,2,3
AL,2863,SAO BRAS,2708204.0,6557.0,9,137.2578923288089,7,77.77777777777779,Microempresa,0,0.0,9,0,0,0,0,Restaurantes,9,1,0,1,0,1,1,0,5
TO,86,LAVANDEIRA,1712157.0,1679.0,9,536.0333531864204,2,22.22222222222222,Microempresa,0,0.0,9,0,0,0,0,Restaurantes,9,0,0,0,0,4,0,0,5
GO,9223,ANHANGUERA,5201207.0,906.0,9,993.3774834437087,2,22.22222222222222,Microempresa,0,0.0,9,0,0,0,0,Lanchonetes,9,1,0,0,0,5,0,1,2
RN,1611,ALMINO AFONSO,2400604.0,4799.0,9,187.5390706397166,7,77.77777777777779,Microempresa,0,0.0,9,0,0,0,0,Lanchonetes,9,2,0,0,0,3,1,1,2
PA,379,PALESTINA DO PARA,1505494.0,7041.0,9,127.82275244993609,8,88.88888888888889,Microempresa,0,0.0,9,0,0,0,0,Restaurantes,9,1,0,0,0,2,1,0,5
MA,156,FEIRA NOVA DO MARANHAO,2104073.0,8239.0,9,109.23655783468867,2,22.22222222222222,Microempresa,1,11.11111111111111,8,0,1,0,0,Restaurantes,9,0,0,1,0,3,0,1,4
MA,222,SANTA FILOMENA DO MARANHAO,2109759.0,6828.0,9,131.81019332161688,5,55.55555555555556,Microempresa,1,11.11111111111111,8,0,1,0,0,Padarias e confeitaria,9,1,0,1,0,2,1,4,0
PI,356,NOSSA SENHORA DE NAZARE,2206753.0,5634.0,9,159.7444089456869,8,88.88888888888889,Microempresa,0,0.0,9,0,0,0,0,Restaurantes,9,0,0,0,0,1,2,0,6
PI,338,LAGOA DE SAO FRANCISCO,2205573.0,6443.0,9,139.68648145273943,3,33.33333333333333,Microempresa,0,0.0,9,0,0,0,0,Lanchonetes,9,0,0,0,0,5,0,1,3
PI,999,LAGOA ALEGRE,2205557.0,8477.0,9,106.1696354842515,4,44.44444444444444,Microempresa,0,0.0,9,0,0,0,0,Padarias e confeitaria,9,1,0,0,0,1,2,3,2
PA,527,SANTA CRUZ DO ARARI,1506401.0,7599.0,9,118.43663639952626,7,77.77777777777779,Microempresa,0,0.0,9,0,0,0,0,Outros Food Service,9,0,0,0,2,0,5,0,2
PI,1033,BERTOLINIA,2201705.0,5727.0,9,157.1503404924044,6,66.66666666666666,Microempresa,0,0.0,9,0,0,0,0,Alimentação preparada,9,3,0,0,1,2,0,1,2
SC,902,BOM JESUS DO OESTE,4202578.0,2245.0,9,400.89086859688194,6,66.66666666666666,Microempresa,0,0.0,9,0,0,0,0,Lanchonetes,9,0,0,1,0,5,0,1,2
GO,9769,ADELANDIA,5200159.0,2268.0,9,396.8253968253968,2,22.22222222222222,Microempresa,0,0.0,9,0,0,0,0,Outros Food Service,9,0,0,0,0,3,5,0,1
PB,2111,OLIVEDOS,2510501.0,3676.0,9,244.83133841131664,5,55.55555555555556,Microempresa,0,0.0,9,0,0,0,0,Lanchonetes,9,1,0,0,0,4,2,0,2
PB,2109,OLHO D'AGUA,2510402.0,6010.0,9,149.7504159733777,2,22.22222222222222,Microempresa,0,0.0,9,0,0,0,0,Restaurantes,9,1,0,0,0,2,1,0,5
PB,2105,NOVA OLINDA,2510204.0,5884.0,9,152.95717199184227,4,44.44444444444444,Microempresa,0,0.0,9,0,0,0,0,Outros Food Service,9,2,0,1,1,1,4,0,0
PA,553,SAO SEBASTIAO DA BOA VISTA,1507706.0,27853.0,9,32.312497756076546,0,0.0,Microempresa,0,0.0,9,0,0,0,0,Restaurantes,9,2,0,0,0,0,3,0,4
PB,528,SAO JOSE DE PRINCESA,2514552.0,3267.0,9,275.4820936639118,3,33.33333333333333,Microempresa,2,22.22222222222222,7,2,0,0,0,Lanchonetes,9,1,0,0,0,4,1,0,3
TO,9483,NAZARE,1714302.0,4684.0,9,192.14346712211784,6,66.66666666666666,Microempresa,0,0.0,9,0,0,0,0,Outros Food Service,9,0,0,0,1,0,5,1,2
RS,5949,GRAMADO DOS LOUREIROS,4309126.0,2047.0,9,439.6678065461651,4,44.44444444444444,Microempresa,0,0.0,9,0,0,0,0,Lanchonetes,9,0,0,0,0,4,0,2,3
AC,661,SANTA ROSA DO PURUS,1200435.0,7285.0,9,123.54152367879203,2,22.22222222222222,Microempresa,1,11.11111111111111,8,1,0,0,0,Restaurantes,9,1,0,0,0,2,1,0,5
CE,1551,SAO JOAO DO JAGUARIBE,2312502.0,5579.0,9,161.31923283742606,7,77.77777777777779,Microempresa,0,0.0,9,0,0,0,0,Lanchonetes,9,0,0,0,0,7,0,1,1
BA,3311,AIQUARA,2900603.0,4627.0,9,194.51048195374975,4,44.44444444444444,Microempresa,0,0.0,9,0,0,0,0,Lanchonetes,9,1,0,0,0,3,3,0,2
PI,272,BARRA D'ALCANTARA,2201176.0,4107.0,9,219.1380569758948,5,55.55555555555556,Microempresa,0,0.0,9,0,0,0,0,Lanchonetes,9,0,0,0,0,4,0,1,4
PI,276,BELEM DO PIAUI,2201572.0,3523.0,9,255.4640931024695,4,44.44444444444444,Microempresa,0,0.0,9,0,0,0,0,Lanchonetes,9,0,0,0,0,5,1,0,3
PI,302,CAXINGO,2202653.0,5704.0,9,157.78401122019636,2,22.22222222222222,Microempresa,0,0.0,9,0,0,0,0,Padarias e confeitaria,9,0,0,0,0,1,1,4,3
PI,300,CARIDADE DO PIAUI,2202554.0,5189.0,9,173.44382347273077,6,66.66666666666666,Microempresa,0,0.0,9,0,0,0,0,Lanchonetes,9,3,0,2,0,4,0,0,0
BA,3289,LAGOA REAL,2918753.0,14553.0,9,61.84291898577613,2,22.22222222222222,Microempresa,0,0.0,9,0,0,0,0,Lanchonetes,9,0,0,0,0,4,3,0,2
BA,3275,FEIRA DA MATA,2910776.0,5838.0,9,154.1623843782117,5,55.55555555555556,Microempresa,0,0.0,9,0,0,0,0,Restaurantes,9,0,1,1,0,1,0,1,5
PB,2205,SAO SEBASTIAO DO UMBUZEIRO,2515203.0,3388.0,9,265.6434474616293,3,33.33333333333333,Microempresa,0,0.0,9,0,0,0,0,Restaurantes,9,2,0,0,0,2,1,0,4
MG,5151,SANTA FE DE MINAS,3157609.0,3507.0,9,256.6295979469632,3,33.33333333333333,Microempresa,2,22.22222222222222,7,0,2,0,0,Alimentação preparada,9,2,0,1,0,2,1,1,2
PI,308,CURRAIS,2203230.0,4985.0,9,180.54162487462386,4,44.44444444444444,Microempresa,0,0.0,9,0,0,0,0,Restaurantes,9,2,0,0,0,3,0,0,4
MA,250,SENADOR ALEXANDRE COSTA,2111748.0,10449.0,9,86.13264427217915,7,77.77777777777779,Microempresa,2,22.22222222222222,7,2,0,0,0,Restaurantes,9,1,0,0,0,2,1,1,4
MA,196,MATOES DO NORTE,2106631.0,18087.0,9,49.75949577044286,6,66.66666666666666,Microempresa,0,0.0,9,0,0,0,0,Restaurantes,9,0,0,0,1,1,1,2,4
BA,3683,LAMARAO,2919108.0,9302.0,9,96.7533863685229,3,33.33333333333333,Microempresa,0,0.0,9,0,0,0,0,Outros Food Service,9,2,0,0,2,0,4,0,1
RN,1773,PARAU,2408706.0,3642.0,9,247.11696869851727,5,55.55555555555556,Microempresa,0,0.0,9,0,0,0,0,Lanchonetes,9,2,0,0,0,3,0,2,2
PI,1019,ARRAIAL,2201002.0,4510.0,9,199.55654101995566,7,77.77777777777779,Microempresa,0,0.0,9,0,0,0,0,Lanchonetes,9,1,0,0,0,5,1,1,1
RN,1821,SAO FRANCISCO DO OESTE,2411908.0,4333.0,9,207.70828525271176,2,22.22222222222222,Microempresa,0,0.0,9,0,0,0,0,Restaurantes,9,1,0,0,0,1,0,1,6
RS,7355,RELVADO,4315453.0,1825.0,9,493.1506849315068,0,0.0,Microempresa,0,0.0,9,0,0,0,0,Lanchonetes,9,0,0,0,1,4,1,2,1
RS,7323,TUNAS,4322152.0,3732.0,9,241.15755627009648,6,66.66666666666666,Microempresa,0,0.0,9,0,0,0,0,Outros Food Service,9,1,0,1,0,1,3,2,1
SC,5587,JARDINOPOLIS,4208955.0,1811.0,9,496.9630038652678,2,22.22222222222222,Microempresa,0,0.0,9,0,0,0,0,Lanchonetes,9,1,0,0,0,3,0,2,3
SC,5747,PARAISO,4212239.0,4412.0,9,203.98912058023572,3,33.33333333333333,Microempresa,0,0.0,9,0,0,0,0,Lanchonetes,9,0,0,0,0,3,2,1,3
RS,7345,SAO JOSE DO HERVAL,4318465.0,1931.0,9,466.0797514241326,3,33.33333333333333,Microempresa,0,0.0,9,0,0,0,0,Restaurantes,9,2,0,0,0,3,0,0,4
PB,468,CASSERENGUE,2504157.0,7048.0,9,127.69580022701476,4,44.44444444444444,Microempresa,0,0.0,9,0,0,0,0,Outros Food Service,9,0,0,0,0,1,3,3,2
SC,5593,PLANALTO ALEGRE,4213153.0,3085.0,9,291.7341977309562,1,11.11111111111111,Microempresa,0,0.0,9,0,0,0,0,Lanchonetes,9,1,0,1,0,5,1,0,1
MA,843,NINA RODRIGUES,2107209.0,14621.0,9,61.555297175295806,4,44.44444444444444,Microempresa,0,0.0,9,0,0,0,0,Lanchonetes,9,1,0,1,0,6,0,0,1
TO,74,BANDEIRANTES DO TOCANTINS,1703057.0,3575.0,8,223.7762237762238,3,37.5,Microempresa,0,0.0,8,0,0,0,0,Alimentação preparada,8,2,0,0,0,2,2,2,0
PI,1137,NOVO ORIENTE DO PIAUI,2206902.0,6141.0,8,130.27194268034523,5,62.5,Microempresa,0,0.0,8,0,0,0,0,Lanchonetes,8,1,0,0,0,2,2,1,2
RS,7313,TAQUARUCU DO SUL,4321329.0,3192.0,8,250.62656641604008,3,37.5,Microempresa,0,0.0,8,0,0,0,0,Padarias e confeitaria,8,0,1,0,0,2,1,3,1
TO,78,CHAPADA DE AREIA,1704600.0,1585.0,8,504.7318611987382,4,50.0,Microempresa,0,0.0,8,0,0,0,0,Lanchonetes,8,0,0,0,0,3,2,0,3
GO,9427,IVOLANDIA,5211602.0,2732.0,8,292.82576866764276,5,62.5,Microempresa,0,0.0,8,0,0,0,0,Restaurantes,8,0,0,0,0,3,0,1,4
PB,542,ZABELE,2517407.0,2335.0,8,342.6124197002141,6,75.0,Microempresa,0,0.0,8,0,0,0,0,Outros Food Service,8,0,0,0,0,2,4,1,1
TO,90,MONTE SANTO DO TOCANTINS,1713700.0,2541.0,8,314.83667847304207,5,62.5,Microempresa,0,0.0,8,0,0,0,0,Lanchonetes,8,0,0,0,0,5,1,0,2
MG,692,PONTO CHIQUE,3152131.0,3788.0,8,211.19324181626186,2,25.0,Microempresa,1,12.5,7,1,0,0,0,Restaurantes,8,1,0,0,0,1,0,0,6
PI,1291,SAO JOAO DA CANABRAVA,2209856.0,4287.0,8,186.61068346162818,3,37.5,Microempresa,0,0.0,8,0,0,0,0,Lanchonetes,8,0,0,1,0,5,0,0,2
PB,538,TENORIO,2516755.0,3095.0,8,258.4814216478191,5,62.5,Microempresa,0,0.0,8,0,0,0,0,Restaurantes,8,0,0,0,0,2,1,2,3
AC,653,JORDAO,1200328.0,9972.0,8,80.22462896109106,4,50.0,Microempresa,0,0.0,8,0,0,0,0,Alimentação preparada,8,3,0,0,0,1,2,1,1
MG,640,JUVENILIA,3136959.0,5945.0,8,134.5668629100084,4,50.0,Microempresa,0,0.0,8,0,0,0,0,Outros Food Service,8,0,0,0,1,2,3,1,1
RS,5977,SANTO EXPEDITO DO SUL,4317954.0,2395.0,8,334.0292275574113,1,12.5,Microempresa,0,0.0,8,0,0,0,0,Padarias e confeitaria,8,2,0,0,0,0,1,3,2
MG,734,SEM-PEIXE,3165560.0,2400.0,8,333.33333333333337,2,25.0,Microempresa,0,0.0,8,0,0,0,0,Padarias e confeitaria,8,0,0,0,1,1,0,4,2
MG,736,SERRANOPOLIS DE MINAS,3166956.0,4498.0,8,177.85682525566918,3,37.5,Microempresa,0,0.0,8,0,0,0,0,Lanchonetes,8,1,0,1,0,3,0,0,3
RS,5931,MATO CASTELHANO,4312138.0,2611.0,8,306.3960168517809,3,37.5,Microempresa,1,12.5,7,0,1,0,0,Lanchonetes,8,0,0,0,0,4,2,1,1
MA,178,JENIPAPO DOS VIEIRAS,2105476.0,17555.0,8,45.57106237539163,3,37.5,Microempresa,4,50.0,4,1,3,0,0,Catering empresarial,8,0,0,2,1,1,2,0,2
MG,646,LUISLANDIA,3138682.0,6316.0,8,126.6624445851805,6,75.0,Microempresa,0,0.0,8,0,0,0,0,Eventos e buffet,8,1,0,0,2,2,0,1,2
PI,9767,ALAGOINHA DO PIAUI,2200251.0,6853.0,8,116.73719538888078,6,75.0,Microempresa,0,0.0,8,0,0,0,0,Restaurantes,8,0,0,1,0,1,1,0,5
PE,2295,JUCATI,2608255.0,12067.0,8,66.29651114610093,4,50.0,Microempresa,0,0.0,8,0,0,0,0,Catering empresarial,8,0,0,2,0,2,2,0,2
PE,2553,SANTA MARIA DO CAMBUCA,2612703.0,14634.0,8,54.66721333880005,0,0.0,Microempresa,0,0.0,8,0,0,0,0,Restaurantes,8,0,0,0,0,1,2,2,3
MG,5315,SENADOR JOSE BENTO,3165800.0,2161.0,8,370.1989819527996,6,75.0,Microempresa,1,12.5,7,1,0,0,0,Lanchonetes,8,0,0,0,0,4,0,0,4
MA,136,BURITIRANA,2102358.0,13098.0,8,61.07802717972209,2,25.0,Microempresa,1,12.5,7,0,1,0,0,Outros Food Service,8,0,0,1,0,3,4,0,0
MA,745,CAJAPIO,2102408.0,10331.0,8,77.43684057690447,5,62.5,Microempresa,0,0.0,8,0,0,0,0,Eventos e buffet,8,0,0,1,2,2,2,0,1
MA,248,SATUBINHA,2111722.0,8770.0,8,91.22006841505132,3,37.5,Microempresa,1,12.5,7,0,1,0,0,Catering empresarial,8,1,0,2,1,2,1,0,1
RN,1717,JOSE DA PENHA,2406007.0,5967.0,8,134.07072230601642,2,25.0,Microempresa,0,0.0,8,0,0,0,0,Restaurantes,8,1,0,0,0,0,1,2,4
RN,1655,CORONEL EZEQUIEL,2402808.0,5226.0,8,153.08075009567548,4,50.0,Microempresa,0,0.0,8,0,0,0,0,Lanchonetes,8,1,0,0,0,3,2,0,2
RN,1705,JAPI,2405405.0,5207.0,8,153.63933166890723,3,37.5,Microempresa,0,0.0,8,0,0,0,0,Lanchonetes,8,1,0,0,0,3,1,1,2
PB,2187,SAO JOSE DE CAIANA,2514305.0,4904.0,8,163.13213703099512,2,25.0,Microempresa,0,0.0,8,0,0,0,0,Outros Food Service,8,0,0,0,0,2,4,0,2
MG,4931,PAIVA,3146602.0,1491.0,8,536.5526492287056,2,25.0,Microempresa,0,0.0,8,0,0,0,0,Lanchonetes,8,0,0,0,0,5,2,0,1
RN,1695,ITAU,2404903.0,5441.0,8,147.03179562580408,4,50.0,Microempresa,0,0.0,8,0,0,0,0,Outros Food Service,8,0,0,0,1,0,3,2,2
RN,1727,LAGOA DE VELHOS,2406403.0,2629.0,8,304.29821224800304,5,62.5,Microempresa,0,0.0,8,0,0,0,0,Lanchonetes,8,2,0,0,0,4,1,1,0
MA,242,SAO PEDRO DOS CRENTES,2111573.0,6018.0,8,132.934529744101,4,50.0,Microempresa,1,12.5,7,1,0,0,0,Outros Food Service,8,2,0,0,0,1,4,0,1
RS,8495,ALTO ALEGRE,4300554.0,1837.0,8,435.49265106151336,3,37.5,Microempresa,0,0.0,8,0,0,0,0,Restaurantes,8,2,0,0,0,1,1,0,4
GO,9993,GUARINOS,5209457.0,2143.0,8,373.3084461035931,3,37.5,Microempresa,0,0.0,8,0,0,0,0,Outros Food Service,8,2,0,0,0,0,3,2,1
PA,64,SAO JOAO DA PONTA,1507466.0,4432.0,8,180.50541516245488,6,75.0,Microempresa,0,0.0,8,0,0,0,0,Outros Food Service,8,0,0,1,0,0,4,0,3
PI,370,NOVA SANTA RITA,2207959.0,4141.0,8,193.1900507123883,4,50.0,Microempresa,0,0.0,8,0,0,0,0,Restaurantes,8,0,0,0,0,1,0,1,6
MA,823,LUIS DOMINGUES,2106201.0,7379.0,8,108.41577449518904,3,37.5,Microempresa,1,12.5,7,0,1,0,0,Catering empresarial,8,0,0,2,0,1,2,1,2
PB,2001,CUBATI,2505006.0,7864.0,8,101.7293997965412,5,62.5,Microempresa,1,12.5,7,1,0,0,0,Lanchonetes,8,1,0,0,0,3,2,1,1
PB,490,MATO GROSSO,2509370.0,2577.0,8,310.43849437330226,4,50.0,Microempresa,0,0.0,8,0,0,0,0,Lanchonetes,8,2,0,0,0,3,1,2,0
RS,7305,VISTA ALEGRE DO PRATA,4323606.0,1624.0,8,492.61083743842363,2,25.0,Microempresa,1,12.5,7,1,0,0,0,Restaurantes,8,1,0,0,0,2,2,0,3
RS,6037,TRAVESSEIRO,4321626.0,2192.0,8,364.963503649635,4,50.0,Microempresa,0,0.0,8,0,0,0,0,Restaurantes,8,0,0,0,0,2,2,1,3
SC,5739,LAJEADO GRANDE,4209458.0,1804.0,8,443.4589800443459,0,0.0,Microempresa,0,0.0,8,0,0,0,0,Restaurantes,8,1,0,0,0,0,0,0,7
PB,1941,BELEM DO BREJO DO CRUZ,2502003.0,6223.0,8,128.55535915153462,4,50.0,Microempresa,0,0.0,8,0,0,0,0,Outros Food Service,8,1,0,0,0,0,4,0,3
TO,175,CARMOLANDIA,1703883.0,2237.0,8,357.6218149307108,3,37.5,Microempresa,0,0.0,8,0,0,0,0,Lanchonetes,8,0,0,0,0,3,2,1,2
SC,5735,CORONEL MARTINS,4204459.0,1959.0,8,408.371618172537,5,62.5,Microempresa,0,0.0,8,0,0,0,0,Lanchonetes,8,0,0,0,0,3,2,0,3
TO,102,TUPIRAMA,1721257.0,2045.0,8,391.1980440097799,2,25.0,Microempresa,0,0.0,8,0,0,0,0,Alimentação preparada,8,3,0,0,0,3,2,0,0
RS,5987,SAGRADA FAMILIA,4316428.0,2528.0,8,316.4556962025316,2,25.0,Microempresa,0,0.0,8,0,0,0,0,Eventos e buffet,8,0,0,0,2,1,2,1,2
PI,2251,BONFIM DO PIAUI,2201929.0,6142.0,8,130.25073266037123,5,62.5,Microempresa,0,0.0,8,0,0,0,0,Restaurantes,8,0,0,0,0,1,2,0,5
PI,1205,SAO JULIAO,2210300.0,6130.0,8,130.50570962479608,3,37.5,Microempresa,0,0.0,8,0,0,0,0,Lanchonetes,8,0,0,0,0,5,1,1,1
MG,708,SANTO ANTONIO DO RETIRO,3160454.0,6715.0,8,119.13626209977663,3,37.5,Microempresa,0,0.0,8,0,0,0,0,Alimentação preparada,8,2,0,0,1,2,2,1,0
MG,4061,ANTONIO PRADO DE MINAS,3103108.0,1545.0,8,517.799352750809,4,50.0,Microempresa,0,0.0,8,0,0,0,0,Lanchonetes,8,1,0,0,0,5,2,0,0
RS,6035,SERIO,4320453.0,2089.0,8,382.9583532790809,2,25.0,Microempresa,0,0.0,8,0,0,0,0,Outros Food Service,8,2,0,0,0,1,4,1,0
RS,1120,ALMIRANTE TAMANDARE DO SUL,4300471.0,2007.0,8,398.6048829098156,2,25.0,Microempresa,0,0.0,8,0,0,0,0,Padarias e confeitaria,8,0,0,0,0,1,2,4,1
RS,6053,VITORIA DAS MISSOES,4323754.0,3316.0,8,241.25452352231602,3,37.5,Microempresa,0,0.0,8,0,0,0,0,Lanchonetes,8,1,0,0,0,3,3,0,1
TO,187,MURICILANDIA,1713957.0,3517.0,8,227.4665908444697,3,37.5,Microempresa,0,0.0,8,0,0,0,0,Restaurantes,8,0,0,0,0,2,2,0,4
PI,1171,PRATA DO PIAUI,2208601.0,3094.0,8,258.5649644473174,3,37.5,Microempresa,3,37.5,5,3,0,0,0,Restaurantes,8,1,0,0,0,0,1,1,5
GO,65,GUARAITA,5209291.0,2156.0,8,371.0575139146568,7,87.5,Microempresa,0,0.0,8,0,0,0,0,Lanchonetes,8,1,0,0,1,4,1,1,0
PI,1217,SOCORRO DO PIAUI,2210904.0,4148.0,8,192.86403085824494,7,87.5,Microempresa,0,0.0,8,0,0,0,0,Outros Food Service,8,0,0,0,0,0,5,0,3
PI,1099,ITAINOPOLIS,2205003.0,10958.0,8,73.00602299689724,5,62.5,Microempresa,0,0.0,8,0,0,0,0,Lanchonetes,8,0,0,0,0,4,2,0,2
AM,287,URUCURITUBA,1304401.0,26373.0,8,30.334053767110305,3,37.5,Microempresa,0,0.0,8,0,0,0,0,Lanchonetes,8,0,0,0,1,3,0,2,2
RN,1899,VILA FLOR,2415008.0,3318.0,8,241.10910186859553,4,50.0,Microempresa,0,0.0,8,0,0,0,0,Outros Food Service,8,1,0,0,0,1,3,0,3
RS,8487,AUREA,4301552.0,3458.0,8,231.34759976865237,0,0.0,Microempresa,0,0.0,8,0,0,0,0,Restaurantes,8,1,0,0,0,1,2,0,4
AP,667,CUTIAS,1600212.0,4722.0,8,169.419737399407,7,87.5,Microempresa,0,0.0,8,0,0,0,0,Restaurantes,8,2,0,0,0,0,1,0,5
AP,669,ITAUBAL,1600253.0,6147.0,8,130.1447860745079,5,62.5,Microempresa,1,12.5,7,1,0,0,0,Outros Food Service,8,0,0,0,0,0,4,0,4
MA,124,BERNARDO DO MEARIM,2101939.0,5994.0,8,133.46680013346682,5,62.5,Microempresa,1,12.5,7,0,1,0,0,Outros Food Service,8,1,0,1,0,0,5,1,0
MA,126,BOA VISTA DO GURUPI,2101970.0,7792.0,8,102.6694045174538,4,50.0,Microempresa,1,12.5,7,0,1,0,0,Restaurantes,8,1,0,1,0,1,1,0,4
SC,5599,ARVOREDO,4201653.0,2646.0,8,302.34315948601665,5,62.5,Microempresa,0,0.0,8,0,0,0,0,Lanchonetes,8,1,0,0,0,3,2,0,2
RS,7399,IPIRANGA DO SUL,4310462.0,1748.0,8,457.66590389016017,0,0.0,Microempresa,0,0.0,8,0,0,0,0,Restaurantes,8,1,0,0,0,1,1,2,3
PB,472,COXIXOLA,2504850.0,1893.0,8,422.6096143687269,2,25.0,Microempresa,0,0.0,8,0,0,0,0,Restaurantes,8,0,0,0,0,0,2,0,6
RS,8405,GUABIJU,4309258.0,1441.0,8,555.1700208188757,5,62.5,Microempresa,0,0.0,8,0,0,0,0,Lanchonetes,8,0,0,0,1,4,0,0,3
PI,995,COIVARAS,2202737.0,4265.0,8,187.57327080890974,5,62.5,Microempresa,0,0.0,8,0,0,0,0,Restaurantes,8,1,0,0,0,2,1,0,4
PI,408,VILA NOVA DO PIAUI,2211605.0,2969.0,8,269.4509936005389,4,50.0,Microempresa,0,0.0,8,0,0,0,0,Restaurantes,8,0,0,0,0,2,2,0,4
PI,402,TAMBORIL DO PIAUI,2210953.0,3050.0,8,262.2950819672131,6,75.0,Microempresa,0,0.0,8,0,0,0,0,Lanchonetes,8,2,0,0,1,3,1,0,1
BA,3717,MARCIONILIO SOUZA,2920809.0,9447.0,8,84.68296813803323,2,25.0,Microempresa,0,0.0,8,0,0,0,0,Outros Food Service,8,1,0,0,0,0,3,2,2
SE,3139,DIVINA PASTORA,2802007.0,4439.0,7,157.69317413831945,6,85.71428571428571,Microempresa,1,14.285714285714285,6,0,1,0,0,Restaurantes,7,1,0,0,0,2,1,0,3
RS,5777,TRES FORQUILHAS,4321832.0,2813.0,7,248.8446498400284,1,14.285714285714285,Microempresa,0,0.0,7,0,0,0,0,Outros Food Service,7,0,0,0,0,2,3,1,1
RS,5983,LAJEADO DO BUGRE,4311429.0,2661.0,7,263.0590003757986,5,71.42857142857143,Microempresa,0,0.0,7,0,0,0,0,Padarias e confeitaria,7,0,1,1,0,1,1,3,0
RS,5961,CARLOS GOMES,4304853.0,1384.0,7,505.78034682080926,3,42.857142857142854,Microempresa,0,0.0,7,0,0,0,0,Outros Food Service,7,0,0,0,0,2,3,1,1
PI,1121,MATIAS OLIMPIO,2206100.0,10896.0,7,64.24375917767988,3,42.857142857142854,Microempresa,0,0.0,7,0,0,0,0,Lanchonetes,7,0,0,0,0,2,1,2,2
PI,1129,MONSENHOR HIPOLITO,2206506.0,7772.0,7,90.06690684508493,2,28.57142857142857,Microempresa,0,0.0,7,0,0,0,0,Padarias e confeitaria,7,0,0,0,0,2,1,3,1
PB,508,RIACHO DE SANTO ANTONIO,2512788.0,2082.0,7,336.21517771373675,3,42.857142857142854,Microempresa,0,0.0,7,0,0,0,0,Restaurantes,7,0,0,0,0,2,0,2,3
GO,9387,HEITORAI,5209606.0,3325.0,7,210.52631578947367,5,71.42857142857143,Microempresa,0,0.0,7,0,0,0,0,Restaurantes,7,0,0,0,0,1,2,1,3
PB,512,SANTA INES,2513356.0,3240.0,7,216.04938271604937,2,28.57142857142857,Microempresa,0,0.0,7,0,0,0,0,Lanchonetes,7,0,0,0,0,4,1,0,2
MA,881,PRESIDENTE JUSCELINO,2109205.0,11616.0,7,60.26170798898072,5,71.42857142857143,Microempresa,0,0.0,7,0,0,0,0,Lanchonetes,7,1,0,0,0,2,1,2,1
MA,913,SAO FELIX DE BALSAS,2110807.0,4487.0,7,156.00624024961,2,28.57142857142857,Microempresa,0,0.0,7,0,0,0,0,Restaurantes,7,0,0,0,0,2,0,0,5
RS,7397,ITACURUBI,4310553.0,3038.0,7,230.4147465437788,3,42.857142857142854,Microempresa,0,0.0,7,0,0,0,0,Lanchonetes,7,0,0,0,0,4,0,1,2
RS,6071,BOM PROGRESSO,4302378.0,2132.0,7,328.3302063789869,2,28.57142857142857,Microempresa,0,0.0,7,0,0,0,0,Alimentação preparada,7,4,0,1,0,0,0,2,0
RS,6039,MARATA,4311791.0,2521.0,7,277.6675922253074,3,42.857142857142854,Microempresa,0,0.0,7,0,0,0,0,Restaurantes,7,1,0,0,0,2,0,0,4
MA,931,SUCUPIRA DO NORTE,2111904.0,10470.0,7,66.85768863419294,4,57.14285714285714,Microempresa,0,0.0,7,0,0,0,0,Eventos e buffet,7,0,0,0,3,1,3,0,0
MG,4207,CAMACHO,3110400.0,2836.0,7,246.82651622002822,2,28.57142857142857,Microempresa,0,0.0,7,0,0,0,0,Lanchonetes,7,0,0,0,0,5,2,0,0
RS,1124,BOA VISTA DO CADEADO,4302220.0,2269.0,7,308.5059497576025,2,28.57142857142857,Microempresa,0,0.0,7,0,0,0,0,Lanchonetes,7,0,0,0,0,5,2,0,0
RS,1162,QUATRO IRMAOS,4315313.0,1577.0,7,443.88078630310713,3,42.857142857142854,Microempresa,0,0.0,7,0,0,0,0,Lanchonetes,7,1,0,0,0,5,0,0,1
RS,1150,MATO QUEIMADO,4312179.0,1833.0,7,381.88761593016915,1,14.285714285714285,Microempresa,0,0.0,7,0,0,0,0,Lanchonetes,7,0,0,1,0,4,0,2,0
GO,61,BURITINOPOLIS,5203962.0,3126.0,7,223.92834293026232,5,71.42857142857143,Microempresa,0,0.0,7,0,0,0,0,Lanchonetes,7,0,0,0,0,7,0,0,0
CE,1397,GRANJEIRO,2304806.0,4951.0,7,141.38557867097555,4,57.14285714285714,Microempresa,0,0.0,7,0,0,0,0,Restaurantes,7,0,0,0,1,1,2,0,3
TO,337,ABREULANDIA,1700251.0,2695.0,7,259.7402597402597,4,57.14285714285714,Microempresa,0,0.0,7,0,0,0,0,Lanchonetes,7,1,0,0,0,4,1,0,1
SE,3173,MACAMBIRA,2803708.0,7070.0,7,99.00990099009901,3,42.857142857142854,Microempresa,1,14.285714285714285,6,1,0,0,0,Outros Food Service,7,0,0,0,0,1,2,2,2
SE,3143,FEIRA NOVA,2802205.0,6389.0,7,109.56331194240101,5,71.42857142857143,Microempresa,3,42.857142857142854,4,1,2,0,0,Catering empresarial,7,0,0,2,0,1,0,2,2
SC,5567,CERRO NEGRO,4204178.0,3280.0,7,213.41463414634148,4,57.14285714285714,Microempresa,0,0.0,7,0,0,0,0,Lanchonetes,7,0,0,0,0,5,1,0,1
SC,5581,FORMOSA DO SUL,4205431.0,2759.0,7,253.71511417180136,4,57.14285714285714,Microempresa,0,0.0,7,0,0,0,0,Padarias e confeitaria,7,0,0,0,0,0,1,3,3
PA,481,MAGALHAES BARATA,1504109.0,8450.0,7,82.84023668639054,6,85.71428571428571,Microempresa,1,14.285714285714285,6,1,0,0,0,Catering empresarial,7,0,0,3,0,1,3,0,0
PI,376,RIBEIRA DO PIAUI,2208874.0,4096.0,7,170.8984375,4,57.14285714285714,Microempresa,0,0.0,7,0,0,0,0,Outros Food Service,7,0,0,0,1,1,4,1,0
SC,908,CHAPADAO DO LAGEADO,4204194.0,3070.0,7,228.0130293159609,2,28.57142857142857,Empresa de Pequeno Porte,4,57.14285714285714,3,4,0,0,0,Catering empresarial,7,0,0,3,0,0,1,3,0
PB,442,ALGODAO DE JANDAIRA,2500577.0,3179.0,7,220.1950298836112,1,14.285714285714285,Microempresa,1,14.285714285714285,6,0,1,0,0,Restaurantes,7,0,0,0,2,0,0,0,5
RS,8411,FAGUNDES VARELA,4307864.0,2620.0,7,267.17557251908397,4,57.14285714285714,Microempresa,0,0.0,7,0,0,0,0,Padarias e confeitaria,7,0,0,0,0,0,0,4,3
PB,460,CACIMBAS,2503555.0,7546.0,7,92.7643784786642,2,28.57142857142857,Microempresa,0,0.0,7,0,0,0,0,Alimentação preparada,7,3,0,1,0,1,2,0,0
PI,1041,CAMPINAS DO PIAUI,2202109.0,4964.0,7,141.01531023368253,4,57.14285714285714,Microempresa,0,0.0,7,0,0,0,0,Outros Food Service,7,0,0,0,0,2,3,1,1
SC,5741,OURO VERDE,4211850.0,2188.0,7,319.926873857404,1,14.285714285714285,Microempresa,0,0.0,7,0,0,0,0,Lanchonetes,7,0,0,0,0,4,2,1,0
AM,231,ENVIRA,1301506.0,18062.0,7,38.75539807330306,5,71.42857142857143,Microempresa,0,0.0,7,0,0,0,0,Padarias e confeitaria,7,0,0,0,0,2,2,3,0
PI,1017,AROAZES,2200905.0,5395.0,7,129.74976830398518,0,0.0,Microempresa,0,0.0,7,0,0,0,0,Lanchonetes,7,1,0,0,1,4,0,1,0
PI,336,LAGOINHA DO PIAUI,2205540.0,3000.0,7,233.33333333333334,3,42.857142857142854,Microempresa,0,0.0,7,0,0,0,0,Lanchonetes,7,0,0,0,0,5,0,0,2
AP,665,SERRA DO NAVIO,1600055.0,5019.0,7,139.47001394700138,4,57.14285714285714,Microempresa,0,0.0,7,0,0,0,0,Lanchonetes,7,1,0,0,0,3,0,1,2
PI,997,JARDIM DO MULATO,2205250.0,4272.0,7,163.85767790262173,2,28.57142857142857,Microempresa,0,0.0,7,0,0,0,0,Alimentação preparada,7,2,0,0,0,2,2,1,0
PI,362,PAJEU DO PIAUI,2207355.0,3024.0,7,231.48148148148147,3,42.857142857142854,Microempresa,0,0.0,7,0,0,0,0,Outros Food Service,7,0,0,0,0,2,4,0,1
PB,2171,SANTANA DE MANGUEIRA,2513505.0,5075.0,7,137.9310344827586,4,57.14285714285714,Microempresa,2,28.57142857142857,5,2,0,0,0,Restaurantes,7,0,0,0,0,1,1,0,5
SC,916,FLOR DO SERTAO,4205357.0,1886.0,7,371.1558854718982,1,14.285714285714285,Microempresa,0,0.0,7,0,0,0,0,Lanchonetes,7,0,0,0,0,3,1,1,2
MA,238,SAO JOSE DOS BASILIOS,2111250.0,7087.0,7,98.77240016932411,6,85.71428571428571,Microempresa,2,28.57142857142857,5,2,0,0,0,Outros Food Service,7,1,0,0,0,0,3,2,1
MA,160,FORMOSA DA SERRA NEGRA,2104099.0,18164.0,7,38.53776701167144,3,42.857142857142854,Microempresa,1,14.285714285714285,6,0,1,0,0,Restaurantes,7,1,0,0,1,1,0,0,4
MA,747,CAJARI,2102507.0,16652.0,7,42.036992553447035,6,85.71428571428571,Microempresa,0,0.0,7,0,0,0,0,Outros Food Service,7,0,0,0,1,1,4,1,0
RN,1701,JANDUIS,2405207.0,4794.0,7,146.01585314977055,3,42.857142857142854,Microempresa,0,0.0,7,0,0,0,0,Outros Food Service,7,0,0,0,1,2,3,1,0
RN,1657,CORONEL JOAO PESSOA,2402907.0,4279.0,7,163.5896237438654,6,85.71428571428571,Microempresa,0,0.0,7,0,0,0,0,Alimentação preparada,7,3,0,0,0,0,3,1,0
PI,334,JUREMA,2205532.0,4498.0,7,155.62472209871052,6,85.71428571428571,Microempresa,1,14.285714285714285,6,1,0,0,0,Lanchonetes,7,2,0,0,0,3,0,0,2
PI,380,SAO FRANCISCO DE ASSIS DO PIAUI,2209658.0,5722.0,7,122.3348479552604,4,57.14285714285714,Microempresa,0,0.0,7,0,0,0,0,Eventos e buffet,7,0,0,0,2,2,1,0,2
MA,735,BENEDITO LEITE,2101806.0,5601.0,7,124.9776825566863,3,42.857142857142854,Microempresa,0,0.0,7,0,0,0,0,Outros Food Service,7,0,0,0,1,2,4,0,0
PA,42,BANNACH,1501253.0,4327.0,7,161.77490177952393,5,71.42857142857143,Microempresa,0,0.0,7,0,0,0,0,Alimentação preparada,7,2,0,0,0,2,1,1,1
PI,344,MADEIRO,2205854.0,8243.0,7,84.92053863884507,4,57.14285714285714,Microempresa,0,0.0,7,0,0,0,0,Restaurantes,7,2,0,0,0,0,1,1,3
PE,2397,CUMARU,2604908.0,16179.0,7,43.26596204957043,2,28.57142857142857,Microempresa,0,0.0,7,0,0,0,0,Restaurantes,7,0,0,0,0,1,1,1,4
PE,2541,SALGADINHO,2612109.0,5346.0,7,130.9390198279087,3,42.857142857142854,Microempresa,0,0.0,7,0,0,0,0,Alimentação preparada,7,2,0,2,0,2,1,0,0
PI,310,CURRALINHOS,2203255.0,4760.0,7,147.05882352941177,4,57.14285714285714,Microempresa,0,0.0,7,0,0,0,0,Lanchonetes,7,0,0,0,1,2,1,2,1
MA,725,BACURI,2101301.0,16957.0,7,41.28088694934245,3,42.857142857142854,Microempresa,0,0.0,7,0,0,0,0,Lanchonetes,7,0,0,0,2,3,2,0,0
PB,2243,VARZEA,2517100.0,2790.0,7,250.89605734767025,5,71.42857142857143,Microempresa,0,0.0,7,0,0,0,0,Alimentação preparada,7,4,0,0,0,0,0,0,3
MA,200,NOVA COLINAS,2107258.0,5152.0,7,135.8695652173913,4,57.14285714285714,Microempresa,1,14.285714285714285,6,0,1,0,0,Lanchonetes,7,0,0,1,2,4,0,0,0
PE,2441,INGAZEIRA,2607109.0,4989.0,7,140.30867909400683,3,42.857142857142854,Microempresa,0,0.0,7,0,0,0,0,Restaurantes,7,0,0,0,0,2,1,0,4
PE,2367,CALUMBI,2603405.0,5342.0,7,131.03706476974915,4,57.14285714285714,Microempresa,0,0.0,7,0,0,0,0,Eventos e buffet,7,1,0,0,2,1,1,0,2
MG,5331,SERRA DA SAUDADE,3166600.0,857.0,7,816.8028004667444,0,0.0,Microempresa,0,0.0,7,0,0,0,0,Alimentação preparada,7,4,0,0,2,1,0,0,0
PI,2267,VARZEA BRANCA,2211357.0,5189.0,7,134.90075158990172,3,42.857142857142854,Microempresa,0,0.0,7,0,0,0,0,Restaurantes,7,2,0,0,1,0,1,0,3
MA,180,JUNCO DO MARANHAO,2105658.0,5287.0,7,132.40022697181766,2,28.57142857142857,Microempresa,0,0.0,7,0,0,0,0,Outros Food Service,7,0,0,0,0,2,4,1,0
MA,166,GOVERNADOR NEWTON BELLO,2104651.0,11004.0,7,63.61323155216285,5,71.42857142857143,Microempresa,1,14.285714285714285,6,1,0,0,0,Alimentação preparada,7,2,0,0,1,1,2,0,1
MT,6087,SAO JOSE DO POVO,5107297.0,2653.0,7,263.8522427440633,5,71.42857142857143,Microempresa,0,0.0,7,0,0,0,0,Lanchonetes,7,1,0,0,0,2,1,2,1
PI,2271,CALDEIRAO GRANDE DO PIAUI,2202091.0,5599.0,7,125.02232541525274,1,14.285714285714285,Microempresa,2,28.57142857142857,5,2,0,0,0,Outros Food Service,7,1,0,0,0,0,3,0,3
SE,3101,AMPARO DE SAO FRANCISCO,2800100.0,2199.0,7,318.32651205093225,6,85.71428571428571,Microempresa,2,28.57142857142857,5,0,2,0,0,Catering empresarial,7,0,0,4,0,1,0,2,0
SE,3203,PINHAO,2805208.0,5750.0,7,121.7391304347826,3,42.857142857142854,Microempresa,1,14.285714285714285,6,0,1,0,0,Restaurantes,7,1,1,1,0,0,0,1,3
PI,2273,JACOBINA DO PIAUI,2205151.0,5708.0,6,105.1156271899089,2,33.33333333333333,Microempresa,0,0.0,6,0,0,0,0,Padarias e confeitaria,6,1,0,0,0,1,0,2,2
MG,610,FREI LAGONEGRO,3126950.0,3486.0,6,172.1170395869191,4,66.66666666666666,Microempresa,0,0.0,6,0,0,0,0,Lanchonetes,6,0,0,1,0,4,1,0,0
PI,2257,FARTURA DO PIAUI,2203750.0,5437.0,6,110.35497517013059,4,66.66666666666666,Microempresa,0,0.0,6,0,0,0,0,Restaurantes,6,0,0,0,0,1,1,1,3
PB,524,SAO FRANCISCO,2513984.0,3163.0,6,189.69332911792603,4,66.66666666666666,Microempresa,0,0.0,6,0,0,0,0,Lanchonetes,6,0,0,0,0,2,2,0,2
RS,5935,MULITERNO,4312625.0,1754.0,6,342.0752565564424,1,16.666666666666664,Microempresa,0,0.0,6,0,0,0,0,Outros Food Service,6,0,0,0,0,1,3,2,0
MA,176,JATOBA,2105450.0,7577.0,6,79.18701332981391,6,100.0,Microempresa,0,0.0,6,0,0,0,0,Lanchonetes,6,0,0,0,1,3,0,0,2
SE,3199,PEDRA MOLE,2805000.0,2804.0,6,213.98002853067047,5,83.33333333333334,Microempresa,1,16.666666666666664,5,0,1,0,0,Restaurantes,6,0,0,1,0,1,1,1,2
AL,2735,CARNEIROS,2701803.0,9209.0,6,65.15365403409709,4,66.66666666666666,Microempresa,0,0.0,6,0,0,0,0,Alimentação preparada,6,2,0,1,0,1,0,0,2
AL,2729,CAMPO GRANDE,2701506.0,8282.0,6,72.44626901714561,1,16.666666666666664,Microempresa,0,0.0,6,0,0,0,0,Alimentação preparada,6,2,0,0,0,1,1,0,2
AL,560,CAMPESTRE,2701357.0,6809.0,6,88.11866647084742,1,16.666666666666664,Microempresa,0,0.0,6,0,0,0,0,Outros Food Service,6,0,0,0,1,2,3,0,0
PR,5495,PINHAL DE SAO BENTO,4119251.0,2813.0,6,213.29541414859582,1,16.666666666666664,Microempresa,0,0.0,6,0,0,0,0,Lanchonetes,6,0,0,0,0,3,0,0,3
AL,2773,JARAMATAIA,2703700.0,5067.0,6,118.41326228537595,2,33.33333333333333,Microempresa,0,0.0,6,0,0,0,0,Lanchonetes,6,0,0,0,0,3,1,2,0
AL,2767,JACARE DOS HOMENS,2703403.0,5179.0,6,115.85248117397181,4,66.66666666666666,Microempresa,1,16.666666666666664,5,1,0,0,0,Alimentação preparada,6,2,0,0,0,1,2,0,1
MA,186,LAGOA GRANDE DO MARANHAO,2105963.0,11749.0,6,51.068176014980004,4,66.66666666666666,Microempresa,0,0.0,6,0,0,0,0,Outros Food Service,6,0,0,0,0,1,3,0,2
MT,9023,ARAGUAINHA,5101209.0,989.0,6,606.6734074823054,5,83.33333333333334,Microempresa,0,0.0,6,0,0,0,0,Lanchonetes,6,0,0,1,0,2,1,2,0
PB,2197,SAO JOSE DOS CORDEIROS,2514800.0,3450.0,6,173.91304347826087,3,50.0,Microempresa,0,0.0,6,0,0,0,0,Restaurantes,6,1,0,0,0,0,1,1,3
MA,256,SUCUPIRA DO RIACHAO,2111953.0,5076.0,6,118.2033096926714,1,16.666666666666664,Microempresa,0,0.0,6,0,0,0,0,Outros Food Service,6,0,0,0,0,0,3,0,3
PB,2121,PEDRA BRANCA,2511004.0,3856.0,6,155.60165975103735,2,33.33333333333333,Microempresa,0,0.0,6,0,0,0,0,Outros Food Service,6,1,0,0,0,0,3,0,2
PB,2153,QUIXABA,2512606.0,1807.0,6,332.0420586607637,4,66.66666666666666,Microempresa,0,0.0,6,0,0,0,0,Alimentação preparada,6,2,0,2,0,2,0,0,0
PB,2213,SERRA DA RAIZ,2515609.0,3150.0,6,190.47619047619048,3,50.0,Microempresa,0,0.0,6,0,0,0,0,Lanchonetes,6,1,0,0,0,2,2,1,0
PI,386,SAO JOAO DA VARJOTA,2209955.0,4910.0,6,122.19959266802445,2,33.33333333333333,Microempresa,0,0.0,6,0,0,0,0,Padarias e confeitaria,6,0,0,0,0,1,0,3,2
BA,3041,SITIO DO MATO,2930758.0,14030.0,6,42.765502494654314,5,83.33333333333334,Microempresa,0,0.0,6,0,0,0,0,Lanchonetes,6,0,0,0,0,2,2,0,2
PI,346,MASSAPE DO PIAUI,2206050.0,5119.0,6,117.21039265481541,2,33.33333333333333,Microempresa,0,0.0,6,0,0,0,0,Lanchonetes,6,1,0,0,0,2,1,0,2
RN,420,MAJOR SALES,2407252.0,4104.0,6,146.19883040935673,1,16.666666666666664,Microempresa,0,0.0,6,0,0,0,0,Restaurantes,6,0,0,0,1,0,2,0,3
PI,294,CAMPO LARGO DO PIAUI,2202174.0,7699.0,6,77.93219898688142,4,66.66666666666666,Microempresa,0,0.0,6,0,0,0,0,Lanchonetes,6,0,0,0,0,3,2,0,1
MA,701,AFONSO CUNHA,2100105.0,6309.0,6,95.10223490252021,4,66.66666666666666,Microempresa,1,16.666666666666664,5,1,0,0,0,Lanchonetes,6,0,0,0,0,2,2,0,2
PE,2447,ITACURUBA,2607406.0,4491.0,6,133.6005344021376,4,66.66666666666666,Microempresa,0,0.0,6,0,0,0,0,Alimentação preparada,6,2,0,0,0,0,1,2,1
SC,938,SANTA TEREZINHA DO PROGRESSO,4215687.0,2506.0,6,239.42537909018355,2,33.33333333333333,Microempresa,0,0.0,6,0,0,0,0,Restaurantes,6,0,1,0,0,2,0,0,3
RN,1813,RIACHO DE SANTANA,2410801.0,4247.0,6,141.27619496114903,3,50.0,Microempresa,0,0.0,6,0,0,0,0,Alimentação preparada,6,2,0,0,0,1,2,0,1
TO,177,CARRASCO BONITO,1703891.0,3326.0,6,180.3968731208659,4,66.66666666666666,Microempresa,0,0.0,6,0,0,0,0,Lanchonetes,6,0,0,0,0,4,0,2,0
SC,5751,SANTA HELENA,4215554.0,2480.0,6,241.93548387096774,2,33.33333333333333,Microempresa,1,16.666666666666664,5,1,0,0,0,Restaurantes,6,0,0,0,0,1,0,1,4
RS,6047,LINHA NOVA,4311643.0,1721.0,6,348.6345148169669,3,50.0,Microempresa,0,0.0,6,0,0,0,0,Outros Food Service,6,1,0,0,0,1,3,1,0
PB,488,MATINHAS,2509339.0,4781.0,6,125.49675800041832,2,33.33333333333333,Microempresa,0,0.0,6,0,0,0,0,Restaurantes,6,0,0,0,0,2,1,0,3
TO,193,RIACHINHO,1718550.0,4020.0,6,149.2537313432836,1,16.666666666666664,Microempresa,0,0.0,6,0,0,0,0,Lanchonetes,6,0,0,0,0,4,2,0,0
RS,1010,PASSA SETE,4314068.0,4024.0,6,149.10536779324056,3,50.0,Microempresa,0,0.0,6,0,0,0,0,Lanchonetes,6,0,0,0,0,2,1,1,2
RS,1014,SETE DE SETEMBRO,4320578.0,1881.0,6,318.9792663476874,2,33.33333333333333,Microempresa,0,0.0,6,0,0,0,0,Lanchonetes,6,1,0,0,0,5,0,0,0
RS,1154,PAULO BENTO,4314134.0,2188.0,6,274.22303473491775,3,50.0,Microempresa,0,0.0,6,0,0,0,0,Outros Food Service,6,1,0,0,0,1,2,1,1
TO,325,TAIPAS DO TOCANTINS,1720937.0,2099.0,6,285.8504049547403,2,33.33333333333333,Microempresa,0,0.0,6,0,0,0,0,Lanchonetes,6,0,0,1,0,2,2,0,1
CE,1575,UMARI,2313708.0,6934.0,6,86.53014133256418,3,50.0,Microempresa,0,0.0,6,0,0,0,0,Restaurantes,6,0,0,0,0,2,0,0,4
SE,3245,TELHA,2807303.0,3405.0,6,176.2114537444934,3,50.0,Microempresa,1,16.666666666666664,5,0,1,0,0,Restaurantes,6,1,0,1,0,1,0,0,3
SE,3239,SAO MIGUEL DO ALEIXO,2807006.0,3462.0,6,173.3102253032929,3,50.0,Microempresa,1,16.666666666666664,5,0,1,0,0,Restaurantes,6,0,0,1,0,0,0,1,4
RS,5999,UNIAO DA SERRA,4322350.0,1183.0,6,507.185122569738,0,0.0,Microempresa,0,0.0,6,0,0,0,0,Restaurantes,6,0,0,0,0,2,1,0,3
RS,6027,ITAPUCA,4310579.0,1963.0,6,305.65461029037186,2,33.33333333333333,Microempresa,0,0.0,6,0,0,0,0,Lanchonetes,6,0,0,0,0,3,1,1,1
TO,335,SUCUPIRA,1720853.0,1583.0,6,379.0271636133923,4,66.66666666666666,Microempresa,0,0.0,6,0,0,0,0,Cantinas,6,1,2,0,1,2,0,0,0
PB,522,SAO DOMINGOS,2513968.0,2612.0,6,229.70903522205208,5,83.33333333333334,Microempresa,0,0.0,6,0,0,0,0,Alimentação preparada,6,2,0,1,0,1,1,1,0
RS,5971,DOIS IRMAOS DAS MISSOES,4306429.0,2132.0,6,281.42589118198873,3,50.0,Microempresa,0,0.0,6,0,0,0,0,Lanchonetes,6,1,0,0,1,2,0,2,0
TO,365,TUPIRATINS,1721307.0,1875.0,6,320.0,4,66.66666666666666,Microempresa,0,0.0,6,0,0,0,0,Restaurantes,6,0,0,2,0,0,0,0,4
RS,5965,CHARRUA,4305371.0,2800.0,6,214.2857142857143,3,50.0,Microempresa,0,0.0,6,0,0,0,0,Padarias e confeitaria,6,1,0,1,0,0,0,2,2
MG,4811,MATERLANDIA,3140605.0,3918.0,6,153.1393568147014,3,50.0,Microempresa,1,16.666666666666664,5,1,0,0,0,Lanchonetes,6,0,0,0,0,2,1,1,2
PI,1135,NOSSA SENHORA DOS REMEDIOS,2206803.0,8767.0,6,68.43846241587772,6,100.0,Microempresa,2,33.33333333333333,4,2,0,0,0,Lanchonetes,6,0,0,0,0,3,2,0,1
TO,96,SANTA RITA DO TOCANTINS,1718899.0,2306.0,6,260.19080659150046,1,16.666666666666664,Microempresa,0,0.0,6,0,0,0,0,Restaurantes,6,0,0,0,0,1,1,0,4
PB,494,PARARI,2510659.0,1739.0,6,345.02587694077056,3,50.0,Microempresa,0,0.0,6,0,0,0,0,Lanchonetes,6,0,0,1,0,3,1,0,1
RS,8401,IBARAMA,4309753.0,3787.0,6,158.43675732770004,4,66.66666666666666,Microempresa,0,0.0,6,0,0,0,0,Lanchonetes,6,0,0,0,0,4,0,0,2
PB,1985,CATINGUEIRA,2504207.0,4540.0,6,132.15859030837004,0,0.0,Microempresa,0,0.0,6,0,0,0,0,Restaurantes,6,2,0,0,0,0,1,0,3
SC,5591,NOVO HORIZONTE,4211652.0,2652.0,6,226.24434389140274,3,50.0,Microempresa,0,0.0,6,0,0,0,0,Lanchonetes,6,0,0,0,0,3,3,0,0
PB,2113,OURO VELHO,2510600.0,3003.0,6,199.8001998001998,2,33.33333333333333,Microempresa,0,0.0,6,0,0,0,0,Alimentação preparada,6,3,0,0,0,0,1,0,2
SC,946,TIGRINHOS,4217956.0,2589.0,6,231.7497103128621,2,33.33333333333333,Microempresa,1,16.666666666666664,5,1,0,0,0,Restaurantes,6,0,0,0,0,1,0,1,4
RS,8429,DEZESSEIS DE NOVEMBRO,4306353.0,2540.0,6,236.2204724409449,2,33.33333333333333,Microempresa,0,0.0,6,0,0,0,0,Outros Food Service,6,0,0,0,0,1,2,2,1
PI,394,SAO MIGUEL DO FIDALGO,2210391.0,2801.0,6,214.20921099607284,6,100.0,Microempresa,0,0.0,6,0,0,0,0,Lanchonetes,6,2,0,0,0,3,0,0,1
SE,3121,CANHOBA,2801108.0,3845.0,6,156.04681404421328,4,66.66666666666666,Microempresa,1,16.666666666666664,5,0,1,0,0,Alimentação preparada,6,3,0,0,0,0,0,0,3
TO,165,ANGICO,1701051.0,2889.0,5,173.07026652821045,5,100.0,Microempresa,0,0.0,5,0,0,0,0,Restaurantes,5,0,0,0,0,1,0,0,4
MA,144,CENTRAL DO MARANHAO,2103125.0,7209.0,5,69.35774726036898,2,40.0,Microempresa,0,0.0,5,0,0,0,0,Lanchonetes,5,0,0,0,0,2,2,0,1
MA,152,CONCEICAO DO LAGO-ACU,2103554.0,15291.0,5,32.698973252239874,5,100.0,Microempresa,0,0.0,5,0,0,0,0,Lanchonetes,5,1,0,0,0,2,2,0,0
RN,1707,JARDIM DE ANGICOS,2405504.0,2483.0,5,201.3693113169553,1,20.0,Microempresa,0,0.0,5,0,0,0,0,Outros Food Service,5,1,0,0,0,1,2,0,1
PB,2215,SERRA GRANDE,2515708.0,3068.0,5,162.97262059973926,3,60.0,Microempresa,0,0.0,5,0,0,0,0,Restaurantes,5,0,0,0,0,0,2,0,3
MA,120,BELAGUA,2101731.0,8782.0,5,56.934639034388525,3,60.0,Microempresa,0,0.0,5,0,0,0,0,Restaurantes,5,0,0,0,0,0,0,0,5
MA,110,AMAPA DO MARANHAO,2100550.0,7395.0,5,67.6132521974307,4,80.0,Microempresa,0,0.0,5,0,0,0,0,Outros Food Service,5,0,0,0,0,1,3,1,0
RN,1715,JOAO DIAS,2405900.0,2054.0,5,243.42745861733206,1,20.0,Microempresa,0,0.0,5,0,0,0,0,Lanchonetes,5,1,0,0,0,2,2,0,0
RN,1677,FRANCISCO DANTAS,2403905.0,2753.0,5,181.62005085361426,3,60.0,Microempresa,0,0.0,5,0,0,0,0,Outros Food Service,5,1,0,0,1,0,2,1,0
PI,348,MILTON BRANDAO,2206357.0,6719.0,5,74.4158356898348,2,40.0,Microempresa,0,0.0,5,0,0,0,0,Lanchonetes,5,0,0,0,0,2,2,0,1
MA,244,SAO RAIMUNDO DO DOCA BEZERRA,2111631.0,5755.0,5,86.88097306689835,1,20.0,Microempresa,2,40.0,3,0,2,0,0,Restaurantes,5,0,0,2,0,0,0,0,3
PR,832,ARIRANHA DO IVAI,4101853.0,2346.0,5,213.12872975277068,2,40.0,Microempresa,0,0.0,5,0,0,0,0,Lanchonetes,5,0,0,0,0,5,0,0,0
PR,850,ESPERANCA NOVA,4107520.0,1844.0,5,271.14967462039044,2,40.0,Microempresa,0,0.0,5,0,0,0,0,Lanchonetes,5,0,0,0,0,2,2,1,0
PI,314,FLORESTA DO PIAUI,2203859.0,2402.0,5,208.15986677768524,1,20.0,Microempresa,0,0.0,5,0,0,0,0,Outros Food Service,5,0,0,0,0,1,3,0,1
PE,2433,IBIRAJUBA,2606705.0,7325.0,5,68.25938566552901,2,40.0,Microempresa,0,0.0,5,0,0,0,0,Outros Food Service,5,0,0,0,1,0,3,0,1
MA,212,PORTO RICO DO MARANHAO,2109056.0,6092.0,5,82.07485226526593,3,60.0,Microempresa,0,0.0,5,0,0,0,0,Restaurantes,5,1,0,1,0,1,0,0,2
PI,286,CAJAZEIRAS DO PIAUI,2202075.0,3124.0,5,160.05121638924456,3,60.0,Microempresa,0,0.0,5,0,0,0,0,Restaurantes,5,0,0,0,0,2,0,0,3
AM,291,AMATURA,1300060.0,11633.0,5,42.98117424568039,3,60.0,Microempresa,0,0.0,5,0,0,0,0,Alimentação preparada,5,2,0,0,2,1,0,0,0
RN,436,TRIUNFO POTIGUAR,2414456.0,3480.0,5,143.67816091954023,3,60.0,Microempresa,0,0.0,5,0,0,0,0,Padarias e confeitaria,5,1,0,0,1,1,0,2,0
MA,194,MARANHAOZINHO,2106375.0,14097.0,5,35.46853940554728,4,80.0,Microempresa,0,0.0,5,0,0,0,0,Padarias e confeitaria,5,0,0,1,0,0,1,2,1
RN,1631,BENTO FERNANDES,2401602.0,4903.0,5,101.97838058331635,2,40.0,Microempresa,0,0.0,5,0,0,0,0,Eventos e buffet,5,1,0,0,2,0,0,0,2
PI,1227,VARZEA GRANDE,2211407.0,4524.0,5,110.52166224580019,3,60.0,Microempresa,1,20.0,4,1,0,0,0,Lanchonetes,5,1,0,0,0,2,0,0,2
RS,1146,JACUIZINHO,4310876.0,2066.0,5,242.0135527589545,3,60.0,Microempresa,0,0.0,5,0,0,0,0,Lanchonetes,5,0,0,0,0,2,1,0,2
RS,5955,RIO DOS INDIOS,4315552.0,2866.0,5,174.45917655268667,2,40.0,Microempresa,0,0.0,5,0,0,0,0,Lanchonetes,5,1,0,0,0,3,0,0,1
PB,540,VIEIROPOLIS,2517209.0,4961.0,5,100.78613182826044,1,20.0,Microempresa,0,0.0,5,0,0,0,0,Restaurantes,5,0,0,0,0,1,0,0,4
RS,1022,UBIRETAMA,4322343.0,2025.0,5,246.91358024691357,1,20.0,Microempresa,0,0.0,5,0,0,0,0,Padarias e confeitaria,5,1,0,0,0,0,0,3,1
RS,996,MAMPITUBA,4311734.0,3203.0,5,156.1036528254761,3,60.0,Microempresa,0,0.0,5,0,0,0,0,Lanchonetes,5,1,0,0,0,2,1,0,1
RS,1148,LAGOA BONITA DO SUL,4311239.0,2283.0,5,219.0100744634253,1,20.0,Microempresa,0,0.0,5,0,0,0,0,Restaurantes,5,0,0,0,1,1,0,0,3
PB,462,CAJAZEIRINHAS,2503753.0,2744.0,5,182.21574344023324,4,80.0,Microempresa,0,0.0,5,0,0,0,0,Outros Food Service,5,0,0,0,0,0,3,0,2
TO,183,MAURILANDIA DO TOCANTINS,1712801.0,3171.0,5,157.67896562598548,3,60.0,Microempresa,0,0.0,5,0,0,0,0,Lanchonetes,5,0,0,0,0,2,1,0,2
RS,978,DOUTOR RICARDO,4306759.0,1924.0,5,259.87525987525987,3,60.0,Microempresa,0,0.0,5,0,0,0,0,Lanchonetes,5,0,0,0,0,3,0,1,1
MA,172,ITAIPAVA DO GRAJAU,2105351.0,14142.0,5,35.35567812190638,2,40.0,Microempresa,2,40.0,3,0,2,0,0,Catering empresarial,5,0,0,2,0,0,1,0,2
MG,586,CATUTI,3115474.0,4771.0,5,104.79983232026828,2,40.0,Microempresa,0,0.0,5,0,0,0,0,Outros Food Service,5,1,0,0,0,0,3,0,1
PI,1293,PASSAGEM FRANCA DO PIAUI,2207751.0,4223.0,5,118.39924224484963,4,80.0,Microempresa,0,0.0,5,0,0,0,0,Outros Food Service,5,0,0,0,0,1,2,0,2
AL,2717,BELO MONTE,2700904.0,5893.0,5,84.84642796538266,3,60.0,Microempresa,0,0.0,5,0,0,0,0,Restaurantes,5,1,0,0,0,1,1,0,2
PI,2285,SAO JOSE DO DIVINO,2210052.0,5304.0,5,94.2684766214178,3,60.0,Microempresa,0,0.0,5,0,0,0,0,Restaurantes,5,0,0,0,1,0,0,0,4
SE,3237,SAO FRANCISCO,2806909.0,3337.0,5,149.8351813005694,1,20.0,Microempresa,0,0.0,5,0,0,0,0,Alimentação preparada,5,2,0,0,0,1,1,0,1
SP,790,ARCO-IRIS,3503356.0,2092.0,5,239.0057361376673,2,40.0,Microempresa,0,0.0,5,0,0,0,0,Lanchonetes,5,0,0,0,0,2,2,1,0
MG,4369,CONSOLACAO,3118502.0,1561.0,5,320.30749519538756,1,20.0,Microempresa,0,0.0,5,0,0,0,0,Restaurantes,5,0,0,0,0,1,0,1,3
PI,1075,FLORES DO PIAUI,2203800.0,4515.0,5,110.74197120708749,3,60.0,Microempresa,0,0.0,5,0,0,0,0,Lanchonetes,5,1,0,0,0,3,0,0,1
MA,885,PRIMEIRA CRUZ,2109403.0,13918.0,5,35.92470182497485,3,60.0,Microempresa,0,0.0,5,0,0,0,0,Restaurantes,5,0,0,0,0,1,0,0,4
RN,1883,TIMBAUBA DOS BATISTAS,2414308.0,2428.0,5,205.9308072487644,3,60.0,Microempresa,0,0.0,5,0,0,0,0,Outros Food Service,5,0,0,1,0,1,2,1,0
PB,2115,PASSAGEM,2510709.0,2597.0,5,192.52984212552946,3,60.0,Microempresa,1,20.0,4,0,1,0,0,Alimentação preparada,5,2,0,0,0,1,0,0,2
PI,392,SAO MIGUEL DA BAIXA GRANDE,2210383.0,2295.0,5,217.86492374727672,3,60.0,Microempresa,0,0.0,5,0,0,0,0,Lanchonetes,5,0,0,0,0,3,0,0,2
PB,2183,SAO JOAO DO TIGRE,2514107.0,4355.0,5,114.8105625717566,3,60.0,Microempresa,0,0.0,5,0,0,0,0,Lanchonetes,5,1,0,0,0,3,0,1,0
CE,1271,POTIRETAMA,2311231.0,6126.0,5,81.61932745674176,4,80.0,Microempresa,0,0.0,5,0,0,0,0,Lanchonetes,5,0,0,0,0,2,1,0,2
RN,1767,OLHO D'AGUA DO BORGES,2408409.0,3725.0,5,134.22818791946307,2,40.0,Microempresa,0,0.0,5,0,0,0,0,Alimentação preparada,5,2,0,0,0,2,0,0,1
PI,374,RIACHO FRIO,2208858.0,4235.0,5,118.06375442739079,2,40.0,Microempresa,0,0.0,5,0,0,0,0,Alimentação preparada,5,2,0,0,1,0,1,0,1
RS,8567,CAICARA,4303400.0,4931.0,5,101.3993104846887,4,80.0,Microempresa,0,0.0,5,0,0,0,0,Lanchonetes,5,0,0,0,0,3,0,1,1
PI,1091,HUGO NAPOLEAO,2204600.0,3538.0,5,141.32278123233465,4,80.0,Microempresa,0,0.0,5,0,0,0,0,Restaurantes,5,1,0,0,0,1,1,0,2
PB,2075,MAE D'AGUA,2508703.0,3575.0,5,139.86013986013987,4,80.0,Microempresa,0,0.0,5,0,0,0,0,Restaurantes,5,1,0,0,0,1,0,1,2
RN,1791,PEDRA PRETA,2409605.0,2491.0,5,200.7226013649137,1,20.0,Microempresa,0,0.0,5,0,0,0,0,Alimentação preparada,5,2,0,0,0,0,2,0,1
AM,247,JURUA,1302207.0,11106.0,5,45.020709526382134,3,60.0,Microempresa,0,0.0,5,0,0,0,0,Outros Food Service,5,0,0,1,0,0,3,0,1
PB,492,MATUREIA,2509396.0,6754.0,5,74.03020432336393,4,80.0,Microempresa,1,20.0,4,0,1,0,0,Lanchonetes,5,0,0,0,0,2,1,1,1
PB,444,AMPARO,2500734.0,2340.0,5,213.67521367521368,4,80.0,Microempresa,0,0.0,5,0,0,0,0,Alimentação preparada,5,1,1,0,1,0,0,1,1
PB,2063,LAGOA,2508109.0,4476.0,5,111.70688114387846,4,80.0,Microempresa,0,0.0,5,0,0,0,0,Outros Food Service,5,0,0,0,0,1,2,0,2
AL,2839,PINDOBA,2707008.0,2785.0,5,179.53321364452424,2,40.0,Microempresa,0,0.0,5,0,0,0,0,Outros Food Service,5,0,0,0,0,2,3,0,0
SC,940,SANTIAGO DO SUL,4215695.0,1749.0,5,285.8776443682104,1,20.0,Microempresa,0,0.0,5,0,0,0,0,Outros Food Service,5,1,0,0,0,0,3,1,0
PI,410,WALL FERRAZ,2211704.0,4185.0,5,119.47431302270012,2,40.0,Microempresa,0,0.0,5,0,0,0,0,Lanchonetes,5,0,0,0,1,3,0,1,0
TO,167,ARAGOMINAS,1701309.0,5302.0,4,75.44322897019993,2,50.0,Microempresa,0,0.0,4,0,0,0,0,Lanchonetes,4,0,0,0,0,3,1,0,0
MG,4639,ITACAMBIRA,3132008.0,4191.0,4,95.44261512765449,0,0.0,Microempresa,0,0.0,4,0,0,0,0,Alimentação preparada,4,2,0,2,0,0,0,0,0
RS,1130,CANUDOS DO VALE,4304614.0,1686.0,4,237.24792408066432,2,50.0,Microempresa,0,0.0,4,0,0,0,0,Lanchonetes,4,0,0,0,0,2,0,1,1
RS,986,FLORIANO PEIXOTO,4308250.0,1690.0,4,236.68639053254438,0,0.0,Microempresa,0,0.0,4,0,0,0,0,Outros Food Service,4,0,0,0,0,1,2,0,1
RS,1140,CRUZALTENSE,4306130.0,1650.0,4,242.42424242424244,3,75.0,Microempresa,0,0.0,4,0,0,0,0,Padarias e confeitaria,4,0,0,0,0,1,0,2,1
GO,1062,SANTA RITA DO NOVO DESTINO,5219456.0,2575.0,4,155.33980582524273,2,50.0,Microempresa,0,0.0,4,0,0,0,0,Alimentação preparada,4,2,0,0,0,0,0,0,2
PB,448,AREIA DE BARAUNAS,2501153.0,2017.0,4,198.31432821021318,2,50.0,Microempresa,1,25.0,3,0,1,0,0,Lanchonetes,4,0,0,0,0,2,1,0,1
PB,2011,VISTA SERRANA,2505501.0,3784.0,4,105.70824524312897,1,25.0,Microempresa,0,0.0,4,0,0,0,0,Restaurantes,4,1,0,0,0,1,0,0,2
PA,459,FARO,1503002.0,9208.0,4,43.440486533449175,3,75.0,Microempresa,0,0.0,4,0,0,0,0,Lanchonetes,4,0,0,1,0,2,0,1,0
PI,396,SEBASTIAO BARROS,2210623.0,3194.0,4,125.23481527864746,1,25.0,Microempresa,0,0.0,4,0,0,0,0,Outros Food Service,4,0,0,0,0,1,3,0,0
RN,438,VENHA-VER,2414753.0,2976.0,4,134.40860215053763,2,50.0,Microempresa,0,0.0,4,0,0,0,0,Restaurantes,4,1,0,0,0,1,0,0,2
PI,312,CURRAL NOVO DO PIAUI,2203271.0,5196.0,4,76.98229407236335,3,75.0,Microempresa,0,0.0,4,0,0,0,0,Lanchonetes,4,0,0,0,0,2,1,0,1
RS,5799,GENTIL,4308854.0,1784.0,4,224.2152466367713,1,25.0,Microempresa,0,0.0,4,0,0,0,0,Lanchonetes,4,0,0,0,0,2,1,0,1
PI,2265,SAO LOURENCO DO PIAUI,2210359.0,4497.0,4,88.948187680676,3,75.0,Microempresa,0,0.0,4,0,0,0,0,Restaurantes,4,0,0,0,0,0,1,1,2
PI,320,GUARIBAS,2204550.0,4339.0,4,92.18713989398478,4,100.0,Microempresa,0,0.0,4,0,0,0,0,Alimentação preparada,4,2,0,0,0,0,0,2,0
PB,2193,SAO JOSE DO BONFIM,2514602.0,3341.0,4,119.7246333433104,3,75.0,Microempresa,1,25.0,3,0,1,0,0,Restaurantes,4,0,0,0,0,0,1,1,2
PI,284,BREJO DO PIAUI,2201988.0,3958.0,4,101.0611419909045,0,0.0,Microempresa,0,0.0,4,0,0,0,0,Padarias e confeitaria,4,0,0,1,0,0,1,2,0
PI,278,BETANIA DO PIAUI,2201739.0,6607.0,4,60.54184955350386,1,25.0,Microempresa,0,0.0,4,0,0,0,0,Eventos e buffet,4,0,0,0,1,1,0,1,1
SC,8277,PRESIDENTE NEREU,4214102.0,2349.0,4,170.28522775649213,1,25.0,Microempresa,0,0.0,4,0,0,0,0,Lanchonetes,4,0,0,0,0,1,1,1,1
RS,1166,SANTA CECILIA DO SUL,4316733.0,1710.0,4,233.91812865497076,3,75.0,Microempresa,0,0.0,4,0,0,0,0,Restaurantes,4,0,0,0,0,1,1,0,2
TO,343,CENTENARIO,1704105.0,2088.0,4,191.57088122605364,1,25.0,Microempresa,0,0.0,4,0,0,0,0,Restaurantes,4,0,0,0,0,0,0,1,3
RS,5959,BARRA DO RIO AZUL,4301925.0,1721.0,4,232.4230098779779,1,25.0,Microempresa,0,0.0,4,0,0,0,0,Padarias e confeitaria,4,1,0,0,0,0,0,2,1
TO,92,OLIVEIRA DE FATIMA,1715507.0,1228.0,4,325.7328990228013,3,75.0,Microempresa,0,0.0,4,0,0,0,0,Alimentação preparada,4,3,0,0,0,1,0,0,0
PB,1945,BOM JESUS,2502201.0,2323.0,4,172.19113215669393,3,75.0,Microempresa,0,0.0,4,0,0,0,0,Alimentação preparada,4,1,0,1,1,0,0,0,1
PB,2069,LASTRO,2508406.0,3339.0,4,119.79634621144056,2,50.0,Microempresa,0,0.0,4,0,0,0,0,Eventos e buffet,4,0,0,0,2,0,2,0,0
RS,7365,POCO DAS ANTAS,4314753.0,2224.0,4,179.85611510791367,2,50.0,Microempresa,0,0.0,4,0,0,0,0,Padarias e confeitaria,4,1,0,0,0,0,0,2,1
RN,1811,RIACHO DA CRUZ,2410702.0,2708.0,4,147.7104874446086,0,0.0,Microempresa,0,0.0,4,0,0,0,0,Outros Food Service,4,0,0,0,0,0,2,0,2
AM,9837,ITAMARATI,1301951.0,12150.0,4,32.92181069958848,4,100.0,Microempresa,0,0.0,4,0,0,0,0,Padarias e confeitaria,4,0,0,0,0,0,1,3,0
RN,1799,PILOES,2410009.0,2976.0,4,134.40860215053763,2,50.0,Microempresa,0,0.0,4,0,0,0,0,Lanchonetes,4,0,0,0,0,2,0,1,1
RS,7387,MONTAURI,4312351.0,1530.0,4,261.437908496732,0,0.0,Microempresa,0,0.0,4,0,0,0,0,Restaurantes,4,0,0,0,0,0,1,0,3
SC,894,BARRA BONITA,4202099.0,1628.0,4,245.7002457002457,2,50.0,Microempresa,0,0.0,4,0,0,0,0,Lanchonetes,4,0,0,0,0,1,1,1,1
MA,182,LAGOA DO MATO,2105922.0,10804.0,3,27.76749352091818,3,100.0,Microempresa,0,0.0,3,0,0,0,0,Lanchonetes,3,0,0,0,0,3,0,0,0
MG,5363,TAPIRAI,3168200.0,1690.0,3,177.51479289940826,1,33.33333333333333,Microempresa,0,0.0,3,0,0,0,0,Restaurantes,3,0,0,0,0,1,0,0,2
PI,360,OLHO D'AGUA DO PIAUI,2207108.0,2708.0,3,110.78286558345643,2,66.66666666666666,Microempresa,0,0.0,3,0,0,0,0,Lanchonetes,3,0,0,0,0,3,0,0,0
PI,368,PEDRO LAURENTINO,2207934.0,2510.0,3,119.5219123505976,0,0.0,Empresa de Pequeno Porte,2,66.66666666666666,1,2,0,0,0,Restaurantes,3,0,0,0,0,0,0,0,3
MA,260,TUFILANDIA,2112274.0,5634.0,3,53.24813631522897,3,100.0,Microempresa,0,0.0,3,0,0,0,0,Alimentação preparada,3,2,0,0,0,0,1,0,0
PE,2291,VERTENTE DO LERIO,2616183.0,7770.0,3,38.61003861003861,2,66.66666666666666,Microempresa,0,0.0,3,0,0,0,0,Alimentação preparada,3,1,0,0,0,0,1,0,1
MA,707,ALTAMIRA DO MARANHAO,2100402.0,6534.0,3,45.91368227731864,1,33.33333333333333,Microempresa,0,0.0,3,0,0,0,0,Alimentação preparada,3,1,0,0,0,0,1,0,1
PI,1195,SAO GONCALO DO PIAUI,2209807.0,4922.0,3,60.950832994717594,3,100.0,Microempresa,0,0.0,3,0,0,0,0,Outros Food Service,3,0,0,0,0,1,2,0,0
PI,1191,SAO FELIX DO PIAUI,2209609.0,2874.0,3,104.38413361169101,0,0.0,Microempresa,0,0.0,3,0,0,0,0,Lanchonetes,3,0,0,0,0,3,0,0,0
RS,1172,SAO PEDRO DAS MISSOES,4319364.0,1790.0,3,167.5977653631285,1,33.33333333333333,Microempresa,0,0.0,3,0,0,0,0,Restaurantes,3,0,0,0,0,0,1,0,2
RS,1136,COQUEIRO BAIXO,4305835.0,1308.0,3,229.35779816513764,2,66.66666666666666,Microempresa,0,0.0,3,0,0,0,0,Lanchonetes,3,0,0,0,0,1,1,1,0
RS,6075,SAO VALERIO DO SUL,4319737.0,2593.0,3,115.69610489780177,1,33.33333333333333,Microempresa,0,0.0,3,0,0,0,0,Lanchonetes,3,0,0,0,0,1,1,1,0
RS,1006,NOVA RAMADA,4313334.0,2198.0,3,136.4877161055505,1,33.33333333333333,Microempresa,0,0.0,3,0,0,0,0,Restaurantes,3,0,0,0,0,1,0,0,2
RN,1833,SAO BENTO DO TRAIRI,2411700.0,3888.0,3,77.1604938271605,2,66.66666666666666,Microempresa,0,0.0,3,0,0,0,0,Alimentação preparada,3,1,0,1,0,1,0,0,0
SC,5595,SUL BRASIL,4217758.0,2907.0,3,103.19917440660474,1,33.33333333333333,Microempresa,0,0.0,3,0,0,0,0,Alimentação preparada,3,1,0,0,0,0,1,0,1
PI,406,VERA MENDES,2211506.0,3283.0,3,91.37983551629607,1,33.33333333333333,Microempresa,0,0.0,3,0,0,0,0,Restaurantes,3,0,0,0,0,0,1,0,2
SC,928,PAIAL,4211876.0,2022.0,3,148.3679525222552,2,66.66666666666666,Microempresa,0,0.0,3,0,0,0,0,Lanchonetes,3,0,0,0,0,1,0,1,1
SC,886,ALTO BELA VISTA,4200754.0,1834.0,3,163.57688113413303,2,66.66666666666666,Microempresa,0,0.0,3,0,0,0,0,Restaurantes,3,0,0,0,0,0,0,1,2
SC,910,CUNHATAI,4204756.0,2078.0,3,144.36958614051971,0,0.0,Microempresa,0,0.0,3,0,0,0,0,Outros Food Service,3,0,0,0,0,0,2,0,1
RN,1897,VICOSA,2414902.0,1909.0,3,157.1503404924044,1,33.33333333333333,Microempresa,0,0.0,3,0,0,0,0,Lanchonetes,3,0,0,0,0,1,1,0,1
PI,1097,ISAIAS COELHO,2204907.0,7770.0,3,38.61003861003861,1,33.33333333333333,Microempresa,0,0.0,3,0,0,0,0,Eventos e buffet,3,0,0,0,1,0,1,0,1
RN,1873,TABOLEIRO GRANDE,2413805.0,2411.0,3,124.4296972210701,2,66.66666666666666,Microempresa,0,0.0,3,0,0,0,0,Lanchonetes,3,1,0,0,0,2,0,0,0
PI,1188,AROEIRAS DO ITAIM,2200954.0,2787.0,3,107.64262648008611,1,33.33333333333333,Microempresa,0,0.0,3,0,0,0,0,Restaurantes,3,0,0,0,0,0,0,0,3
RS,1164,ROLADOR,4315958.0,2330.0,3,128.75536480686696,2,66.66666666666666,Microempresa,0,0.0,3,0,0,0,0,Lanchonetes,3,0,0,0,0,1,0,1,1
RN,1607,AGUA NOVA,2400406.0,3030.0,3,99.00990099009901,1,33.33333333333333,Microempresa,0,0.0,3,0,0,0,0,Lanchonetes,3,0,0,0,0,1,1,0,1
PI,328,JOCA MARQUES,2205458.0,5566.0,3,53.89867049946101,2,66.66666666666666,Microempresa,0,0.0,3,0,0,0,0,Eventos e buffet,3,0,0,0,1,0,1,0,1
PI,318,GEMINIANO,2204352.0,5619.0,3,53.39028296849973,1,33.33333333333333,Microempresa,0,0.0,3,0,0,0,0,Alimentação preparada,3,1,0,0,0,0,1,1,0
BA,3447,CATOLANDIA,2907400.0,3566.0,3,84.12787436904094,0,0.0,Microempresa,0,0.0,3,0,0,0,0,Outros Food Service,3,0,0,0,0,0,2,0,1
MA,132,BREJO DE AREIA,2102150.0,9343.0,3,32.109600770630415,2,66.66666666666666,Microempresa,0,0.0,3,0,0,0,0,Eventos e buffet,3,0,0,0,1,0,1,0,1
RN,1617,ANTONIO MARTINS,2400901.0,6722.0,3,44.629574531389466,2,66.66666666666666,Microempresa,0,0.0,3,0,0,0,0,Alimentação preparada,3,2,0,0,0,1,0,0,0
MA,138,CACHOEIRA GRANDE,2102374.0,10057.0,3,29.829969175698515,0,0.0,Microempresa,1,33.33333333333333,2,1,0,0,0,Lanchonetes,3,0,0,0,0,3,0,0,0
MA,118,BACURITUBA,2101350.0,5376.0,3,55.80357142857142,1,33.33333333333333,Microempresa,0,0.0,3,0,0,0,0,Lanchonetes,3,0,0,0,0,2,0,0,1
PI,372,PORTO ALEGRE DO PIAUI,2208551.0,2373.0,3,126.42225031605564,2,66.66666666666666,Microempresa,0,0.0,3,0,0,0,0,Lanchonetes,3,0,0,0,0,2,0,0,1
AM,967,GUAJARA,1301654.0,14356.0,3,20.897185845639452,3,100.0,Microempresa,0,0.0,3,0,0,0,0,Lanchonetes,3,1,0,0,0,2,0,0,0
RS,5947,ENGENHO VELHO,4306924.0,1315.0,2,152.0912547528517,2,100.0,Microempresa,0,0.0,2,0,0,0,0,Outros Food Service,2,0,0,0,0,0,1,1,0
RS,8741,MARIANO MORO,4312005.0,1884.0,2,106.15711252653928,0,0.0,Microempresa,0,0.0,2,0,0,0,0,Lanchonetes,2,0,0,0,0,1,0,0,1
MA,246,SAO ROBERTO,2111672.0,4554.0,2,43.91743522178305,2,100.0,Microempresa,0,0.0,2,0,0,0,0,Eventos e buffet,2,0,0,0,1,0,0,0,1
MA,192,MARAJA DO SENA,2106359.0,7142.0,2,28.003360403248394,0,0.0,Microempresa,0,0.0,2,0,0,0,0,Restaurantes,2,0,0,0,0,0,0,0,2
PI,2287,BOM PRINCIPIO DO PIAUI,2201919.0,5821.0,2,34.35835767050335,0,0.0,Microempresa,0,0.0,2,0,0,0,0,Restaurantes,2,0,0,0,0,0,0,0,2
RN,412,BODO,2401651.0,2357.0,2,84.8536274925753,0,0.0,Microempresa,0,0.0,2,0,0,0,0,Eventos e buffet,2,0,0,0,1,1,0,0,0
PI,1104,PAU D'ARCO DO PIAUI,2207793.0,3986.0,2,50.175614651279474,0,0.0,Microempresa,0,0.0,2,0,0,0,0,Alimentação preparada,2,2,0,0,0,0,0,0,0
PI,358,NOVO SANTO ANTONIO,2206951.0,2889.0,2,69.22810661128419,1,50.0,Microempresa,0,0.0,2,0,0,0,0,Lanchonetes,2,0,0,0,0,1,1,0,0
RN,1771,PARANA,2408607.0,4050.0,2,49.382716049382715,2,100.0,Microempresa,0,0.0,2,0,0,0,0,Lanchonetes,2,0,0,0,0,1,0,0,1
PI,342,LAGOA DO SITIO,2205599.0,4555.0,2,43.90779363336992,2,100.0,Microempresa,0,0.0,2,0,0,0,0,Lanchonetes,2,0,0,0,0,2,0,0,0
PI,352,MORRO DO CHAPEU DO PIAUI,2206670.0,6546.0,2,30.553009471432937,0,0.0,Microempresa,0,0.0,2,0,0,0,0,Lanchonetes,2,0,0,0,0,1,0,0,1
PB,2189,SAO JOSE DE ESPINHARAS,2514404.0,4015.0,2,49.813200498132005,1,50.0,Microempresa,0,0.0,2,0,0,0,0,Alimentação preparada,2,1,0,1,0,0,0,0,0
PI,364,PAQUETA,2207553.0,3842.0,2,52.05622071837585,0,0.0,Microempresa,0,0.0,2,0,0,0,0,Lanchonetes,2,0,0,0,0,1,1,0,0
AP,673,PRACUUBA,1600550.0,4053.0,2,49.34616333580064,2,100.0,Microempresa,0,0.0,2,0,0,0,0,Catering empresarial,2,0,0,1,0,0,1,0,0
MA,158,FERNANDO FALCAO,2104081.0,11250.0,2,17.77777777777778,1,50.0,Microempresa,0,0.0,2,0,0,0,0,Outros Food Service,2,0,0,0,0,0,1,1,0
MA,198,MILAGRES DO MARANHAO,2106672.0,9079.0,2,22.02885780372288,2,100.0,Microempresa,0,0.0,2,0,0,0,0,Restaurantes,2,0,0,0,0,0,0,0,2
MA,164,GOVERNADOR LUIZ ROCHA,2104628.0,7213.0,2,27.72771384999307,2,100.0,Microempresa,0,0.0,2,0,0,0,0,Lanchonetes,2,0,0,0,0,1,0,0,1
PE,2587,SOLIDAO,2614402.0,5371.0,2,37.237013591509964,0,0.0,Microempresa,0,0.0,2,0,0,0,0,Outros Food Service,2,0,0,0,0,0,2,0,0
MA,254,SERRANO DO MARANHAO,2111789.0,10488.0,2,19.06941266209001,2,100.0,Microempresa,0,0.0,2,0,0,0,0,Lanchonetes,2,0,0,0,0,1,0,1,0
PE,2601,TEREZINHA,2615102.0,6850.0,2,29.197080291970806,1,50.0,Microempresa,0,0.0,2,0,0,0,0,Lanchonetes,2,0,0,0,0,1,1,0,0
PI,326,JOAO COSTA,2205359.0,3034.0,2,65.91957811470006,1,50.0,Microempresa,0,0.0,2,0,0,0,0,Lanchonetes,2,0,0,0,0,2,0,0,0
RS,5963,CENTENARIO,4305116.0,2777.0,2,72.02016564638099,0,0.0,Microempresa,0,0.0,2,0,0,0,0,Restaurantes,2,0,0,0,0,0,0,0,2
MG,4311,CEDRO DO ABAETE,3115607.0,1078.0,2,185.5287569573284,0,0.0,Microempresa,0,0.0,2,0,0,0,0,Lanchonetes,2,0,0,0,0,1,1,0,0
MG,678,PAI PEDRO,3146552.0,5599.0,2,35.72066440435792,1,50.0,Microempresa,0,0.0,2,0,0,0,0,Lanchonetes,2,0,0,0,0,2,0,0,0
BA,3699,MACURURE,2919900.0,7417.0,2,26.965080221113656,1,50.0,Microempresa,0,0.0,2,0,0,0,0,Restaurantes,2,0,0,0,0,0,0,0,2
MA,815,LAGO DO JUNCO,2105807.0,9676.0,2,20.669698222405952,0,0.0,Microempresa,0,0.0,2,0,0,0,0,Outros Food Service,2,0,0,0,0,0,1,0,1
PI,378,SANTO ANTONIO DOS MILAGRES,2209450.0,2173.0,2,92.03865623561896,1,50.0,Microempresa,0,0.0,2,0,0,0,0,Outros Food Service,2,0,0,0,0,0,2,0,0
BA,3681,LAJEDINHO,2919009.0,3600.0,2,55.55555555555556,1,50.0,Microempresa,0,0.0,2,0,0,0,0,Lanchonetes,2,0,0,0,0,1,0,0,1
TO,98,SANTA TEREZINHA DO TOCANTINS,1720002.0,2459.0,2,81.3338755591704,0,0.0,Microempresa,0,0.0,2,0,0,0,0,Restaurantes,2,0,0,0,0,0,0,0,2
SC,5755,SAO MIGUEL DA BOA VISTA,4217154.0,1766.0,2,113.25028312570782,0,0.0,Microempresa,0,0.0,2,0,0,0,0,Outros Food Service,2,0,0,0,0,0,1,1,0
PB,530,SAO JOSE DO BREJO DO CRUZ,2514651.0,1753.0,2,114.09013120365087,1,50.0,Microempresa,0,0.0,2,0,0,0,0,Alimentação preparada,2,1,0,0,0,0,0,0,1
PI,366,PAVUSSU,2207850.0,3696.0,1,27.056277056277057,0,0.0,Microempresa,0,0.0,1,0,0,0,0,Padarias e confeitaria,1,0,0,0,0,0,0,1,0
MG,580,CAMPO AZUL,3111150.0,3810.0,1,26.246719160104988,1,100.0,Microempresa,0,0.0,1,0,0,0,0,Lanchonetes,1,0,0,0,0,1,0,0,0
MA,845,NOVA IORQUE,2107308.0,4405.0,1,22.701475595913735,1,100.0,Microempresa,0,0.0,1,0,0,0,0,Restaurantes,1,0,0,0,0,0,0,0,1
RS,958,BENJAMIN CONSTANT DO SUL,4302055.0,2118.0,1,47.214353163361665,1,100.0,Microempresa,0,0.0,1,0,0,0,0,Restaurantes,1,0,0,0,0,0,0,0,1
RS,5967,PONTE PRETA,4314787.0,1602.0,1,62.421972534332085,0,0.0,Microempresa,0,0.0,1,0,0,0,0,Restaurantes,1,0,0,0,0,0,0,0,1
PI,2281,SANTANA DO PIAUI,2209351.0,4114.0,1,24.307243558580456,0,0.0,Microempresa,0,0.0,1,0,0,0,0,Lanchonetes,1,0,0,0,0,1,0,0,0
